// Generated by GIF2OLED — SheenBot LMS
// 76 frames, 128x64, vertical

#ifndef _CHINESE_SPORT_GIF_H_
#define _CHINESE_SPORT_GIF_H_

#include <stdint.h>
#include <Arduino.h>

#define CHINESE_SPORT_GIF_WIDTH 128
#define CHINESE_SPORT_GIF_HEIGHT 64
#define CHINESE_SPORT_GIF_FRAME_COUNT 76
#define CHINESE_SPORT_GIF_BYTES_PER_FRAME 1024

const uint16_t Chinese_Sport_GIF_delays[76] = { 70, 60, 70, 70, 60, 70, 70, 60, 70, 70, 60, 70, 70, 60, 70, 70, 60, 70, 70, 60, 70, 70, 60, 70, 70, 60, 70, 70, 60, 70, 70, 60, 70, 70, 60, 70, 70, 60, 70, 70, 60, 70, 70, 60, 70, 70, 60, 70, 70, 60, 70, 70, 60, 70, 70, 60, 70, 70, 60, 70, 70, 60, 70, 70, 60, 70, 70, 60, 70, 70, 60, 70, 70, 60, 70, 70 };

const uint8_t Chinese_Sport_GIF_frames[76][1024] PROGMEM = {
  // Frame 0
  {
    0x00, 0x00, 0x00, 0x00, 0x00, 0x00, 0x00, 0x00, 0x00, 0x00, 0x00, 0x00, 0x00, 0x00, 0x00, 0x00,
    0x00, 0x00, 0x00, 0x40, 0x00, 0x00, 0x20, 0x20, 0x30, 0x10, 0x10, 0x18, 0x18, 0x34, 0x08, 0x10,
    0x00, 0x08, 0x01, 0x08, 0x08, 0x0d, 0x01, 0x00, 0x08, 0x04, 0x01, 0x05, 0x01, 0x00, 0x8e, 0x87,
    0xc2, 0xc7, 0xc1, 0xc1, 0x05, 0xe1, 0x24, 0x84, 0x81, 0x80, 0x01, 0x01, 0x04, 0x03, 0x07, 0x05,
    0x04, 0x01, 0x00, 0x01, 0x00, 0x00, 0x00, 0x00, 0x04, 0x00, 0x10, 0x00, 0x00, 0x04, 0x00, 0x00,
    0x00, 0x10, 0x00, 0x00, 0x40, 0x00, 0x90, 0x00, 0x20, 0x40, 0x00, 0x00, 0x00, 0x00, 0x00, 0x00,
    0x00, 0x00, 0x00, 0x00, 0x18, 0x00, 0x00, 0x00, 0x10, 0x00, 0x10, 0x00, 0x10, 0x10, 0x00, 0x10,
    0x00, 0x10, 0x10, 0x00, 0x00, 0x00, 0x10, 0x00, 0x00, 0x18, 0x00, 0x18, 0x00, 0x00, 0x00, 0x00,
    0x00, 0x00, 0x00, 0x00, 0x20, 0x00, 0x00, 0x00, 0x00, 0x00, 0x00, 0x00, 0x00, 0x00, 0x00, 0x00,
    0x00, 0x00, 0x00, 0x00, 0x00, 0x00, 0x00, 0x00, 0x00, 0x00, 0x00, 0x00, 0x00, 0x00, 0x00, 0x00,
    0x00, 0x00, 0x00, 0x00, 0x00, 0x00, 0x00, 0x30, 0x60, 0x62, 0xd2, 0xc6, 0xe6, 0xee, 0xee, 0x74,
    0x11, 0x9b, 0x09, 0x1f, 0xfe, 0xfa, 0xf2, 0xe2, 0x60, 0xd2, 0xd6, 0xfa, 0x4a, 0x38, 0x00, 0x00,
    0x00, 0x00, 0x80, 0x00, 0x00, 0x80, 0x00, 0x00, 0x00, 0x40, 0x00, 0x00, 0x00, 0x00, 0x00, 0x00,
    0x00, 0x00, 0x00, 0x00, 0x00, 0x00, 0x00, 0x00, 0x00, 0x00, 0x00, 0x00, 0x00, 0x00, 0x00, 0x00,
    0x00, 0x00, 0x00, 0x00, 0x00, 0x00, 0x00, 0x00, 0x00, 0x00, 0x00, 0x00, 0x00, 0x00, 0x00, 0x00,
    0x00, 0x00, 0x00, 0x00, 0x00, 0x00, 0x00, 0x00, 0x00, 0x00, 0x00, 0x00, 0x00, 0x00, 0x00, 0x00,
    0x00, 0x00, 0x00, 0x00, 0x00, 0x00, 0x00, 0x00, 0x00, 0x00, 0x00, 0x00, 0x00, 0x00, 0x00, 0x00,
    0x00, 0x00, 0x00, 0x00, 0x00, 0x00, 0x00, 0x00, 0x00, 0x00, 0x20, 0x00, 0x00, 0x00, 0x00, 0x00,
    0x00, 0x00, 0x00, 0x00, 0x00, 0x00, 0x00, 0x00, 0x00, 0x00, 0x00, 0x01, 0x01, 0x03, 0x00, 0x00,
    0x60, 0x00, 0x40, 0x60, 0xe0, 0xe1, 0xc8, 0x71, 0x21, 0x00, 0x00, 0x03, 0x00, 0x00, 0x80, 0x00,
    0x00, 0x02, 0x02, 0x00, 0x00, 0x00, 0x00, 0x00, 0x01, 0x00, 0x00, 0x00, 0x00, 0x00, 0x00, 0x00,
    0x00, 0x00, 0x00, 0x00, 0x00, 0x00, 0x00, 0x00, 0x00, 0x00, 0x00, 0x00, 0x00, 0x00, 0x00, 0x00,
    0x00, 0x00, 0x00, 0x80, 0x80, 0xc0, 0xc0, 0xc0, 0x80, 0x80, 0x00, 0x00, 0x00, 0x00, 0x00, 0x00,
    0x00, 0x00, 0x00, 0x00, 0x00, 0x00, 0x00, 0x00, 0x00, 0x00, 0x00, 0x00, 0x00, 0x00, 0x00, 0x00,
    0x00, 0x00, 0x00, 0x00, 0x00, 0x00, 0x00, 0x00, 0x00, 0x00, 0x00, 0x00, 0x00, 0x80, 0x80, 0x00,
    0x00, 0xc0, 0xc0, 0xe8, 0xd0, 0x80, 0x00, 0x00, 0x20, 0x40, 0x00, 0x00, 0x00, 0x00, 0x00, 0x00,
    0x00, 0x00, 0x00, 0x00, 0x00, 0x00, 0x00, 0x00, 0x00, 0x10, 0x08, 0x00, 0x20, 0x20, 0x70, 0x34,
    0x98, 0x68, 0x58, 0x2c, 0x0a, 0x00, 0x04, 0xd8, 0xe1, 0x82, 0x0b, 0x3a, 0xf6, 0x08, 0x10, 0xc0,
    0x00, 0x20, 0x50, 0xa0, 0x00, 0xe0, 0xc0, 0x00, 0x00, 0x00, 0x00, 0x00, 0x00, 0x00, 0x00, 0x00,
    0x00, 0x00, 0x00, 0x00, 0x00, 0x00, 0x00, 0x00, 0x00, 0x00, 0x00, 0x00, 0x00, 0x00, 0x00, 0x00,
    0x80, 0x00, 0x82, 0x00, 0x01, 0x03, 0x03, 0x03, 0x02, 0x03, 0x01, 0x00, 0x40, 0x00, 0x00, 0x00,
    0x00, 0x00, 0x00, 0x00, 0x00, 0x00, 0x00, 0x00, 0x00, 0x00, 0x00, 0x00, 0x00, 0x00, 0x00, 0x00,
    0x00, 0x00, 0x00, 0x00, 0x00, 0x00, 0x00, 0xc0, 0xc0, 0x00, 0x00, 0x08, 0x38, 0x38, 0x79, 0xfe,
    0xff, 0xfd, 0xfa, 0xff, 0xdf, 0x7e, 0xff, 0xf8, 0x00, 0x00, 0x03, 0x08, 0x18, 0xf2, 0xc0, 0x00,
    0x00, 0x00, 0x00, 0x80, 0x00, 0x00, 0x80, 0x80, 0x80, 0x82, 0x04, 0x0c, 0x30, 0x70, 0xc0, 0x80,
    0x01, 0x82, 0x46, 0xf0, 0xf8, 0xfd, 0xf3, 0x67, 0x0f, 0x03, 0x80, 0xc0, 0xff, 0x7e, 0xcc, 0xcf,
    0xfb, 0x1c, 0x70, 0xc1, 0x80, 0x0c, 0xf5, 0x0f, 0x30, 0xc0, 0x00, 0x02, 0xea, 0x00, 0xf0, 0x38,
    0x80, 0x08, 0x10, 0xc0, 0x00, 0x00, 0x08, 0x10, 0x00, 0x30, 0x22, 0x40, 0x83, 0x00, 0x00, 0x0c,
    0x30, 0x00, 0x00, 0x23, 0x40, 0x01, 0x00, 0x0c, 0x00, 0x8c, 0x00, 0x30, 0x40, 0x00, 0x40, 0x00,
    0x04, 0xc0, 0x00, 0x00, 0x00, 0x00, 0x00, 0x00, 0x00, 0x00, 0x00, 0x00, 0x00, 0x00, 0x00, 0x00,
    0x00, 0x00, 0x00, 0x00, 0x00, 0x00, 0x80, 0x11, 0x23, 0x27, 0xe6, 0xcc, 0xdc, 0xdc, 0xf8, 0xe9,
    0xf0, 0xf3, 0xa1, 0xc7, 0x0b, 0x8f, 0x15, 0x2f, 0xd0, 0x80, 0x00, 0x00, 0x00, 0x00, 0x03, 0x07,
    0x0c, 0x08, 0x10, 0x00, 0x01, 0x00, 0x00, 0x01, 0x08, 0x0d, 0x01, 0x00, 0x02, 0x00, 0x00, 0x01,
    0x03, 0x05, 0x9a, 0xbe, 0xbd, 0x88, 0xc1, 0xc0, 0xe0, 0xfe, 0xc3, 0xdf, 0xfd, 0xed, 0xc1, 0xaf,
    0xff, 0xb0, 0xa1, 0xbf, 0x9e, 0x92, 0x38, 0x98, 0xb0, 0xd0, 0xda, 0x98, 0xb0, 0x30, 0x33, 0x08,
    0x0f, 0x40, 0x54, 0x40, 0xd0, 0x80, 0x40, 0x82, 0x00, 0x02, 0x08, 0x30, 0x00, 0x00, 0x00, 0x00,
    0x00, 0x00, 0x00, 0x00, 0x00, 0x00, 0x40, 0x00, 0x03, 0x00, 0x03, 0x00, 0x00, 0x20, 0x00, 0x00,
    0x00, 0x00, 0x00, 0x00, 0x00, 0x00, 0x00, 0x00, 0x00, 0x00, 0x00, 0x00, 0x00, 0x00, 0x00, 0x00,
    0x00, 0x40, 0x20, 0x20, 0x10, 0x10, 0x81, 0x0b, 0x8a, 0xca, 0x5c, 0x54, 0x05, 0x05, 0x17, 0xd7,
    0x53, 0x13, 0x2f, 0x2f, 0xaf, 0xc7, 0x4f, 0x2c, 0xac, 0x48, 0x72, 0xb0, 0xd0, 0xe0, 0xf0, 0xf0,
    0xf0, 0xb8, 0x18, 0x98, 0xe8, 0xf4, 0x78, 0xf8, 0x3c, 0x38, 0x7c, 0x3c, 0x1c, 0x1e, 0x1e, 0x07,
    0x0b, 0x0b, 0x05, 0x87, 0xc7, 0xe5, 0xe1, 0xe3, 0xe3, 0xe3, 0xe2, 0x02, 0x82, 0x8a, 0x83, 0x02,
    0xc2, 0xc2, 0xc0, 0xc0, 0x40, 0x06, 0xcf, 0xdb, 0x53, 0xf6, 0x04, 0x05, 0x01, 0x01, 0x03, 0x01,
    0x09, 0x0b, 0x43, 0x07, 0x74, 0xf0, 0xfa, 0x5b, 0x59, 0x58, 0xf0, 0x80, 0x80, 0x40, 0x80, 0x00,
    0xc0, 0xc0, 0xc0, 0xc0, 0x60, 0x20, 0x20, 0x20, 0x40, 0x00, 0x10, 0x10, 0x10, 0x10, 0x50, 0x00,
    0xa0, 0xa0, 0x80, 0x40, 0x00, 0x00, 0x00, 0x00, 0x00, 0x00, 0x00, 0x00, 0x00, 0x00, 0x00, 0x00,
    0x00, 0x04, 0x00, 0x02, 0x00, 0x01, 0x01, 0x00, 0x00, 0x10, 0x08, 0x04, 0x02, 0x02, 0x01, 0x10,
    0x08, 0x84, 0x40, 0x03, 0x00, 0x00, 0x00, 0x01, 0x20, 0x00, 0x02, 0x01, 0x01, 0x00, 0x00, 0x00,
    0xfe, 0x00, 0x00, 0x00, 0x00, 0x01, 0x00, 0x00, 0x00, 0x00, 0x00, 0x00, 0x00, 0x00, 0x00, 0x00,
    0x00, 0x04, 0x00, 0x00, 0x01, 0x01, 0x01, 0x01, 0x01, 0x03, 0x00, 0x3c, 0x1f, 0x0f, 0x80, 0x40,
    0x3f, 0x1f, 0x0b, 0x03, 0x00, 0x00, 0x0e, 0x00, 0x00, 0x00, 0x8f, 0x70, 0x00, 0x00, 0x00, 0x02,
    0x00, 0x00, 0x00, 0xf0, 0x00, 0x00, 0x00, 0x02, 0x00, 0x00, 0x00, 0x00, 0x00, 0x00, 0x00, 0x00,
    0x00, 0x00, 0x01, 0x00, 0x00, 0x01, 0x00, 0x01, 0x00, 0x00, 0x00, 0x00, 0x00, 0x00, 0x00, 0x00,
    0x00, 0x07, 0x01, 0x3c, 0x20, 0x00, 0x00, 0x00, 0x00, 0x00, 0x00, 0x00, 0x00, 0x00, 0x00, 0x00
  },
  // Frame 1
  {
    0x00, 0x00, 0x00, 0x00, 0x00, 0x00, 0x00, 0x00, 0x00, 0x00, 0x00, 0x00, 0x00, 0x00, 0x00, 0x00,
    0x00, 0x00, 0x00, 0x40, 0x00, 0x20, 0x20, 0x00, 0x30, 0x10, 0x10, 0x18, 0x18, 0x24, 0x08, 0x10,
    0x00, 0x08, 0x01, 0x08, 0x08, 0x09, 0x01, 0x00, 0x08, 0x04, 0x01, 0x07, 0x01, 0x02, 0x86, 0x83,
    0xc2, 0xc5, 0xc1, 0xc1, 0x05, 0xe5, 0xa0, 0x80, 0xc1, 0x80, 0x03, 0x05, 0x02, 0x03, 0x03, 0x05,
    0x06, 0x01, 0x00, 0x01, 0x00, 0x00, 0x00, 0x00, 0x04, 0x00, 0x00, 0x00, 0x00, 0x04, 0x00, 0x00,
    0x00, 0x10, 0x00, 0x00, 0x40, 0x00, 0x90, 0x00, 0x00, 0x40, 0x00, 0x00, 0x00, 0x00, 0x00, 0x00,
    0x00, 0x00, 0x00, 0x00, 0x18, 0x00, 0x00, 0x00, 0x10, 0x00, 0x10, 0x00, 0x10, 0x10, 0x00, 0x10,
    0x00, 0x10, 0x10, 0x00, 0x00, 0x00, 0x10, 0x00, 0x00, 0x18, 0x00, 0x18, 0x00, 0x00, 0x00, 0x00,
    0x00, 0x00, 0x00, 0x00, 0x00, 0x00, 0x00, 0x40, 0x00, 0x00, 0x00, 0x00, 0x00, 0x00, 0x00, 0x00,
    0x00, 0x00, 0x00, 0x00, 0x00, 0x00, 0x00, 0x00, 0x00, 0x00, 0x00, 0x00, 0x00, 0x00, 0x00, 0x00,
    0x00, 0x00, 0x00, 0x00, 0x00, 0x00, 0x00, 0x30, 0x60, 0x72, 0xf2, 0xc6, 0xe6, 0xf6, 0xee, 0x74,
    0x11, 0x9b, 0x08, 0x1e, 0xfe, 0xfb, 0xf2, 0xe0, 0x60, 0xd2, 0xd6, 0xfa, 0x4a, 0x38, 0x00, 0x00,
    0x00, 0x00, 0x80, 0x00, 0x00, 0x80, 0x00, 0x00, 0x00, 0x40, 0x00, 0x00, 0x00, 0x00, 0x00, 0x00,
    0x00, 0x00, 0x00, 0x00, 0x00, 0x00, 0x00, 0x00, 0x04, 0x00, 0x00, 0x00, 0x00, 0x00, 0x00, 0x00,
    0x00, 0x00, 0x00, 0x00, 0x00, 0x00, 0x00, 0x00, 0x00, 0x00, 0x00, 0x00, 0x00, 0x00, 0x00, 0x00,
    0x00, 0x00, 0x00, 0x00, 0x00, 0x00, 0x00, 0x00, 0x00, 0x00, 0x00, 0x00, 0x00, 0x00, 0x00, 0x00,
    0x00, 0x00, 0x00, 0x00, 0x00, 0x00, 0x00, 0x00, 0x00, 0x00, 0x00, 0x00, 0x00, 0x00, 0x00, 0x00,
    0x00, 0x00, 0x00, 0x00, 0x00, 0x00, 0x00, 0x00, 0x00, 0x00, 0x20, 0x00, 0x00, 0x00, 0x00, 0x00,
    0x00, 0x00, 0x00, 0x00, 0x00, 0x00, 0x00, 0x00, 0x00, 0x00, 0x00, 0x03, 0x01, 0x03, 0x00, 0x00,
    0x60, 0x00, 0x40, 0x60, 0xe0, 0xe0, 0xe8, 0x70, 0x31, 0x00, 0x01, 0x03, 0x00, 0x00, 0x80, 0x00,
    0x00, 0x02, 0x02, 0x00, 0x00, 0x00, 0x00, 0x01, 0x00, 0x00, 0x00, 0x00, 0x00, 0x00, 0x00, 0x00,
    0x00, 0x00, 0x00, 0x00, 0x00, 0x00, 0x00, 0x00, 0x00, 0x00, 0x00, 0x00, 0x00, 0x00, 0x00, 0x00,
    0x00, 0x00, 0x00, 0x80, 0xc0, 0xc0, 0x80, 0x80, 0x80, 0x80, 0x00, 0x00, 0x00, 0x00, 0x00, 0x00,
    0x00, 0x00, 0x00, 0x00, 0x00, 0x00, 0x00, 0x00, 0x00, 0x00, 0x00, 0x00, 0x00, 0x00, 0x00, 0x00,
    0x00, 0x00, 0x00, 0x00, 0x00, 0x00, 0x00, 0x00, 0x00, 0x00, 0x00, 0x00, 0x00, 0x80, 0x80, 0x00,
    0x40, 0xc0, 0xc0, 0xf8, 0xd0, 0x00, 0x00, 0x00, 0x20, 0x40, 0x00, 0x00, 0x00, 0x00, 0x00, 0x00,
    0x00, 0x00, 0x00, 0x00, 0x00, 0x00, 0x00, 0x00, 0x00, 0x10, 0x08, 0x00, 0x60, 0x20, 0x70, 0x34,
    0xd8, 0xf8, 0x5a, 0x1c, 0x08, 0x00, 0x04, 0xd8, 0xe1, 0x82, 0x0b, 0x3a, 0xf6, 0x08, 0x10, 0xc0,
    0x00, 0x20, 0x50, 0xa0, 0x00, 0x60, 0xc0, 0x00, 0x00, 0x00, 0x00, 0x00, 0x00, 0x00, 0x00, 0x00,
    0x00, 0x00, 0x00, 0x00, 0x00, 0x00, 0x00, 0x00, 0x00, 0x00, 0x00, 0x00, 0x00, 0x00, 0x00, 0x00,
    0x00, 0x00, 0x00, 0x01, 0x01, 0x03, 0x03, 0x03, 0x03, 0x03, 0x01, 0x80, 0x00, 0x00, 0x00, 0x00,
    0x00, 0x00, 0x00, 0x00, 0x00, 0x00, 0x00, 0x00, 0x00, 0x00, 0x00, 0x00, 0x00, 0x00, 0x00, 0x00,
    0x00, 0x00, 0x00, 0x00, 0x00, 0x00, 0x00, 0xc0, 0x80, 0x00, 0x00, 0x18, 0x38, 0x78, 0x73, 0xfe,
    0xff, 0xff, 0xff, 0xfe, 0xbd, 0xff, 0xfe, 0xf0, 0x00, 0x00, 0x03, 0x04, 0x58, 0x70, 0xc0, 0x00,
    0x00, 0x00, 0x00, 0x80, 0x00, 0x00, 0x80, 0x80, 0x80, 0x82, 0x04, 0x1c, 0x30, 0x70, 0xc0, 0x80,
    0x01, 0x82, 0x46, 0xf0, 0xf8, 0xf9, 0xf3, 0x67, 0x0f, 0x03, 0xc0, 0xc0, 0xff, 0x3e, 0xec, 0xff,
    0xf3, 0x1c, 0x70, 0xc1, 0x80, 0x0c, 0xf5, 0x0f, 0x30, 0xc0, 0x00, 0x02, 0xea, 0x00, 0xf0, 0x38,
    0x00, 0x08, 0x10, 0xc0, 0x00, 0x00, 0x00, 0x10, 0x40, 0x10, 0x00, 0x00, 0x80, 0x02, 0x00, 0x0c,
    0x20, 0x00, 0x00, 0x21, 0x40, 0x01, 0x00, 0x00, 0x00, 0x08, 0x00, 0x30, 0x00, 0x00, 0x00, 0x00,
    0x00, 0x80, 0x00, 0x00, 0x00, 0x00, 0x00, 0x00, 0x00, 0x00, 0x00, 0x00, 0x00, 0x00, 0x00, 0x00,
    0x00, 0x00, 0x00, 0x00, 0x00, 0x80, 0x00, 0x33, 0x27, 0xc7, 0xce, 0xcc, 0xdc, 0xfc, 0xf8, 0xf9,
    0xf3, 0xb3, 0xc7, 0x43, 0x8f, 0x16, 0x3f, 0x7c, 0xb0, 0x00, 0x00, 0x00, 0x00, 0x01, 0x03, 0x07,
    0x04, 0x18, 0x10, 0x00, 0x01, 0x02, 0x00, 0x04, 0x0c, 0x0d, 0x01, 0x00, 0x00, 0x00, 0x00, 0x03,
    0x07, 0x0f, 0x1a, 0xbe, 0xbd, 0x8b, 0x81, 0xa0, 0xe0, 0xfe, 0xf7, 0xf7, 0xff, 0xcf, 0x61, 0xff,
    0xc3, 0xe0, 0xe1, 0xef, 0xff, 0xea, 0x68, 0x30, 0xe0, 0xa0, 0x32, 0x38, 0x20, 0x60, 0x73, 0x4a,
    0xa8, 0xe8, 0x90, 0x80, 0x41, 0x80, 0x00, 0x00, 0x00, 0x02, 0x00, 0x00, 0x00, 0x00, 0x00, 0x00,
    0x00, 0x00, 0x00, 0x00, 0x00, 0x00, 0x00, 0x00, 0x02, 0x00, 0x01, 0x04, 0x00, 0x00, 0x00, 0x00,
    0x00, 0x00, 0x00, 0x00, 0x00, 0x00, 0x00, 0x00, 0x00, 0x00, 0x00, 0x00, 0x00, 0x00, 0x00, 0x00,
    0x40, 0x20, 0x20, 0x10, 0x10, 0x80, 0x01, 0x8a, 0xda, 0x5e, 0x54, 0x55, 0x15, 0x17, 0x93, 0x53,
    0x0f, 0x0f, 0x2f, 0xa7, 0xef, 0x4e, 0x0c, 0xbc, 0x48, 0x23, 0xb0, 0xd0, 0xe0, 0xf0, 0xf0, 0xf0,
    0xb0, 0x10, 0x88, 0xe8, 0xf0, 0xf0, 0x74, 0xf8, 0x38, 0x78, 0x3c, 0x3c, 0x0e, 0x1c, 0x16, 0x01,
    0x03, 0x07, 0x0e, 0xc7, 0xc7, 0xc7, 0xc3, 0xc3, 0xc7, 0xc7, 0x87, 0x07, 0x07, 0x05, 0x06, 0x06,
    0x86, 0x86, 0x85, 0x85, 0x1d, 0x19, 0xb7, 0xe6, 0x4d, 0xd9, 0x0b, 0x03, 0x02, 0x06, 0x02, 0x00,
    0x28, 0x0a, 0x42, 0x45, 0x74, 0xf0, 0xf8, 0x58, 0x58, 0x58, 0xd0, 0xc0, 0xa0, 0x40, 0x80, 0x00,
    0x80, 0xc0, 0xc0, 0x40, 0x40, 0x20, 0x20, 0x20, 0x20, 0x20, 0x20, 0x00, 0x10, 0x10, 0x00, 0x00,
    0xa0, 0xa0, 0xc0, 0x40, 0x00, 0x00, 0x00, 0x00, 0x00, 0x00, 0x00, 0x00, 0x00, 0x00, 0x00, 0x00,
    0x04, 0x00, 0x03, 0x00, 0x01, 0x01, 0x00, 0x00, 0x10, 0x08, 0x04, 0x02, 0x01, 0x11, 0x10, 0x08,
    0x84, 0x02, 0x03, 0x01, 0x00, 0x00, 0x00, 0x20, 0x00, 0x02, 0x01, 0x01, 0x00, 0x00, 0x00, 0xfc,
    0x00, 0x00, 0x01, 0x00, 0x01, 0x00, 0x00, 0x00, 0x00, 0x00, 0x00, 0x00, 0x00, 0x00, 0x00, 0x00,
    0x00, 0x04, 0x01, 0x00, 0x01, 0x01, 0x01, 0x01, 0x01, 0x03, 0x00, 0x3c, 0x1f, 0x0f, 0x80, 0x40,
    0x3f, 0x1f, 0x0b, 0x03, 0x00, 0x00, 0x0e, 0x01, 0x00, 0x00, 0x8f, 0x70, 0x00, 0x00, 0x00, 0x02,
    0x00, 0x00, 0x00, 0xf0, 0x00, 0x00, 0x00, 0x02, 0x00, 0x00, 0x00, 0x00, 0x00, 0x00, 0x00, 0x00,
    0x00, 0x01, 0x01, 0x00, 0x01, 0x03, 0x01, 0x00, 0x02, 0x02, 0x00, 0x00, 0x00, 0x00, 0x00, 0x00,
    0x00, 0x03, 0x01, 0x1c, 0x20, 0x00, 0x00, 0x00, 0x00, 0x00, 0x00, 0x00, 0x00, 0x00, 0x00, 0x00
  },
  // Frame 2
  {
    0x00, 0x00, 0x00, 0x00, 0x00, 0x00, 0x00, 0x00, 0x00, 0x00, 0x00, 0x00, 0x00, 0x00, 0x00, 0x00,
    0x00, 0x00, 0x00, 0x40, 0x00, 0x20, 0x20, 0x00, 0x30, 0x10, 0x10, 0x18, 0x10, 0x24, 0x08, 0x10,
    0x00, 0x08, 0x09, 0x08, 0x0c, 0x09, 0x09, 0x08, 0x00, 0x04, 0x05, 0x05, 0x01, 0x82, 0x86, 0x83,
    0xc0, 0xc1, 0x44, 0xc5, 0x65, 0xc5, 0xa0, 0x80, 0xc3, 0x82, 0x03, 0x07, 0x02, 0x03, 0x03, 0x07,
    0x03, 0x01, 0x02, 0x01, 0x01, 0x00, 0x00, 0x04, 0x04, 0x04, 0x00, 0x04, 0x00, 0x00, 0x00, 0x00,
    0x00, 0x10, 0x00, 0x00, 0x40, 0x00, 0x80, 0x10, 0x00, 0x00, 0x00, 0x00, 0x00, 0x00, 0x00, 0x00,
    0x00, 0x00, 0x00, 0x00, 0x18, 0x00, 0x00, 0x00, 0x10, 0x00, 0x10, 0x00, 0x10, 0x10, 0x00, 0x10,
    0x00, 0x10, 0x10, 0x00, 0x00, 0x00, 0x10, 0x00, 0x00, 0x18, 0x00, 0x18, 0x00, 0x00, 0x00, 0x00,
    0x00, 0x00, 0x00, 0x00, 0x00, 0x00, 0x00, 0x00, 0x00, 0x00, 0x00, 0x00, 0x00, 0x00, 0x00, 0x00,
    0x00, 0x00, 0x00, 0x00, 0x00, 0x00, 0x00, 0x00, 0x00, 0x00, 0x00, 0x00, 0x00, 0x00, 0x00, 0x00,
    0x00, 0x00, 0x00, 0x00, 0x00, 0x00, 0x00, 0x34, 0x60, 0x72, 0xf2, 0xce, 0xee, 0xf6, 0xee, 0x74,
    0x91, 0x93, 0x0c, 0x1e, 0xfe, 0xfb, 0xf2, 0xe0, 0x60, 0xd2, 0xd6, 0xfa, 0x4a, 0x38, 0x00, 0x00,
    0x00, 0x40, 0x80, 0x00, 0x00, 0x80, 0x00, 0x00, 0x00, 0x40, 0x00, 0x00, 0x00, 0x00, 0x00, 0x00,
    0x00, 0x00, 0x00, 0x00, 0x00, 0x01, 0x00, 0x00, 0x00, 0x00, 0x00, 0x00, 0x00, 0x00, 0x00, 0x00,
    0x00, 0x00, 0x00, 0x00, 0x00, 0x00, 0x00, 0x00, 0x00, 0x00, 0x00, 0x00, 0x00, 0x00, 0x00, 0x00,
    0x00, 0x00, 0x00, 0x00, 0x00, 0x00, 0x00, 0x00, 0x00, 0x00, 0x00, 0x00, 0x00, 0x00, 0x00, 0x00,
    0x00, 0x00, 0x00, 0x00, 0x00, 0x01, 0x00, 0x00, 0x00, 0x00, 0x04, 0x00, 0x00, 0x00, 0x00, 0x00,
    0x00, 0x00, 0x00, 0x00, 0x00, 0x00, 0x00, 0x00, 0x00, 0x00, 0x20, 0x00, 0x00, 0x00, 0x00, 0x00,
    0x00, 0x00, 0x00, 0x00, 0x00, 0x00, 0x00, 0x00, 0x00, 0x00, 0x00, 0x03, 0x01, 0x03, 0x00, 0x00,
    0x60, 0x20, 0x40, 0x60, 0xe0, 0x61, 0xf8, 0x70, 0x31, 0x00, 0x01, 0x03, 0x00, 0x00, 0x80, 0x00,
    0x00, 0x02, 0x02, 0x00, 0x00, 0x00, 0x01, 0x01, 0x01, 0x00, 0x00, 0x00, 0x00, 0x00, 0x00, 0x00,
    0x00, 0x00, 0x00, 0x00, 0x00, 0x00, 0x00, 0x00, 0x00, 0x00, 0x00, 0x00, 0x00, 0x00, 0x00, 0x00,
    0x00, 0x00, 0x00, 0x00, 0x00, 0x00, 0x00, 0x00, 0x00, 0x00, 0x00, 0x00, 0x00, 0x00, 0x00, 0x00,
    0x00, 0x00, 0x00, 0x00, 0x00, 0x00, 0x00, 0x00, 0x00, 0x00, 0x00, 0x00, 0x00, 0x00, 0x00, 0x00,
    0x00, 0x00, 0x00, 0x00, 0x00, 0x00, 0x00, 0x00, 0x00, 0x00, 0x00, 0x00, 0x00, 0x80, 0x80, 0x00,
    0x40, 0x40, 0xc0, 0xf8, 0x90, 0x00, 0x00, 0x00, 0x00, 0x00, 0x00, 0x00, 0x00, 0x00, 0x00, 0x00,
    0x00, 0x00, 0x00, 0x00, 0x00, 0x00, 0x00, 0x00, 0x00, 0x10, 0x20, 0x00, 0x60, 0x70, 0x70, 0x34,
    0xd8, 0xb8, 0x5a, 0x1c, 0x00, 0x00, 0x04, 0xd8, 0xe1, 0x82, 0x1b, 0x3a, 0xf4, 0x08, 0x18, 0xc0,
    0x00, 0x20, 0x50, 0xa0, 0x00, 0x40, 0xc0, 0x20, 0x00, 0x00, 0x40, 0x00, 0x00, 0x00, 0x00, 0x00,
    0x00, 0x00, 0x00, 0x00, 0x00, 0x00, 0x00, 0x00, 0x00, 0x00, 0x00, 0x00, 0x00, 0x00, 0x00, 0x00,
    0x00, 0x00, 0x02, 0x07, 0x07, 0x07, 0x07, 0x07, 0x07, 0x06, 0x00, 0x00, 0x00, 0x00, 0x00, 0x00,
    0x00, 0x00, 0x00, 0x00, 0x00, 0x00, 0x00, 0x00, 0x00, 0x00, 0x00, 0x00, 0x00, 0x00, 0x00, 0x00,
    0x00, 0x00, 0x00, 0x00, 0x00, 0x00, 0xc0, 0x80, 0x00, 0x00, 0x0c, 0x38, 0xf8, 0x79, 0xff, 0xff,
    0xfd, 0xfb, 0xf5, 0x9f, 0xff, 0xff, 0xfc, 0x00, 0x00, 0x00, 0x04, 0x14, 0xb8, 0x60, 0xc0, 0x00,
    0x00, 0x00, 0x40, 0x80, 0x00, 0x00, 0x80, 0x80, 0x00, 0x80, 0x00, 0x14, 0x30, 0x60, 0xc0, 0x80,
    0x01, 0x80, 0x46, 0x70, 0xfc, 0xf9, 0xf3, 0x27, 0x0f, 0x03, 0xc0, 0xe8, 0xff, 0xbe, 0xbc, 0xff,
    0x7b, 0x5c, 0x60, 0xc1, 0x80, 0x0c, 0xf5, 0x0f, 0x30, 0xc0, 0x00, 0x03, 0xea, 0x00, 0xc0, 0x78,
    0xc0, 0x08, 0x70, 0x00, 0x00, 0x00, 0x00, 0x00, 0x00, 0x00, 0x00, 0x00, 0x00, 0x00, 0x00, 0x00,
    0x00, 0x00, 0x00, 0x00, 0xc0, 0x00, 0x00, 0x00, 0x00, 0x80, 0x00, 0x20, 0x00, 0x00, 0x00, 0x80,
    0x00, 0x00, 0x00, 0x00, 0x00, 0x00, 0x00, 0x00, 0x00, 0x00, 0x00, 0x00, 0x00, 0x00, 0x00, 0x00,
    0x00, 0x00, 0x00, 0x80, 0x00, 0x00, 0x53, 0xe7, 0xe7, 0xce, 0xdc, 0xfc, 0xf8, 0xe8, 0xd1, 0xb3,
    0xe1, 0xc7, 0x8b, 0x17, 0x3e, 0x6b, 0xd7, 0x00, 0x00, 0x00, 0x00, 0x00, 0x00, 0x01, 0x01, 0x03,
    0x04, 0x08, 0x30, 0x00, 0x01, 0x02, 0x06, 0x04, 0x0c, 0x19, 0x01, 0x20, 0x00, 0x00, 0x00, 0x03,
    0x07, 0x0f, 0x9e, 0x3c, 0x1d, 0x0b, 0x81, 0xe0, 0xe8, 0xfa, 0x7f, 0x7f, 0xb7, 0x3f, 0xe0, 0xff,
    0xa0, 0x80, 0xf3, 0xbf, 0xbf, 0xf2, 0xb8, 0x80, 0x80, 0x80, 0x12, 0x78, 0x00, 0x00, 0x33, 0x42,
    0x81, 0x00, 0x10, 0x00, 0x00, 0x00, 0x00, 0x04, 0x00, 0x02, 0x00, 0x00, 0x00, 0x00, 0x00, 0x00,
    0x00, 0x08, 0x00, 0x00, 0x00, 0x00, 0x10, 0x00, 0x82, 0x00, 0x41, 0x00, 0x40, 0x00, 0x40, 0x00,
    0x00, 0x80, 0x40, 0x00, 0x00, 0x00, 0x00, 0x00, 0x00, 0x00, 0x00, 0x00, 0x00, 0x00, 0x00, 0x00,
    0x10, 0x10, 0x90, 0x90, 0x89, 0xca, 0x5a, 0x5e, 0x54, 0x5d, 0x1d, 0x97, 0x1b, 0xcf, 0x4f, 0x0f,
    0x07, 0x9f, 0xde, 0x5f, 0x5c, 0x18, 0x70, 0x66, 0xa0, 0xe0, 0xe0, 0xe0, 0xe0, 0xe0, 0xe0, 0x30,
    0xb0, 0xc0, 0xe0, 0xe0, 0xf0, 0x60, 0xf0, 0x78, 0x70, 0x78, 0x18, 0x38, 0x28, 0x00, 0x1c, 0x1e,
    0x1e, 0x1e, 0x0e, 0x8f, 0x8f, 0x8f, 0x8f, 0x0b, 0x0b, 0x0f, 0x1d, 0x1d, 0x1f, 0x1f, 0x1f, 0x1e,
    0x1f, 0x77, 0x47, 0xdb, 0x3b, 0x34, 0x26, 0x8e, 0x0c, 0x9d, 0x19, 0x11, 0x01, 0x02, 0x02, 0x07,
    0x24, 0x8c, 0x4a, 0x44, 0x20, 0xf0, 0xf0, 0x70, 0x40, 0x40, 0xc0, 0xc0, 0xc0, 0xd0, 0x90, 0x00,
    0x80, 0xc0, 0xc0, 0x40, 0x40, 0x40, 0x28, 0x28, 0x20, 0x24, 0x24, 0x20, 0x00, 0x02, 0x21, 0x21,
    0xa0, 0x20, 0x00, 0x00, 0x00, 0x00, 0x00, 0x00, 0x00, 0x00, 0x00, 0x00, 0x00, 0x00, 0x00, 0x00,
    0x08, 0x09, 0x00, 0x00, 0x10, 0x10, 0x08, 0x0c, 0x04, 0x02, 0x21, 0x11, 0x08, 0x88, 0xc4, 0x62,
    0x31, 0x01, 0x00, 0x40, 0x63, 0x00, 0x04, 0x03, 0x01, 0x01, 0x03, 0x01, 0x03, 0x02, 0x00, 0x02,
    0x01, 0x03, 0x00, 0x00, 0x00, 0x00, 0x00, 0x00, 0x00, 0x00, 0x00, 0x00, 0x00, 0x00, 0x00, 0x00,
    0x08, 0x04, 0x03, 0x00, 0x01, 0x01, 0x01, 0x01, 0x00, 0x02, 0x00, 0x3c, 0x1e, 0x0f, 0x80, 0x5c,
    0x3e, 0x3e, 0x0a, 0x00, 0x00, 0x00, 0x0e, 0x00, 0x00, 0x00, 0x8f, 0x70, 0x00, 0x00, 0x00, 0x02,
    0x00, 0x00, 0x00, 0xf0, 0x00, 0x00, 0x00, 0x02, 0x00, 0x00, 0x00, 0x00, 0x00, 0x00, 0x00, 0x00,
    0x01, 0x01, 0x01, 0x00, 0x03, 0x01, 0x03, 0x00, 0x02, 0x00, 0x00, 0x00, 0x00, 0x00, 0x00, 0x00,
    0x05, 0x0b, 0x17, 0x64, 0x00, 0x00, 0x00, 0x00, 0x00, 0x00, 0x00, 0x00, 0x00, 0x00, 0x00, 0x00
  },
  // Frame 3
  {
    0x00, 0x00, 0x00, 0x00, 0x00, 0x00, 0x00, 0x00, 0x00, 0x00, 0x00, 0x00, 0x00, 0x00, 0x00, 0x00,
    0x00, 0x00, 0x00, 0x00, 0x00, 0x20, 0x20, 0x00, 0x10, 0x10, 0x10, 0x08, 0x10, 0x04, 0x00, 0x10,
    0x00, 0x08, 0x09, 0x08, 0x08, 0x09, 0x09, 0x08, 0x00, 0x00, 0x05, 0x05, 0x05, 0x02, 0x86, 0x83,
    0xc2, 0xc1, 0x44, 0xc5, 0x65, 0xe5, 0xa0, 0x80, 0xc3, 0x82, 0x01, 0x07, 0x02, 0x03, 0x03, 0x07,
    0x02, 0x01, 0x00, 0x01, 0x01, 0x00, 0x00, 0x04, 0x04, 0x04, 0x08, 0x04, 0x00, 0x00, 0x00, 0x00,
    0x00, 0x10, 0x00, 0x00, 0x40, 0x00, 0x80, 0x10, 0x00, 0x40, 0x00, 0x00, 0x00, 0x00, 0x00, 0x00,
    0x00, 0x00, 0x00, 0x00, 0x18, 0x00, 0x00, 0x00, 0x10, 0x00, 0x10, 0x00, 0x10, 0x10, 0x00, 0x10,
    0x00, 0x10, 0x10, 0x00, 0x00, 0x00, 0x10, 0x00, 0x00, 0x18, 0x00, 0x18, 0x00, 0x00, 0x00, 0x00,
    0x00, 0x00, 0x00, 0x00, 0x00, 0x00, 0x00, 0x00, 0x00, 0x00, 0x00, 0x00, 0x00, 0x00, 0x00, 0x00,
    0x00, 0x00, 0x00, 0x00, 0x00, 0x00, 0x00, 0x00, 0x00, 0x00, 0x00, 0x00, 0x00, 0x00, 0x00, 0x00,
    0x00, 0x00, 0x00, 0x00, 0x00, 0x00, 0x00, 0x34, 0x60, 0x72, 0xf2, 0xce, 0xee, 0xf6, 0xee, 0x74,
    0x91, 0x93, 0x0c, 0x1e, 0xfe, 0xfb, 0xf2, 0xe0, 0x60, 0xd2, 0xd6, 0xfa, 0x4a, 0x38, 0x00, 0x00,
    0x00, 0x00, 0x80, 0x20, 0x00, 0x80, 0x00, 0x00, 0x00, 0x40, 0x00, 0x00, 0x00, 0x00, 0x00, 0x00,
    0x00, 0x00, 0x00, 0x00, 0x00, 0x01, 0x00, 0x00, 0x04, 0x00, 0x00, 0x00, 0x00, 0x00, 0x00, 0x00,
    0x00, 0x00, 0x00, 0x00, 0x00, 0x00, 0x00, 0x00, 0x00, 0x00, 0x00, 0x00, 0x00, 0x00, 0x00, 0x00,
    0x00, 0x00, 0x00, 0x00, 0x00, 0x00, 0x00, 0x00, 0x00, 0x00, 0x00, 0x00, 0x00, 0x00, 0x00, 0x00,
    0x00, 0x00, 0x00, 0x00, 0x00, 0x00, 0x00, 0x00, 0x00, 0x00, 0x00, 0x00, 0x00, 0x00, 0x00, 0x00,
    0x00, 0x00, 0x00, 0x00, 0x00, 0x00, 0x00, 0x00, 0x00, 0x00, 0x20, 0x00, 0x00, 0x00, 0x00, 0x00,
    0x00, 0x00, 0x00, 0x00, 0x00, 0x00, 0x00, 0x00, 0x00, 0x00, 0x00, 0x03, 0x01, 0x03, 0x00, 0x00,
    0x60, 0x20, 0x40, 0x60, 0xe4, 0x65, 0xf8, 0x70, 0x31, 0x10, 0x01, 0x03, 0x08, 0x00, 0x80, 0x00,
    0x00, 0x02, 0x02, 0x00, 0x00, 0x00, 0x01, 0x01, 0x01, 0x00, 0x00, 0x00, 0x00, 0x00, 0x00, 0x00,
    0x00, 0x00, 0x00, 0x00, 0x00, 0x00, 0x00, 0x00, 0x00, 0x00, 0x00, 0x00, 0x00, 0x00, 0x00, 0x00,
    0x00, 0x00, 0x00, 0x00, 0x00, 0x00, 0x00, 0x00, 0x00, 0x00, 0x00, 0x00, 0x00, 0x00, 0x00, 0x00,
    0x00, 0x00, 0x00, 0x00, 0x00, 0x00, 0x00, 0x00, 0x00, 0x00, 0x00, 0x00, 0x00, 0x00, 0x00, 0x00,
    0x00, 0x00, 0x00, 0x00, 0x00, 0x00, 0x00, 0x00, 0x00, 0x00, 0x00, 0x00, 0x00, 0x80, 0x80, 0x00,
    0x40, 0x40, 0xc0, 0xf8, 0x90, 0x00, 0x00, 0x00, 0x00, 0x00, 0x00, 0x00, 0x00, 0x00, 0x00, 0x00,
    0x00, 0x00, 0x00, 0x00, 0x00, 0x00, 0x00, 0x00, 0x00, 0x10, 0x20, 0x00, 0x20, 0x70, 0x70, 0x34,
    0xd8, 0xb8, 0x5a, 0x1c, 0x00, 0x00, 0x04, 0xd8, 0xe1, 0x82, 0x1b, 0x3a, 0xf6, 0x08, 0x18, 0xc0,
    0x00, 0x20, 0x50, 0xa0, 0x00, 0x40, 0xe0, 0x20, 0x00, 0x00, 0x40, 0x00, 0x00, 0x00, 0x00, 0x00,
    0x00, 0x00, 0x00, 0x00, 0x00, 0x00, 0x00, 0x00, 0x00, 0x00, 0x00, 0x00, 0x00, 0x00, 0x00, 0x00,
    0x00, 0x00, 0x0e, 0x0c, 0x0e, 0x1e, 0x1e, 0x0e, 0x0c, 0x0c, 0x00, 0x00, 0x00, 0x00, 0x00, 0x00,
    0x00, 0x00, 0x00, 0x00, 0x00, 0x00, 0x00, 0x00, 0x00, 0x00, 0x00, 0x00, 0x00, 0x00, 0x00, 0x00,
    0x00, 0x00, 0x00, 0x00, 0x00, 0x80, 0x80, 0x80, 0x00, 0x00, 0x1c, 0x38, 0x78, 0xf1, 0xfe, 0xff,
    0xff, 0xfa, 0xff, 0x3f, 0xfe, 0xff, 0xf8, 0x00, 0x00, 0x00, 0x04, 0x24, 0xb8, 0xe0, 0xc0, 0x00,
    0x00, 0x00, 0x40, 0x80, 0x00, 0x00, 0x80, 0x80, 0x00, 0x80, 0x08, 0x14, 0x30, 0x70, 0xc0, 0x80,
    0x01, 0x80, 0x46, 0x70, 0xfc, 0xf9, 0xf3, 0x27, 0x0f, 0x03, 0xc0, 0xf8, 0xff, 0xbe, 0xfc, 0xff,
    0x7b, 0x5c, 0x60, 0xc1, 0x00, 0x0c, 0xf4, 0x0f, 0x30, 0xc0, 0x00, 0x03, 0xea, 0x00, 0x00, 0x7a,
    0xe0, 0x00, 0x70, 0xc0, 0x00, 0x80, 0x00, 0x00, 0x00, 0x00, 0x00, 0x00, 0x00, 0x00, 0x00, 0xc0,
    0x00, 0x00, 0x00, 0x00, 0x00, 0x00, 0x80, 0x00, 0x00, 0x00, 0x00, 0x00, 0x00, 0x00, 0x00, 0x00,
    0x00, 0x00, 0x00, 0x00, 0x00, 0x00, 0x00, 0x00, 0x00, 0x00, 0x00, 0x00, 0x00, 0x00, 0x00, 0x00,
    0x00, 0x00, 0x40, 0x80, 0x00, 0x31, 0x23, 0xc7, 0xca, 0xcc, 0xdc, 0xfc, 0xe8, 0xd9, 0xf0, 0xe3,
    0xc7, 0x8b, 0x0f, 0x3f, 0x6d, 0xd7, 0x00, 0x00, 0x00, 0x00, 0x00, 0x00, 0x00, 0x01, 0x01, 0x03,
    0x04, 0x08, 0x30, 0x00, 0x00, 0x02, 0x02, 0x04, 0x0c, 0x11, 0x01, 0x22, 0x00, 0x00, 0x01, 0x03,
    0x07, 0x0f, 0x9e, 0x3c, 0x1d, 0x0b, 0x81, 0xe0, 0xf8, 0xfe, 0xff, 0xff, 0x17, 0x3e, 0xe0, 0xff,
    0xa0, 0x00, 0x73, 0x7b, 0x7f, 0xf2, 0xf8, 0x80, 0x00, 0x00, 0x1a, 0xf8, 0x00, 0x80, 0x13, 0x0c,
    0x07, 0x03, 0x01, 0x01, 0x00, 0x00, 0x01, 0x48, 0x00, 0x00, 0x00, 0x82, 0x00, 0x00, 0x00, 0x04,
    0x00, 0x04, 0x00, 0x00, 0x00, 0x00, 0x00, 0x03, 0x00, 0x00, 0x01, 0x42, 0x00, 0x00, 0x00, 0x46,
    0x00, 0x04, 0x00, 0x00, 0x00, 0x00, 0x00, 0x00, 0x00, 0x00, 0x00, 0x00, 0x00, 0x00, 0x00, 0x00,
    0x90, 0x80, 0x98, 0xc9, 0x4b, 0x5a, 0x56, 0x54, 0x5d, 0x15, 0x97, 0x1b, 0x6f, 0x6f, 0x07, 0x1f,
    0x9f, 0x8e, 0x5d, 0x7c, 0x98, 0x90, 0x6e, 0xe0, 0xe0, 0xc0, 0xc0, 0xe0, 0xe0, 0x60, 0x20, 0x80,
    0xd0, 0xc0, 0xe0, 0xc0, 0xe0, 0xe0, 0xf0, 0x70, 0x70, 0x70, 0x58, 0x08, 0x08, 0x1c, 0x3c, 0x1c,
    0x1c, 0x1c, 0x1e, 0x0e, 0x0e, 0x06, 0x17, 0x17, 0x1a, 0x1e, 0x7f, 0x3f, 0x3e, 0x2e, 0x3f, 0xed,
    0xcf, 0xbf, 0x7f, 0x69, 0xcf, 0x9d, 0x1b, 0x3b, 0x72, 0x22, 0x03, 0x06, 0x04, 0x0f, 0x0a, 0x19,
    0x10, 0xa8, 0x40, 0x40, 0x20, 0xc0, 0xc0, 0x40, 0x40, 0x20, 0x00, 0x80, 0x80, 0x00, 0x80, 0x00,
    0x80, 0x80, 0x42, 0x40, 0x00, 0x60, 0x00, 0x00, 0x20, 0x30, 0x22, 0x24, 0x00, 0x20, 0x20, 0x24,
    0x20, 0x40, 0x01, 0x00, 0x00, 0x00, 0x00, 0x00, 0x00, 0x00, 0x00, 0x00, 0x00, 0x00, 0x00, 0x00,
    0x00, 0x04, 0x00, 0x12, 0x08, 0x08, 0x04, 0x02, 0x22, 0x31, 0x11, 0x08, 0x88, 0x44, 0x62, 0x31,
    0x18, 0x80, 0xc4, 0x03, 0x00, 0x04, 0x07, 0x03, 0x01, 0x03, 0x01, 0xf3, 0x00, 0x00, 0x03, 0x03,
    0x01, 0x03, 0x00, 0x00, 0x00, 0x00, 0x00, 0x00, 0x00, 0x00, 0x00, 0x00, 0x00, 0x00, 0x00, 0x00,
    0x08, 0x04, 0x03, 0x00, 0x01, 0x00, 0x00, 0x00, 0x00, 0x00, 0x00, 0x3c, 0x1c, 0x04, 0x80, 0x1c,
    0x3d, 0x2d, 0x09, 0x00, 0x00, 0x20, 0x0e, 0x00, 0x00, 0x00, 0x8e, 0x70, 0x00, 0x00, 0x00, 0x02,
    0x00, 0x00, 0x00, 0xf0, 0x00, 0x00, 0x00, 0x00, 0x00, 0x00, 0x01, 0x00, 0x01, 0x01, 0x00, 0x01,
    0x01, 0x01, 0x01, 0x00, 0x03, 0x01, 0x03, 0x00, 0x02, 0x00, 0x00, 0x00, 0x00, 0x00, 0x00, 0x00,
    0x0d, 0x0f, 0x1e, 0x24, 0x00, 0x00, 0x00, 0x00, 0x00, 0x00, 0x00, 0x00, 0x00, 0x00, 0x00, 0x00
  },
  // Frame 4
  {
    0x00, 0x00, 0x00, 0x00, 0x00, 0x00, 0x00, 0x00, 0x00, 0x00, 0x00, 0x00, 0x00, 0x00, 0x00, 0x00,
    0x00, 0x00, 0x00, 0x40, 0x00, 0x20, 0x20, 0x00, 0x30, 0x10, 0x10, 0x08, 0x18, 0x24, 0x08, 0x10,
    0x00, 0x08, 0x01, 0x08, 0x08, 0x09, 0x01, 0x08, 0x02, 0x04, 0x01, 0x05, 0x01, 0x02, 0x86, 0x87,
    0xc2, 0xc3, 0xc4, 0xc5, 0x05, 0xe5, 0x20, 0x80, 0x81, 0x80, 0x01, 0x05, 0x02, 0x03, 0x03, 0x07,
    0x06, 0x01, 0x00, 0x01, 0x01, 0x00, 0x00, 0x04, 0x06, 0x00, 0x00, 0x18, 0x00, 0x04, 0x00, 0x00,
    0x00, 0x10, 0x00, 0x00, 0x40, 0x00, 0x90, 0x10, 0x20, 0x40, 0x00, 0x00, 0x00, 0x00, 0x00, 0x00,
    0x00, 0x00, 0x00, 0x00, 0x18, 0x00, 0x00, 0x00, 0x10, 0x00, 0x10, 0x00, 0x10, 0x10, 0x00, 0x10,
    0x00, 0x10, 0x10, 0x00, 0x00, 0x00, 0x10, 0x00, 0x00, 0x18, 0x00, 0x18, 0x00, 0x00, 0x00, 0x00,
    0x00, 0x00, 0x00, 0x00, 0x40, 0x00, 0x00, 0x00, 0x00, 0x00, 0x08, 0x00, 0x00, 0x00, 0x00, 0x00,
    0x00, 0x00, 0x00, 0x00, 0x00, 0x00, 0x00, 0x00, 0x00, 0x00, 0x00, 0x00, 0x00, 0x00, 0x00, 0x00,
    0x00, 0x00, 0x00, 0x00, 0x00, 0x00, 0x00, 0x30, 0x60, 0x62, 0x72, 0xce, 0xe6, 0xfe, 0xee, 0x74,
    0x11, 0x9b, 0x09, 0x1f, 0xfe, 0xf2, 0xf2, 0xe2, 0x60, 0xf2, 0xd6, 0xfa, 0x4a, 0x3c, 0x00, 0x00,
    0x00, 0x20, 0x40, 0xa0, 0x80, 0x80, 0x00, 0x40, 0x00, 0x00, 0x00, 0x20, 0x00, 0x00, 0x00, 0x10,
    0x00, 0x00, 0x00, 0x00, 0x00, 0x01, 0x00, 0x00, 0x00, 0x00, 0x01, 0x00, 0x00, 0x00, 0x00, 0x00,
    0x00, 0x00, 0x00, 0x00, 0x00, 0x00, 0x00, 0x00, 0x00, 0x00, 0x00, 0x00, 0x00, 0x00, 0x00, 0x00,
    0x00, 0x00, 0x00, 0x00, 0x00, 0x00, 0x00, 0x00, 0x00, 0x00, 0x00, 0x00, 0x00, 0x00, 0x00, 0x00,
    0x00, 0x00, 0x00, 0x00, 0x00, 0x00, 0x00, 0x00, 0x00, 0x00, 0x00, 0x00, 0x00, 0x00, 0x00, 0x00,
    0x00, 0x00, 0x00, 0x00, 0x00, 0x00, 0x00, 0x00, 0x00, 0x00, 0x00, 0x00, 0x00, 0x00, 0x00, 0x00,
    0x00, 0x00, 0x00, 0x00, 0x00, 0x00, 0x00, 0x00, 0x00, 0x00, 0x00, 0x01, 0x01, 0x03, 0x00, 0x40,
    0x60, 0x20, 0x40, 0x60, 0x60, 0x60, 0xfa, 0x70, 0x31, 0x10, 0x00, 0x03, 0x00, 0x00, 0x80, 0x00,
    0x00, 0x02, 0x02, 0x02, 0x00, 0x00, 0x01, 0x01, 0x01, 0x00, 0x00, 0x00, 0x00, 0x00, 0x00, 0x00,
    0x00, 0x00, 0x00, 0x00, 0x00, 0x00, 0x00, 0x00, 0x00, 0x00, 0x00, 0x00, 0x00, 0x00, 0x00, 0x00,
    0x00, 0x00, 0x00, 0x00, 0x00, 0x00, 0x00, 0x00, 0x00, 0x00, 0x00, 0x00, 0x00, 0x00, 0x00, 0x00,
    0x00, 0x00, 0x00, 0x00, 0x00, 0x00, 0x00, 0x00, 0x00, 0x00, 0x00, 0x00, 0x00, 0x00, 0x00, 0x00,
    0x00, 0x00, 0x00, 0x00, 0x00, 0x00, 0x00, 0x00, 0x00, 0x00, 0x00, 0x00, 0x80, 0x80, 0x80, 0x00,
    0x40, 0xc0, 0xc0, 0xe8, 0x90, 0x00, 0x00, 0x00, 0x00, 0x00, 0x00, 0x00, 0x00, 0x00, 0x00, 0x00,
    0x00, 0x00, 0x00, 0x00, 0x00, 0x00, 0x00, 0x00, 0x00, 0x10, 0x28, 0x00, 0x20, 0x20, 0x70, 0x34,
    0xd8, 0xb8, 0x5a, 0x1c, 0x02, 0x00, 0x04, 0xd8, 0xe1, 0x83, 0x0b, 0x3b, 0xfe, 0x08, 0x10, 0xc0,
    0x00, 0x20, 0x50, 0xe0, 0x00, 0x40, 0xe0, 0xa0, 0x00, 0x00, 0x40, 0x00, 0x00, 0x00, 0x00, 0x00,
    0x00, 0x00, 0x00, 0x00, 0x00, 0x00, 0x00, 0x00, 0x00, 0x00, 0x00, 0x00, 0x00, 0x00, 0x00, 0x00,
    0x00, 0x00, 0xe0, 0xe0, 0xe0, 0xe0, 0xe0, 0xe0, 0xc0, 0x00, 0x00, 0x00, 0x00, 0x00, 0x00, 0x00,
    0x00, 0x00, 0x00, 0x00, 0x00, 0x00, 0x00, 0x00, 0x00, 0x00, 0x00, 0x00, 0x00, 0x00, 0x00, 0x00,
    0x00, 0x00, 0x00, 0x00, 0xc0, 0xc0, 0x80, 0x00, 0x00, 0x00, 0x1c, 0x38, 0x78, 0xf9, 0xfe, 0xfd,
    0xfb, 0xf6, 0x9f, 0xff, 0xff, 0xff, 0x30, 0x00, 0x00, 0x00, 0x0a, 0x2c, 0xf8, 0xe0, 0x80, 0x00,
    0x00, 0x00, 0x40, 0x80, 0x00, 0x00, 0x80, 0x80, 0x88, 0x80, 0x00, 0x14, 0x30, 0x70, 0xc0, 0x80,
    0x01, 0x80, 0x66, 0x70, 0xfc, 0xf9, 0xf3, 0x27, 0x0f, 0x03, 0xc0, 0xf8, 0xff, 0xfe, 0xfc, 0xff,
    0x7f, 0x5c, 0x60, 0xc0, 0x81, 0x0c, 0x52, 0x8f, 0x38, 0x60, 0x00, 0x03, 0xfe, 0x02, 0x00, 0xfa,
    0xf0, 0x04, 0x70, 0xc0, 0x00, 0x80, 0x00, 0x00, 0x00, 0x00, 0x00, 0x00, 0x00, 0x00, 0x00, 0x00,
    0x00, 0x00, 0x00, 0x00, 0x00, 0x00, 0x00, 0x00, 0x00, 0x00, 0x00, 0x00, 0x00, 0x00, 0x00, 0x00,
    0x00, 0x00, 0x00, 0x00, 0x00, 0x00, 0x00, 0x00, 0x00, 0x00, 0x00, 0x00, 0x00, 0x00, 0x00, 0x00,
    0x00, 0xc0, 0x00, 0x00, 0x61, 0xf3, 0xe7, 0xef, 0xfe, 0xfc, 0xfc, 0xf8, 0xf1, 0xf1, 0xc3, 0x87,
    0x0b, 0x17, 0x7f, 0x81, 0x07, 0x03, 0x00, 0x00, 0x00, 0x00, 0x00, 0x00, 0x00, 0x00, 0x01, 0x02,
    0x04, 0x08, 0x30, 0x00, 0x00, 0x02, 0x06, 0x04, 0x0c, 0x11, 0x11, 0x20, 0x00, 0x00, 0x00, 0x03,
    0x07, 0x0f, 0x9e, 0x3c, 0x1d, 0x0b, 0x81, 0xe0, 0xf8, 0xff, 0xff, 0xff, 0x17, 0x3f, 0xe0, 0xff,
    0xe0, 0x80, 0xf1, 0xfb, 0xff, 0xf2, 0xf8, 0x81, 0x80, 0x00, 0x1b, 0xf8, 0x00, 0x00, 0x52, 0x4d,
    0x37, 0x1b, 0x0f, 0x05, 0x00, 0x10, 0x0f, 0x00, 0x00, 0x00, 0x00, 0x00, 0x80, 0x00, 0x00, 0x00,
    0x00, 0x00, 0x00, 0x08, 0x00, 0x00, 0x00, 0x00, 0x00, 0x08, 0x00, 0x00, 0x00, 0x00, 0x00, 0x70,
    0x00, 0x00, 0x00, 0x00, 0x00, 0x00, 0x00, 0x00, 0x00, 0x00, 0x00, 0x00, 0x00, 0x00, 0x00, 0x00,
    0x40, 0x40, 0x45, 0xc6, 0x06, 0x06, 0x04, 0x95, 0x17, 0xd3, 0x4f, 0x2f, 0x27, 0xdf, 0xcf, 0x9f,
    0xfe, 0x78, 0xf0, 0xe3, 0xc0, 0x40, 0x80, 0xc0, 0xc0, 0xc0, 0xc0, 0xc0, 0x40, 0x20, 0xa0, 0xe0,
    0xc0, 0xc0, 0xc0, 0xc0, 0xc0, 0x60, 0xe0, 0xe0, 0xb0, 0x30, 0x00, 0x70, 0x70, 0x70, 0x38, 0x10,
    0x58, 0x58, 0x78, 0xf8, 0xf8, 0x7e, 0x7f, 0x5b, 0x5b, 0x5f, 0xdf, 0xfb, 0xf0, 0xb3, 0xb7, 0xd3,
    0xe7, 0x3f, 0x7f, 0xff, 0xeb, 0xcf, 0x97, 0x17, 0x1f, 0x30, 0x27, 0x50, 0xd8, 0xc8, 0xd0, 0xc0,
    0x00, 0x00, 0x00, 0x40, 0x02, 0x00, 0x02, 0x00, 0x00, 0x00, 0x00, 0x00, 0x42, 0x41, 0x40, 0x00,
    0x80, 0x00, 0x00, 0x20, 0x40, 0x00, 0x00, 0x10, 0x40, 0x00, 0x02, 0x04, 0x80, 0xa0, 0x04, 0x40,
    0x00, 0x24, 0x00, 0x82, 0x00, 0x00, 0x00, 0x00, 0x00, 0x00, 0x00, 0x00, 0x00, 0x00, 0x00, 0x00,
    0x09, 0x09, 0x04, 0x24, 0x22, 0x12, 0x1b, 0x99, 0x8c, 0xcc, 0x46, 0x22, 0x11, 0x81, 0x81, 0x44,
    0x02, 0x01, 0x04, 0x06, 0x03, 0x03, 0x03, 0x03, 0x67, 0x03, 0x00, 0x04, 0x06, 0x07, 0x03, 0x01,
    0x03, 0x03, 0x01, 0x01, 0x00, 0x00, 0x00, 0x00, 0x00, 0x00, 0x00, 0x00, 0x00, 0x00, 0x00, 0x10,
    0x04, 0x04, 0x00, 0x00, 0x00, 0x00, 0x00, 0x00, 0x00, 0x00, 0x00, 0x30, 0x13, 0x07, 0x84, 0x11,
    0x03, 0x23, 0x0a, 0x00, 0x01, 0x21, 0x0d, 0x01, 0x00, 0x00, 0x8e, 0x70, 0x00, 0x00, 0x01, 0x02,
    0x00, 0x00, 0x00, 0x08, 0x00, 0x00, 0x00, 0x00, 0x00, 0x00, 0x00, 0x04, 0x04, 0x00, 0x00, 0x00,
    0x00, 0x01, 0x02, 0x00, 0x02, 0x02, 0x00, 0x00, 0x01, 0x01, 0x00, 0x00, 0x00, 0x00, 0x00, 0x00,
    0x0f, 0x0f, 0x98, 0x6c, 0x00, 0x00, 0x00, 0x00, 0x00, 0x00, 0x00, 0x00, 0x00, 0x00, 0x00, 0x00
  },
  // Frame 5
  {
    0x00, 0x00, 0x00, 0x00, 0x00, 0x00, 0x00, 0x00, 0x00, 0x00, 0x00, 0x00, 0x00, 0x00, 0x00, 0x00,
    0x00, 0x00, 0x00, 0x40, 0x00, 0x20, 0x20, 0x00, 0x30, 0x10, 0x10, 0x08, 0x18, 0x24, 0x00, 0x10,
    0x00, 0x08, 0x01, 0x08, 0x08, 0x0d, 0x01, 0x00, 0x0a, 0x04, 0x01, 0x07, 0x01, 0x00, 0x86, 0x83,
    0xc2, 0xc7, 0xc1, 0x45, 0x05, 0xe5, 0x20, 0x81, 0xc1, 0x80, 0x01, 0x05, 0x02, 0x03, 0x03, 0x07,
    0x07, 0x01, 0x00, 0x01, 0x01, 0x00, 0x00, 0x04, 0x06, 0x00, 0x00, 0x08, 0x00, 0x04, 0x00, 0x00,
    0x00, 0x10, 0x00, 0x00, 0x40, 0x00, 0x80, 0x10, 0x20, 0x00, 0x00, 0x00, 0x00, 0x00, 0x00, 0x00,
    0x00, 0x00, 0x00, 0x00, 0x18, 0x00, 0x00, 0x00, 0x10, 0x00, 0x10, 0x00, 0x10, 0x10, 0x00, 0x10,
    0x00, 0x10, 0x10, 0x00, 0x00, 0x00, 0x10, 0x00, 0x00, 0x18, 0x00, 0x18, 0x00, 0x00, 0x00, 0x00,
    0x00, 0x00, 0x00, 0x00, 0x40, 0x20, 0x00, 0x00, 0x00, 0x00, 0x00, 0x00, 0x00, 0x00, 0x00, 0x00,
    0x00, 0x00, 0x00, 0x00, 0x00, 0x00, 0x00, 0x00, 0x00, 0x00, 0x00, 0x00, 0x00, 0x00, 0x00, 0x00,
    0x00, 0x00, 0x00, 0x00, 0x00, 0x00, 0x00, 0x30, 0x60, 0x62, 0xf2, 0xde, 0xe6, 0xfe, 0xfe, 0x76,
    0x1d, 0x99, 0x89, 0x7f, 0xff, 0xf2, 0xf2, 0xe2, 0x60, 0xf2, 0xd6, 0x7a, 0x4e, 0x3c, 0x00, 0x00,
    0x00, 0x20, 0x40, 0xa0, 0x80, 0x80, 0x00, 0x40, 0x00, 0x00, 0x00, 0x20, 0x00, 0x00, 0x04, 0x10,
    0x08, 0x00, 0x00, 0x00, 0x00, 0x01, 0x00, 0x00, 0x00, 0x00, 0x01, 0x00, 0x00, 0x00, 0x00, 0x00,
    0x00, 0x00, 0x00, 0x00, 0x00, 0x00, 0x00, 0x00, 0x00, 0x00, 0x00, 0x00, 0x00, 0x00, 0x00, 0x00,
    0x00, 0x00, 0x00, 0x00, 0x00, 0x00, 0x00, 0x00, 0x00, 0x00, 0x00, 0x00, 0x00, 0x00, 0x00, 0x00,
    0x00, 0x00, 0x00, 0x00, 0x00, 0x00, 0x00, 0x00, 0x00, 0x00, 0x00, 0x00, 0x00, 0x00, 0x00, 0x00,
    0x00, 0x00, 0x00, 0x00, 0x00, 0x00, 0x00, 0x00, 0x00, 0x00, 0x00, 0x00, 0x00, 0x00, 0x00, 0x00,
    0x00, 0x00, 0x00, 0x00, 0x00, 0x00, 0x00, 0x00, 0x00, 0x00, 0x00, 0x01, 0x03, 0x03, 0x00, 0x40,
    0x60, 0x20, 0x60, 0x60, 0xe0, 0xe0, 0xea, 0x70, 0x31, 0x10, 0x00, 0x03, 0x00, 0x00, 0x80, 0x00,
    0x00, 0x02, 0x02, 0x02, 0x00, 0x00, 0x01, 0x00, 0x00, 0x00, 0x00, 0x00, 0x00, 0x00, 0x00, 0x00,
    0x00, 0x00, 0x00, 0x00, 0x00, 0x00, 0x00, 0x00, 0x00, 0x00, 0x00, 0x00, 0x00, 0x00, 0x00, 0x00,
    0x00, 0x00, 0x00, 0x00, 0x00, 0x00, 0x00, 0x00, 0x00, 0x00, 0x00, 0x00, 0x00, 0x00, 0x00, 0x00,
    0x00, 0x00, 0x00, 0x00, 0x00, 0x00, 0x00, 0x00, 0x00, 0x00, 0x00, 0x00, 0x00, 0x00, 0x00, 0x00,
    0x00, 0x00, 0x00, 0x00, 0x00, 0x00, 0x00, 0x00, 0x00, 0x00, 0x00, 0x00, 0x80, 0x80, 0x80, 0x00,
    0x40, 0xc0, 0x80, 0xe8, 0x90, 0x00, 0x00, 0x00, 0x00, 0x00, 0x00, 0x00, 0x00, 0x00, 0x00, 0x00,
    0x00, 0x00, 0x00, 0x00, 0x00, 0x00, 0x00, 0x00, 0x00, 0x10, 0x28, 0x00, 0x20, 0x20, 0x70, 0xb4,
    0xd8, 0xf8, 0x5a, 0x2c, 0x02, 0x00, 0x00, 0xd8, 0xe1, 0x81, 0x0b, 0x3a, 0xfc, 0x08, 0x10, 0xc0,
    0x80, 0x20, 0x50, 0xe0, 0x00, 0x40, 0x60, 0xa0, 0x00, 0x00, 0xc0, 0x00, 0x00, 0x00, 0x00, 0x00,
    0x00, 0x00, 0x00, 0x00, 0x00, 0x00, 0x00, 0x00, 0x00, 0x00, 0x00, 0x00, 0x00, 0x00, 0x00, 0x00,
    0x00, 0x00, 0x80, 0x80, 0x80, 0x80, 0x80, 0x80, 0x00, 0x00, 0x00, 0x00, 0x00, 0x00, 0x00, 0x00,
    0x00, 0x00, 0x00, 0x00, 0x00, 0x00, 0x00, 0x00, 0x00, 0x00, 0x00, 0x00, 0x00, 0x00, 0x00, 0x00,
    0x00, 0x00, 0x00, 0x00, 0xc0, 0xc0, 0xc0, 0x00, 0x00, 0x0c, 0x1c, 0xb8, 0x78, 0xf9, 0xfe, 0xfd,
    0xfb, 0xf6, 0x3f, 0xff, 0xff, 0xff, 0x20, 0x00, 0x00, 0x00, 0x0a, 0x6c, 0xb8, 0xe0, 0xc0, 0x00,
    0x00, 0x00, 0x40, 0x80, 0x00, 0x00, 0x80, 0x80, 0x88, 0x02, 0x00, 0x1c, 0x30, 0x70, 0xc0, 0x80,
    0x01, 0x80, 0x62, 0x70, 0x7c, 0xf9, 0xf3, 0x27, 0x0f, 0x03, 0xc0, 0xe0, 0xff, 0xfe, 0xee, 0xcf,
    0xff, 0x1e, 0x68, 0xc0, 0x81, 0x0c, 0x52, 0x8f, 0x38, 0x60, 0x00, 0x03, 0x7e, 0x02, 0x00, 0xfe,
    0xe0, 0x04, 0x70, 0xe0, 0x00, 0x80, 0x00, 0x00, 0x00, 0x00, 0x00, 0x00, 0x00, 0x00, 0x00, 0x00,
    0x00, 0x00, 0x03, 0x03, 0x03, 0x03, 0x03, 0x07, 0x03, 0x00, 0x00, 0x00, 0x00, 0x00, 0x00, 0x00,
    0x00, 0x00, 0x00, 0x00, 0x00, 0x00, 0x00, 0x00, 0x00, 0x00, 0x00, 0x00, 0x00, 0x00, 0x00, 0x00,
    0x40, 0x80, 0x00, 0x28, 0x71, 0xf3, 0xe7, 0xeb, 0xfe, 0xf4, 0xec, 0xd8, 0xf1, 0x62, 0x87, 0x0f,
    0x1f, 0x77, 0xde, 0x03, 0x0f, 0x00, 0x00, 0x00, 0x00, 0x00, 0x00, 0x00, 0x00, 0x00, 0x01, 0x03,
    0x04, 0x08, 0x30, 0x00, 0x01, 0x02, 0x06, 0x04, 0x0c, 0x14, 0x11, 0x00, 0x00, 0x00, 0x00, 0x03,
    0x07, 0x0f, 0x9e, 0x3e, 0x1d, 0x0b, 0x81, 0xe0, 0xf8, 0xfe, 0xff, 0xff, 0x17, 0x3e, 0xe1, 0xff,
    0xe1, 0x80, 0xf1, 0xfb, 0xff, 0xf2, 0xf8, 0x81, 0x80, 0x00, 0x13, 0xf8, 0x00, 0x00, 0x52, 0x6f,
    0x17, 0x1f, 0x0f, 0x45, 0x60, 0x70, 0x3f, 0x20, 0x80, 0x00, 0x00, 0x00, 0x00, 0x00, 0x00, 0x40,
    0x00, 0x00, 0x00, 0x20, 0x00, 0x00, 0x00, 0x00, 0x00, 0x00, 0x00, 0x00, 0x00, 0x00, 0x00, 0x00,
    0x00, 0x00, 0x00, 0x00, 0x00, 0x00, 0x00, 0x00, 0x00, 0x00, 0x00, 0x00, 0x00, 0x00, 0x00, 0x00,
    0x44, 0xc5, 0xa5, 0x26, 0x26, 0x06, 0x95, 0x17, 0xd3, 0x4b, 0x2f, 0x27, 0xdf, 0xcf, 0x9e, 0xbc,
    0x78, 0x70, 0xcf, 0xc0, 0x40, 0xc0, 0x80, 0xc0, 0xc0, 0xc0, 0xc0, 0x40, 0x40, 0x40, 0x80, 0x00,
    0x80, 0xc0, 0xc0, 0x00, 0xc0, 0xc0, 0x60, 0x60, 0xa0, 0x20, 0x40, 0x50, 0xf0, 0x70, 0x70, 0xf0,
    0xb0, 0xf0, 0xf0, 0xf0, 0xf8, 0xfc, 0xff, 0x67, 0xa7, 0x27, 0x27, 0xe7, 0x60, 0x76, 0xff, 0xc7,
    0x77, 0xf7, 0xff, 0xdf, 0xbf, 0x3f, 0x3f, 0x7f, 0x5f, 0x10, 0xc7, 0xc0, 0x10, 0x60, 0x00, 0x00,
    0xa0, 0xa9, 0x40, 0x40, 0xa0, 0x00, 0x00, 0x40, 0x20, 0x00, 0xa0, 0x00, 0x40, 0x41, 0x20, 0x80,
    0x40, 0x08, 0x44, 0x91, 0x00, 0x00, 0x00, 0x80, 0x00, 0x00, 0x00, 0x20, 0x00, 0x00, 0x43, 0x00,
    0x80, 0x80, 0x40, 0x00, 0x00, 0x00, 0x00, 0x00, 0x00, 0x00, 0x00, 0x00, 0x00, 0x00, 0x00, 0x00,
    0x04, 0x04, 0x22, 0x3a, 0x19, 0x1d, 0x8d, 0xcc, 0x44, 0x06, 0x22, 0x11, 0x89, 0xc1, 0x04, 0x02,
    0x01, 0x00, 0x03, 0x03, 0x03, 0x07, 0x07, 0x07, 0x03, 0x03, 0x05, 0x02, 0x07, 0x07, 0x03, 0x01,
    0x03, 0x03, 0x01, 0x01, 0x01, 0x01, 0x00, 0x00, 0x00, 0x00, 0x00, 0x00, 0x00, 0x00, 0x00, 0x00,
    0x00, 0x00, 0x00, 0x01, 0x00, 0x00, 0x00, 0x00, 0x00, 0x00, 0x01, 0x0f, 0x0f, 0x08, 0x83, 0x07,
    0x06, 0x24, 0x01, 0x03, 0x03, 0x23, 0x0a, 0x04, 0x00, 0x00, 0x8c, 0x71, 0x03, 0x06, 0x01, 0x00,
    0x00, 0x00, 0x00, 0x01, 0x08, 0x00, 0x02, 0x00, 0x04, 0x05, 0x00, 0x00, 0x01, 0x05, 0x01, 0x0a,
    0x00, 0x00, 0x01, 0x0a, 0x00, 0x00, 0x01, 0x02, 0x04, 0x00, 0x00, 0x00, 0x00, 0x02, 0x01, 0x00,
    0x0e, 0x07, 0x78, 0x60, 0x00, 0x00, 0x00, 0x00, 0x00, 0x00, 0x00, 0x00, 0x00, 0x00, 0x00, 0x00
  },
  // Frame 6
  {
    0x00, 0x00, 0x00, 0x00, 0x00, 0x00, 0x00, 0x00, 0x00, 0x00, 0x00, 0x00, 0x00, 0x00, 0x00, 0x00,
    0x80, 0x00, 0x00, 0x40, 0x00, 0x00, 0x20, 0x20, 0x30, 0x10, 0x10, 0x18, 0x18, 0x00, 0x04, 0x00,
    0x02, 0x08, 0x00, 0x09, 0x08, 0x0d, 0x01, 0x09, 0x0b, 0x04, 0x00, 0x07, 0x01, 0x05, 0x86, 0x83,
    0xc3, 0xc6, 0xc1, 0x41, 0x05, 0xe5, 0x25, 0x85, 0x81, 0x80, 0x01, 0x01, 0x02, 0x02, 0x03, 0x05,
    0x07, 0x00, 0x00, 0x01, 0x01, 0x00, 0x00, 0x00, 0x02, 0x00, 0x00, 0x08, 0x00, 0x00, 0x04, 0x00,
    0x00, 0x10, 0x00, 0x08, 0x00, 0x00, 0x80, 0x10, 0x20, 0x00, 0x80, 0x00, 0x00, 0x00, 0x00, 0x00,
    0x00, 0x00, 0x00, 0x00, 0x18, 0x00, 0x00, 0x00, 0x10, 0x00, 0x10, 0x00, 0x10, 0x10, 0x00, 0x10,
    0x00, 0x10, 0x10, 0x00, 0x00, 0x00, 0x10, 0x00, 0x00, 0x18, 0x00, 0x18, 0x00, 0x00, 0x00, 0x00,
    0x00, 0x00, 0x00, 0x00, 0x00, 0x20, 0x00, 0x00, 0x00, 0x00, 0x00, 0x02, 0x00, 0x00, 0x00, 0x00,
    0x00, 0x00, 0x00, 0x00, 0x00, 0x00, 0x00, 0x00, 0x00, 0x00, 0x00, 0x00, 0x00, 0x00, 0x00, 0x00,
    0x00, 0x00, 0x00, 0x00, 0x00, 0x00, 0x00, 0x00, 0x60, 0x20, 0xe2, 0xda, 0xee, 0xfe, 0xfe, 0x76,
    0x1d, 0x99, 0x83, 0x7f, 0xff, 0xf0, 0xf2, 0xe0, 0x60, 0x72, 0xd6, 0x52, 0x6e, 0xa8, 0x30, 0x00,
    0x00, 0x00, 0x40, 0xa0, 0x00, 0x00, 0x00, 0x40, 0x00, 0x00, 0x00, 0x20, 0x00, 0x00, 0x00, 0x00,
    0x08, 0x00, 0x00, 0x00, 0x00, 0x00, 0x00, 0x00, 0x00, 0x04, 0x00, 0x00, 0x00, 0x00, 0x00, 0x00,
    0x00, 0x00, 0x00, 0x00, 0x00, 0x00, 0x00, 0x00, 0x00, 0x00, 0x00, 0x00, 0x00, 0x00, 0x00, 0x00,
    0x00, 0x00, 0x00, 0x00, 0x00, 0x00, 0x00, 0x00, 0x00, 0x00, 0x00, 0x00, 0x00, 0x00, 0x00, 0x00,
    0x00, 0x00, 0x00, 0x00, 0x00, 0x00, 0x00, 0x00, 0x00, 0x00, 0x00, 0x00, 0x00, 0x00, 0x00, 0x00,
    0x00, 0x00, 0x00, 0x00, 0x00, 0x00, 0x00, 0x00, 0x00, 0x00, 0x00, 0x00, 0x00, 0x00, 0x00, 0x00,
    0x00, 0x00, 0x00, 0x00, 0x00, 0x00, 0x00, 0x00, 0x00, 0x00, 0x00, 0x01, 0x03, 0x01, 0x02, 0x40,
    0x60, 0x20, 0x40, 0x64, 0x60, 0x60, 0xe2, 0x78, 0x31, 0x30, 0x00, 0x0b, 0x00, 0x00, 0x00, 0x00,
    0x00, 0x02, 0x02, 0x02, 0x02, 0x00, 0x00, 0x00, 0x00, 0x01, 0x00, 0x00, 0x00, 0x00, 0x00, 0x00,
    0x00, 0x00, 0x00, 0x00, 0x00, 0x00, 0x00, 0x00, 0x00, 0x00, 0x00, 0x00, 0x00, 0x00, 0x00, 0x00,
    0x00, 0x00, 0x00, 0x00, 0x00, 0x00, 0x00, 0x00, 0x00, 0x00, 0x00, 0x00, 0x00, 0x00, 0x00, 0x00,
    0x00, 0x00, 0x00, 0x00, 0x00, 0x00, 0x00, 0x00, 0x00, 0x00, 0x00, 0x00, 0x00, 0x00, 0x00, 0x00,
    0x00, 0x00, 0x00, 0x00, 0x00, 0x00, 0x00, 0x00, 0x00, 0x00, 0x00, 0x00, 0x80, 0x80, 0x80, 0x00,
    0x40, 0xc0, 0x80, 0xa8, 0x90, 0x00, 0x00, 0x00, 0x00, 0x40, 0x00, 0x00, 0x00, 0x00, 0x00, 0x00,
    0x00, 0x00, 0x00, 0x00, 0x00, 0x00, 0x00, 0x00, 0x08, 0x10, 0x00, 0x00, 0x30, 0x20, 0x70, 0xb4,
    0x98, 0xe8, 0x58, 0x2c, 0x06, 0x00, 0x00, 0x98, 0xe1, 0xc1, 0x0b, 0x3a, 0xfc, 0x08, 0x10, 0xc0,
    0x80, 0x20, 0x50, 0xe0, 0x00, 0x40, 0x40, 0xa0, 0x00, 0x00, 0x80, 0x00, 0x00, 0x00, 0x00, 0x00,
    0x00, 0x00, 0x00, 0x00, 0x00, 0x00, 0x00, 0x00, 0x00, 0x00, 0x00, 0x00, 0x00, 0x00, 0x00, 0x00,
    0x00, 0x00, 0x00, 0x00, 0x00, 0x00, 0x00, 0x00, 0x00, 0x00, 0x00, 0x00, 0x00, 0x00, 0x00, 0x00,
    0x00, 0x00, 0x00, 0x00, 0x00, 0x00, 0x00, 0x00, 0x00, 0x00, 0x00, 0x00, 0x00, 0x00, 0x00, 0x00,
    0x00, 0x00, 0x00, 0xc0, 0xe0, 0xe0, 0xc0, 0x00, 0x04, 0x0c, 0x1c, 0xb8, 0xf8, 0xfb, 0xfe, 0xfd,
    0xfb, 0xee, 0xff, 0xff, 0xff, 0xff, 0x00, 0x00, 0x00, 0x00, 0x0a, 0x6c, 0xb8, 0xe0, 0xc0, 0x00,
    0x00, 0x00, 0x00, 0x80, 0x40, 0x00, 0x80, 0x80, 0x88, 0x02, 0x04, 0x1c, 0x30, 0x70, 0xc0, 0x80,
    0x01, 0x82, 0x66, 0x70, 0xf8, 0xfd, 0xf3, 0x67, 0x0f, 0x03, 0xc0, 0xe0, 0xff, 0xfe, 0xfe, 0x87,
    0xff, 0x1e, 0x78, 0xc0, 0x85, 0x0c, 0x52, 0xc7, 0x38, 0x60, 0x00, 0x01, 0x76, 0x02, 0x00, 0xfe,
    0xe0, 0x04, 0xf0, 0xe0, 0x00, 0x80, 0x00, 0x00, 0x00, 0x00, 0x00, 0x00, 0x00, 0x00, 0x00, 0x00,
    0x00, 0x60, 0xf0, 0x70, 0xf0, 0xf0, 0x70, 0x60, 0x00, 0x00, 0x00, 0x00, 0x00, 0x00, 0x00, 0x00,
    0x00, 0x00, 0x00, 0x00, 0x00, 0x00, 0x00, 0x00, 0x00, 0x00, 0x00, 0x00, 0x00, 0x00, 0x00, 0x00,
    0x80, 0x00, 0x28, 0x70, 0xf2, 0xf1, 0xff, 0xff, 0xf6, 0xec, 0xd8, 0x70, 0xe1, 0x82, 0x0d, 0x1b,
    0xff, 0x9f, 0x00, 0x07, 0x0f, 0x00, 0x00, 0x00, 0x00, 0x00, 0x00, 0x00, 0x00, 0x00, 0x01, 0x03,
    0x04, 0x08, 0x30, 0x00, 0x01, 0x02, 0x06, 0x04, 0x0c, 0x14, 0x01, 0x00, 0x00, 0x00, 0x00, 0x03,
    0x07, 0x0f, 0x9e, 0x3e, 0x1d, 0x0b, 0x81, 0xe0, 0xf8, 0xfe, 0xff, 0xff, 0xbf, 0x3f, 0xe1, 0xff,
    0xa1, 0xc0, 0xf1, 0xfb, 0xff, 0xfa, 0xf8, 0x83, 0x80, 0x00, 0x1b, 0xf8, 0x00, 0x00, 0x52, 0x6b,
    0x17, 0x1e, 0x8f, 0xc7, 0xe0, 0xf0, 0xff, 0xe0, 0x80, 0x00, 0x00, 0x00, 0x00, 0x00, 0x00, 0x00,
    0x00, 0x00, 0x00, 0x01, 0x01, 0x00, 0x00, 0x00, 0x00, 0x00, 0x00, 0x00, 0x00, 0x00, 0x00, 0x00,
    0x00, 0x00, 0x00, 0x00, 0x00, 0x00, 0x00, 0x00, 0x00, 0x00, 0x00, 0x00, 0x00, 0x00, 0x00, 0x00,
    0x29, 0x2f, 0x6b, 0x2e, 0xa6, 0x15, 0xd7, 0x53, 0x0f, 0x2f, 0x57, 0xdf, 0xfe, 0xbd, 0xb8, 0xb0,
    0x4f, 0xc3, 0xc0, 0x00, 0x80, 0x80, 0x80, 0x80, 0x80, 0x80, 0x80, 0x00, 0x40, 0x00, 0x00, 0x80,
    0x80, 0x80, 0x80, 0x80, 0x80, 0x80, 0x40, 0x40, 0x80, 0x80, 0x80, 0xc0, 0xc0, 0xc0, 0xc0, 0xc0,
    0x80, 0xc0, 0xc0, 0xc0, 0x58, 0xdc, 0xdf, 0x9f, 0x1f, 0x1f, 0x9f, 0x8f, 0x80, 0xde, 0xdf, 0x5f,
    0xdf, 0xdf, 0x7f, 0xff, 0xff, 0xbf, 0x7f, 0xff, 0x7f, 0xf0, 0x07, 0x00, 0x80, 0x80, 0x48, 0x02,
    0x84, 0x85, 0x43, 0x43, 0xa3, 0x81, 0x01, 0x43, 0x21, 0x22, 0x00, 0x50, 0x00, 0x40, 0x20, 0x10,
    0x40, 0x48, 0x20, 0x90, 0x48, 0x40, 0x20, 0x90, 0x40, 0x40, 0x20, 0x80, 0x40, 0x40, 0x00, 0x00,
    0x80, 0x80, 0x00, 0x00, 0x00, 0x00, 0x00, 0x00, 0x00, 0x00, 0x00, 0x00, 0x00, 0x00, 0x00, 0x00,
    0x1a, 0x1a, 0x1d, 0x0c, 0xcc, 0xce, 0x04, 0x26, 0x02, 0x13, 0x83, 0x49, 0x05, 0x40, 0x12, 0x0b,
    0x04, 0x07, 0x07, 0x03, 0x83, 0x47, 0x0f, 0x03, 0x03, 0x0d, 0x06, 0x06, 0x07, 0x07, 0x07, 0x03,
    0x03, 0x02, 0x02, 0x03, 0x01, 0x01, 0x01, 0x01, 0x01, 0x01, 0x01, 0x00, 0x00, 0x01, 0x01, 0x01,
    0x03, 0x03, 0x03, 0x01, 0x00, 0x02, 0x00, 0x03, 0x0b, 0x3f, 0x3e, 0x02, 0x1f, 0x1f, 0x99, 0x03,
    0x07, 0x0f, 0x0e, 0x0c, 0x00, 0x21, 0x01, 0x03, 0x03, 0x06, 0x8c, 0x58, 0x0c, 0x00, 0x05, 0x01,
    0x0a, 0x0a, 0x20, 0x05, 0x4a, 0x40, 0x4a, 0x40, 0x44, 0x45, 0x42, 0x40, 0x45, 0x55, 0x48, 0x42,
    0x45, 0x45, 0x40, 0x0a, 0x01, 0x04, 0x20, 0x22, 0x25, 0x00, 0x02, 0x10, 0x11, 0x00, 0x09, 0x08,
    0x14, 0x28, 0xd8, 0x00, 0x00, 0x00, 0x00, 0x00, 0x00, 0x00, 0x00, 0x00, 0x00, 0x00, 0x00, 0x00
  },
  // Frame 7
  {
    0x00, 0x00, 0x00, 0x00, 0x00, 0x00, 0x00, 0x00, 0x00, 0x00, 0x00, 0x00, 0x00, 0x00, 0x00, 0x00,
    0x80, 0x00, 0x00, 0x40, 0x00, 0x00, 0x20, 0x20, 0x30, 0x10, 0x10, 0x18, 0x18, 0x10, 0x04, 0x00,
    0x10, 0x08, 0x08, 0x09, 0x08, 0x0c, 0x01, 0x01, 0x0b, 0x04, 0x00, 0x03, 0x03, 0x05, 0x82, 0x87,
    0xc3, 0xc6, 0xc1, 0x41, 0x05, 0xe5, 0x65, 0x85, 0x81, 0x81, 0x01, 0x01, 0x07, 0x02, 0x07, 0x05,
    0x07, 0x00, 0x00, 0x01, 0x01, 0x00, 0x00, 0x00, 0x02, 0x00, 0x00, 0x0c, 0x00, 0x00, 0x04, 0x00,
    0x00, 0x00, 0x00, 0x00, 0x00, 0x00, 0x80, 0x10, 0x00, 0x00, 0x80, 0x00, 0x00, 0x00, 0x00, 0x00,
    0x00, 0x00, 0x00, 0x00, 0x18, 0x00, 0x00, 0x00, 0x10, 0x00, 0x10, 0x00, 0x10, 0x10, 0x00, 0x10,
    0x00, 0x10, 0x10, 0x00, 0x00, 0x00, 0x10, 0x00, 0x00, 0x18, 0x00, 0x18, 0x00, 0x00, 0x00, 0x00,
    0x00, 0x00, 0x00, 0x00, 0x00, 0x20, 0x00, 0x00, 0x00, 0x00, 0x00, 0x02, 0x00, 0x00, 0x00, 0x00,
    0x00, 0x00, 0x00, 0x00, 0x00, 0x00, 0x00, 0x00, 0x00, 0x00, 0x00, 0x00, 0x00, 0x00, 0x00, 0x00,
    0x00, 0x00, 0x00, 0x00, 0x00, 0x00, 0x00, 0x00, 0x20, 0x60, 0xc2, 0xd2, 0xee, 0xee, 0xfe, 0x76,
    0x1d, 0x9d, 0x83, 0x6e, 0xff, 0xf4, 0xf3, 0xf0, 0x60, 0x62, 0xd6, 0xd2, 0x6e, 0xca, 0x30, 0x00,
    0x00, 0x00, 0x40, 0xa0, 0x00, 0x00, 0x00, 0x40, 0x40, 0x00, 0x00, 0x00, 0x00, 0x00, 0x00, 0x00,
    0x00, 0x00, 0x00, 0x00, 0x00, 0x00, 0x00, 0x00, 0x00, 0x04, 0x02, 0x00, 0x00, 0x00, 0x00, 0x00,
    0x00, 0x00, 0x00, 0x00, 0x00, 0x00, 0x00, 0x00, 0x00, 0x00, 0x00, 0x00, 0x00, 0x00, 0x00, 0x00,
    0x00, 0x00, 0x00, 0x00, 0x00, 0x00, 0x00, 0x00, 0x00, 0x00, 0x00, 0x00, 0x00, 0x00, 0x00, 0x00,
    0x00, 0x00, 0x00, 0x00, 0x00, 0x00, 0x00, 0x00, 0x00, 0x00, 0x00, 0x00, 0x00, 0x00, 0x00, 0x00,
    0x00, 0x00, 0x00, 0x00, 0x00, 0x00, 0x00, 0x00, 0x00, 0x00, 0x00, 0x00, 0x00, 0x00, 0x00, 0x00,
    0x00, 0x00, 0x00, 0x00, 0x00, 0x00, 0x00, 0x00, 0x00, 0x00, 0x00, 0x01, 0x03, 0x01, 0x02, 0x40,
    0x60, 0x20, 0x60, 0x64, 0x60, 0xe0, 0xe2, 0x78, 0x31, 0x30, 0x00, 0x0b, 0x01, 0x00, 0x00, 0x00,
    0x00, 0x00, 0x02, 0x02, 0x02, 0x00, 0x00, 0x00, 0x00, 0x01, 0x00, 0x00, 0x00, 0x00, 0x00, 0x00,
    0x00, 0x00, 0x00, 0x00, 0x00, 0x00, 0x00, 0x00, 0x00, 0x00, 0x00, 0x00, 0x00, 0x00, 0x00, 0x00,
    0x00, 0x00, 0x00, 0x00, 0x00, 0x00, 0x00, 0x00, 0x00, 0x00, 0x00, 0x00, 0x00, 0x00, 0x00, 0x00,
    0x00, 0x00, 0x00, 0x00, 0x00, 0x00, 0x00, 0x00, 0x00, 0x00, 0x00, 0x00, 0x00, 0x00, 0x00, 0x00,
    0x00, 0x00, 0x00, 0x00, 0x00, 0x00, 0x00, 0x00, 0x00, 0x00, 0x00, 0x00, 0x00, 0x80, 0x80, 0x00,
    0x40, 0xc0, 0x80, 0xa8, 0x90, 0x00, 0x00, 0x00, 0x20, 0x40, 0x00, 0x00, 0x00, 0x00, 0x00, 0x00,
    0x00, 0x00, 0x00, 0x00, 0x00, 0x00, 0x00, 0x00, 0x08, 0x10, 0x00, 0x00, 0x30, 0x20, 0x70, 0xbc,
    0x98, 0x68, 0x58, 0x2c, 0x06, 0x00, 0x02, 0x98, 0xa1, 0xc1, 0x0b, 0x3a, 0xfc, 0x08, 0x10, 0xc0,
    0x80, 0x20, 0x50, 0xe0, 0x00, 0x40, 0x00, 0xa0, 0x00, 0x00, 0x80, 0x00, 0x00, 0x00, 0x00, 0x00,
    0x00, 0x00, 0x00, 0x00, 0x00, 0x00, 0x00, 0x00, 0x00, 0x00, 0x00, 0x00, 0x00, 0x00, 0x00, 0x00,
    0x00, 0x00, 0x00, 0x00, 0x00, 0x00, 0x00, 0x00, 0x00, 0x00, 0x00, 0x00, 0x00, 0x00, 0x00, 0x00,
    0x00, 0x00, 0x00, 0x00, 0x00, 0x00, 0x00, 0x00, 0x00, 0x00, 0x00, 0x00, 0x00, 0x00, 0x00, 0x00,
    0x00, 0x00, 0x00, 0xc0, 0xe0, 0xe0, 0xc0, 0x00, 0x04, 0x0c, 0x1c, 0xb8, 0xf8, 0xfb, 0xfe, 0xfd,
    0xfb, 0xee, 0xff, 0xff, 0xff, 0xff, 0x00, 0x00, 0x00, 0x00, 0x0a, 0x6c, 0xf8, 0xe2, 0xc0, 0x00,
    0x00, 0x00, 0x40, 0x80, 0x40, 0x00, 0x80, 0x80, 0x88, 0x02, 0x04, 0x1c, 0x30, 0x70, 0xc0, 0x80,
    0x01, 0x80, 0x66, 0x70, 0xf8, 0xfd, 0xfb, 0x27, 0x0f, 0x03, 0xc0, 0xc0, 0xff, 0x7c, 0xfe, 0x83,
    0xff, 0x1e, 0x78, 0xc0, 0x85, 0x0c, 0x52, 0xc7, 0x78, 0x60, 0x00, 0x01, 0x36, 0x46, 0x00, 0xfe,
    0xe0, 0x04, 0xf0, 0xe0, 0x00, 0xc0, 0x00, 0x00, 0x00, 0x00, 0x00, 0x00, 0x00, 0x00, 0x00, 0x00,
    0x00, 0x00, 0x80, 0x80, 0x80, 0x80, 0x00, 0x00, 0x00, 0x00, 0x00, 0x00, 0x00, 0x00, 0x00, 0x00,
    0x00, 0x00, 0x00, 0x00, 0x00, 0x00, 0x00, 0x00, 0x00, 0x00, 0x00, 0x00, 0x00, 0x00, 0x00, 0x00,
    0x80, 0x00, 0x18, 0xf1, 0xf3, 0xf7, 0xff, 0xff, 0xfe, 0xec, 0xb8, 0x70, 0xc1, 0x02, 0x0d, 0x3f,
    0xef, 0x03, 0x01, 0x07, 0x0f, 0x08, 0x00, 0x00, 0x00, 0x00, 0x00, 0x00, 0x00, 0x00, 0x01, 0x03,
    0x04, 0x18, 0x10, 0x00, 0x01, 0x02, 0x02, 0x04, 0x0c, 0x10, 0x01, 0x00, 0x00, 0x00, 0x00, 0x03,
    0x07, 0x0f, 0x9e, 0x3e, 0x1d, 0x0b, 0x81, 0xe0, 0xf8, 0xfe, 0xf7, 0xff, 0xb7, 0x3f, 0xe1, 0xff,
    0xe3, 0x80, 0xe0, 0xfb, 0xfe, 0xfb, 0xf8, 0x81, 0x80, 0x00, 0x1b, 0xfc, 0x00, 0x00, 0x42, 0x6b,
    0x17, 0x1e, 0x8f, 0xc7, 0xe0, 0xf0, 0xff, 0xe0, 0x80, 0x00, 0x00, 0x00, 0x00, 0x00, 0x00, 0x03,
    0x01, 0x03, 0x03, 0x03, 0x03, 0x03, 0x03, 0x03, 0x00, 0x00, 0x00, 0x00, 0x00, 0x00, 0x00, 0x00,
    0x00, 0x00, 0x00, 0x00, 0x00, 0x00, 0x00, 0x00, 0x00, 0x00, 0x00, 0x00, 0x00, 0x00, 0x00, 0x00,
    0x2b, 0x6b, 0x6b, 0xae, 0xa6, 0x95, 0xd7, 0x43, 0x6f, 0x67, 0x5f, 0xef, 0xbe, 0xbd, 0xb8, 0x20,
    0x1f, 0x80, 0x80, 0x00, 0x80, 0x80, 0x80, 0x80, 0x80, 0x80, 0x80, 0x80, 0x00, 0x00, 0x00, 0x00,
    0x00, 0x80, 0x80, 0x80, 0x80, 0x80, 0x00, 0x80, 0x80, 0x80, 0xc0, 0xc0, 0x00, 0x00, 0x00, 0x00,
    0x00, 0x40, 0x40, 0xe0, 0x78, 0x7c, 0x7f, 0xbf, 0xff, 0xff, 0xff, 0xcf, 0x80, 0xbe, 0xff, 0xdf,
    0xff, 0xbf, 0xff, 0xff, 0x7f, 0x3f, 0xff, 0xff, 0x7f, 0xf0, 0x07, 0x00, 0x40, 0x80, 0xa8, 0x42,
    0x24, 0x25, 0x9b, 0x0b, 0x23, 0x25, 0x95, 0x4f, 0x21, 0x22, 0x90, 0x48, 0x00, 0x00, 0xa0, 0x18,
    0x48, 0x48, 0x20, 0x18, 0x40, 0x40, 0x20, 0x98, 0x40, 0x40, 0x10, 0x90, 0x50, 0x10, 0x60, 0x20,
    0xc0, 0x80, 0x00, 0x00, 0x00, 0x00, 0x00, 0x00, 0x00, 0x00, 0x00, 0x00, 0x00, 0x00, 0x00, 0x00,
    0x1a, 0x1d, 0x0d, 0xcd, 0x4e, 0x4a, 0x26, 0x22, 0x12, 0x93, 0xcb, 0x41, 0x44, 0x22, 0x12, 0x09,
    0x0c, 0x06, 0x07, 0x07, 0x87, 0x2f, 0x07, 0x07, 0x0b, 0x0d, 0x0e, 0x06, 0x06, 0x06, 0x07, 0x07,
    0x03, 0x02, 0x03, 0x03, 0x02, 0x00, 0x01, 0x00, 0x01, 0x01, 0x01, 0x00, 0x01, 0x01, 0x03, 0x13,
    0x13, 0x03, 0x02, 0x00, 0x03, 0x03, 0x03, 0x0b, 0x3f, 0x3f, 0x06, 0x0d, 0x3f, 0x1d, 0x21, 0x07,
    0x0f, 0x1e, 0x1c, 0x01, 0x01, 0x21, 0x03, 0x04, 0x0e, 0x1c, 0xb9, 0x0c, 0x00, 0x00, 0x02, 0x15,
    0x25, 0x25, 0x0a, 0x10, 0x95, 0x85, 0x82, 0xc0, 0x15, 0x15, 0xa0, 0x8a, 0xd5, 0x95, 0x84, 0xaa,
    0x85, 0x91, 0x00, 0x4a, 0x50, 0x40, 0x55, 0x6a, 0x10, 0x02, 0x35, 0x20, 0x22, 0x02, 0x10, 0x05,
    0x08, 0x32, 0x58, 0x00, 0x00, 0x00, 0x00, 0x00, 0x00, 0x00, 0x00, 0x00, 0x00, 0x00, 0x00, 0x00
  },
  // Frame 8
  {
    0x00, 0x00, 0x00, 0x00, 0x00, 0x00, 0x00, 0x00, 0x00, 0x00, 0x00, 0x00, 0x00, 0x00, 0x00, 0x00,
    0x00, 0x00, 0x00, 0x40, 0x00, 0x00, 0x20, 0x20, 0x00, 0x10, 0x10, 0x18, 0x18, 0x10, 0x04, 0x00,
    0x10, 0x08, 0x08, 0x09, 0x08, 0x0c, 0x03, 0x09, 0x09, 0x06, 0x00, 0x01, 0x05, 0x01, 0x82, 0x8f,
    0x83, 0xc6, 0x47, 0x40, 0x85, 0x45, 0xe5, 0x85, 0x80, 0x81, 0x05, 0x01, 0x05, 0x04, 0x07, 0x05,
    0x05, 0x04, 0x01, 0x01, 0x01, 0x00, 0x00, 0x06, 0x02, 0x00, 0x04, 0x0c, 0x04, 0x00, 0x04, 0x00,
    0x00, 0x00, 0x00, 0x00, 0x00, 0x00, 0x80, 0x90, 0x00, 0x60, 0xc0, 0x00, 0x00, 0x00, 0x00, 0x00,
    0x00, 0x00, 0x00, 0x00, 0x18, 0x00, 0x00, 0x00, 0x10, 0x00, 0x10, 0x00, 0x10, 0x10, 0x00, 0x10,
    0x00, 0x00, 0x10, 0x00, 0x00, 0x00, 0x10, 0x00, 0x00, 0x18, 0x00, 0x18, 0x00, 0x00, 0x00, 0x00,
    0x00, 0x00, 0x00, 0x00, 0x00, 0x60, 0x00, 0x00, 0x00, 0x00, 0x00, 0x02, 0x00, 0x00, 0x00, 0x00,
    0x00, 0x01, 0x00, 0x00, 0x00, 0x00, 0x00, 0x00, 0x00, 0x00, 0x00, 0x00, 0x00, 0x00, 0x00, 0x00,
    0x00, 0x00, 0x00, 0x00, 0x00, 0x00, 0x00, 0x00, 0x34, 0x60, 0xe2, 0xd2, 0xce, 0xee, 0xfe, 0x72,
    0x3c, 0x95, 0x83, 0x7c, 0xff, 0xfe, 0xf3, 0xf0, 0x20, 0x62, 0xd6, 0xd2, 0x7e, 0x4a, 0x30, 0x00,
    0x00, 0x00, 0x00, 0xa0, 0x00, 0x80, 0x00, 0x00, 0x40, 0x00, 0x40, 0x00, 0x00, 0x00, 0x00, 0x00,
    0x00, 0x00, 0x00, 0x04, 0x00, 0x00, 0x10, 0x00, 0x08, 0x00, 0x02, 0x00, 0x00, 0x00, 0x00, 0x00,
    0x00, 0x00, 0x00, 0x00, 0x00, 0x00, 0x00, 0x00, 0x00, 0x00, 0x00, 0x00, 0x00, 0x00, 0x00, 0x00,
    0x00, 0x00, 0x00, 0x00, 0x00, 0x00, 0x00, 0x00, 0x00, 0x00, 0x00, 0x00, 0x00, 0x00, 0x00, 0x00,
    0x00, 0x00, 0x00, 0x00, 0x00, 0x00, 0x00, 0x00, 0x00, 0x00, 0x00, 0x00, 0x00, 0x00, 0x00, 0x00,
    0x02, 0x00, 0x00, 0x00, 0x00, 0x00, 0x00, 0x00, 0x00, 0x00, 0x00, 0x00, 0x00, 0x00, 0x00, 0x00,
    0x00, 0x00, 0x00, 0x00, 0x00, 0x00, 0x00, 0x00, 0x00, 0x40, 0x00, 0x00, 0x03, 0x21, 0x02, 0x40,
    0x20, 0x20, 0x40, 0x60, 0x60, 0x60, 0xe0, 0x78, 0x71, 0x20, 0x00, 0x03, 0x01, 0x00, 0x00, 0x00,
    0x00, 0x00, 0x02, 0x02, 0x00, 0x00, 0x00, 0x00, 0x00, 0x01, 0x00, 0x00, 0x00, 0x00, 0x00, 0x00,
    0x00, 0x00, 0x00, 0x00, 0x00, 0x00, 0x00, 0x00, 0x00, 0x00, 0x00, 0x00, 0x00, 0x00, 0x00, 0x00,
    0x00, 0x00, 0x00, 0x00, 0x00, 0x00, 0x00, 0x00, 0x00, 0x00, 0x00, 0x00, 0x00, 0x00, 0x00, 0x00,
    0x00, 0x00, 0x00, 0x00, 0x00, 0x00, 0x00, 0x00, 0x00, 0x00, 0x00, 0x00, 0x00, 0x00, 0x00, 0x00,
    0x00, 0x00, 0x00, 0x00, 0x00, 0x00, 0x00, 0x00, 0x00, 0x00, 0x00, 0x00, 0x40, 0x80, 0x80, 0x00,
    0x40, 0xc0, 0xc0, 0xe8, 0x80, 0x00, 0x00, 0x00, 0x20, 0x40, 0x00, 0x00, 0x00, 0x00, 0x00, 0x00,
    0x00, 0x00, 0x00, 0x00, 0x00, 0x00, 0x00, 0x00, 0x08, 0x10, 0x00, 0x00, 0x30, 0x20, 0x70, 0xb4,
    0x98, 0x78, 0xd8, 0x2e, 0x06, 0x00, 0x02, 0x98, 0xb0, 0xc1, 0x0a, 0x1a, 0xbc, 0x08, 0x00, 0xc0,
    0x90, 0x00, 0x50, 0xe0, 0x00, 0x40, 0x20, 0xa0, 0x00, 0x00, 0x80, 0x00, 0x00, 0x00, 0x00, 0x00,
    0x00, 0x00, 0x00, 0x00, 0x00, 0x00, 0x00, 0x00, 0x00, 0x00, 0x00, 0x00, 0x00, 0x00, 0x00, 0x00,
    0x00, 0x00, 0x00, 0x00, 0x00, 0x00, 0x00, 0x00, 0x00, 0x00, 0x00, 0x00, 0x00, 0x00, 0x00, 0x00,
    0x00, 0x00, 0x00, 0x00, 0x00, 0x00, 0x00, 0x00, 0x00, 0x00, 0x00, 0x00, 0x00, 0x00, 0x00, 0x00,
    0x00, 0x00, 0x00, 0xc0, 0xc0, 0xe0, 0xc0, 0x00, 0x04, 0x0c, 0x1c, 0xb8, 0xf8, 0xfb, 0xfe, 0xfd,
    0xfb, 0xce, 0xff, 0xff, 0xff, 0xff, 0x00, 0x00, 0x00, 0x00, 0x0a, 0x6c, 0xb9, 0xe0, 0xc0, 0x00,
    0x00, 0x00, 0x00, 0x80, 0x40, 0x00, 0x80, 0x80, 0x82, 0x02, 0x04, 0x0c, 0x30, 0x70, 0xc8, 0x80,
    0x01, 0x80, 0x66, 0x70, 0xf8, 0xfc, 0xfb, 0x77, 0x0f, 0x07, 0x80, 0xc0, 0xff, 0xfc, 0xff, 0x01,
    0xff, 0x3e, 0xf0, 0xa0, 0x85, 0x0c, 0x53, 0xc7, 0x58, 0x60, 0x00, 0x01, 0x36, 0xc6, 0x00, 0xfc,
    0xc0, 0x04, 0xf8, 0xc0, 0x00, 0x40, 0x00, 0x00, 0x00, 0x00, 0x00, 0x00, 0x00, 0x00, 0x00, 0x00,
    0x00, 0x00, 0x00, 0x00, 0x00, 0x00, 0x00, 0x00, 0x00, 0x00, 0x00, 0x00, 0x00, 0x00, 0x00, 0x00,
    0x00, 0x00, 0x00, 0x00, 0x00, 0x00, 0x00, 0x00, 0x00, 0x00, 0x00, 0x00, 0x00, 0x00, 0x00, 0x00,
    0x00, 0x0c, 0x78, 0xf0, 0xf1, 0xf7, 0xfb, 0xf7, 0xee, 0xfc, 0x78, 0xe0, 0x03, 0x06, 0x1f, 0xf7,
    0x1f, 0x00, 0x01, 0x0f, 0x1f, 0x10, 0x00, 0x00, 0x00, 0x00, 0x00, 0x00, 0x00, 0x00, 0x01, 0x03,
    0x04, 0x08, 0x10, 0x00, 0x01, 0x02, 0x00, 0x04, 0x2c, 0x00, 0x01, 0x00, 0x02, 0x00, 0x00, 0x03,
    0x07, 0x0f, 0x9a, 0x3e, 0x1d, 0x0b, 0x81, 0xe0, 0xe8, 0xfe, 0xf3, 0xf7, 0xbf, 0x6d, 0xc1, 0xff,
    0xff, 0xc0, 0xe8, 0xfb, 0xfe, 0xfb, 0xf8, 0x80, 0x00, 0x00, 0x0b, 0xfc, 0x00, 0x00, 0x40, 0x6b,
    0x1f, 0x36, 0x9a, 0xc7, 0xe0, 0xf0, 0xff, 0xe0, 0x80, 0x00, 0x00, 0x00, 0x00, 0x00, 0x00, 0x80,
    0x60, 0x70, 0xf0, 0xf0, 0xf0, 0xf0, 0x60, 0x40, 0x00, 0x00, 0x00, 0x00, 0x00, 0x00, 0x00, 0x00,
    0x00, 0x00, 0x00, 0x00, 0x00, 0x00, 0x00, 0x00, 0x00, 0x00, 0x00, 0x00, 0x00, 0x00, 0x00, 0x00,
    0x6b, 0x6b, 0x2b, 0xae, 0x17, 0xd5, 0xd7, 0x4b, 0x6f, 0x47, 0xdf, 0xee, 0xbd, 0xf8, 0xe0, 0x9f,
    0x80, 0x80, 0x80, 0x00, 0x00, 0x00, 0x00, 0x80, 0x80, 0x80, 0x80, 0x80, 0x00, 0x80, 0x00, 0x00,
    0x00, 0x00, 0x00, 0x00, 0x00, 0x00, 0x00, 0x00, 0x80, 0x80, 0x00, 0x80, 0x80, 0x80, 0x80, 0x00,
    0x00, 0x00, 0x00, 0x60, 0x78, 0x7c, 0x7f, 0x7f, 0x7f, 0x7f, 0x7f, 0x0f, 0xc0, 0x7e, 0xff, 0x9f,
    0x7f, 0xff, 0xff, 0x7f, 0x7f, 0x3f, 0xff, 0xff, 0x7f, 0xf0, 0x07, 0x00, 0x00, 0x00, 0x08, 0x88,
    0x54, 0x75, 0x4b, 0x8b, 0x13, 0x55, 0x15, 0x87, 0x41, 0x42, 0x20, 0x00, 0x40, 0x40, 0xa0, 0x00,
    0x40, 0x40, 0x20, 0x80, 0x41, 0x40, 0x20, 0x80, 0x40, 0x40, 0x20, 0x00, 0x80, 0x80, 0x40, 0x00,
    0x00, 0x00, 0x00, 0x00, 0x00, 0x00, 0x00, 0x00, 0x00, 0x00, 0x00, 0x00, 0x00, 0x00, 0x00, 0x00,
    0x0d, 0x0d, 0xcc, 0x4e, 0x0e, 0x04, 0x26, 0x12, 0x93, 0x83, 0x49, 0x24, 0x20, 0x12, 0x09, 0x05,
    0x0c, 0x0e, 0x0f, 0x87, 0x0f, 0x1f, 0x07, 0x03, 0x03, 0x0d, 0x0f, 0x0e, 0x06, 0x06, 0x06, 0x07,
    0x07, 0x03, 0x03, 0x03, 0x02, 0x02, 0x00, 0x01, 0x01, 0x01, 0x01, 0x01, 0x00, 0x02, 0x02, 0x02,
    0x06, 0x06, 0x07, 0x03, 0x03, 0x03, 0x0d, 0x38, 0x3c, 0x3f, 0x06, 0x3f, 0x3f, 0x3b, 0x03, 0x0f,
    0x5f, 0x5d, 0x19, 0x03, 0x02, 0x02, 0x07, 0x0c, 0x18, 0x35, 0x42, 0x52, 0x09, 0x05, 0x08, 0x12,
    0x05, 0x05, 0x49, 0x0a, 0x10, 0x10, 0x21, 0x0a, 0x10, 0x14, 0x21, 0x0a, 0x11, 0x51, 0x04, 0xaa,
    0x80, 0xc1, 0x94, 0x8a, 0x80, 0x80, 0x85, 0xa0, 0x42, 0x42, 0x50, 0x45, 0x08, 0x28, 0x32, 0x24,
    0x10, 0x84, 0xc1, 0x00, 0x00, 0x00, 0x00, 0x00, 0x00, 0x00, 0x00, 0x00, 0x00, 0x00, 0x00, 0x00
  },
  // Frame 9
  {
    0x00, 0x00, 0x00, 0x00, 0x00, 0x00, 0x00, 0x00, 0x00, 0x00, 0x00, 0x00, 0x00, 0x00, 0x00, 0x00,
    0x00, 0x00, 0x00, 0x40, 0x00, 0x00, 0x20, 0x20, 0x00, 0x30, 0x10, 0x18, 0x18, 0x10, 0x04, 0x00,
    0x10, 0x00, 0x08, 0x09, 0x08, 0x0c, 0x01, 0x09, 0x0a, 0x06, 0x00, 0x01, 0x07, 0x01, 0x82, 0x8f,
    0x83, 0xc2, 0x47, 0x40, 0x85, 0x45, 0xe5, 0x85, 0x80, 0x81, 0x05, 0x01, 0x05, 0x04, 0x07, 0x05,
    0x05, 0x04, 0x01, 0x01, 0x01, 0x00, 0x00, 0x06, 0x06, 0x00, 0x04, 0x08, 0x04, 0x00, 0x04, 0x00,
    0x00, 0x00, 0x00, 0x00, 0x00, 0x00, 0x80, 0x90, 0x00, 0x60, 0xc0, 0x00, 0x00, 0x00, 0x00, 0x00,
    0x00, 0x00, 0x00, 0x00, 0x18, 0x00, 0x00, 0x00, 0x10, 0x00, 0x10, 0x00, 0x10, 0x10, 0x00, 0x10,
    0x00, 0x10, 0x10, 0x00, 0x00, 0x00, 0x10, 0x00, 0x00, 0x18, 0x00, 0x18, 0x00, 0x00, 0x00, 0x00,
    0x00, 0x00, 0x00, 0x00, 0x00, 0x60, 0x00, 0x00, 0x00, 0x80, 0x00, 0x02, 0x00, 0x00, 0x00, 0x00,
    0x00, 0x01, 0x00, 0x00, 0x00, 0x00, 0x00, 0x00, 0x00, 0x00, 0x00, 0x00, 0x00, 0x00, 0x00, 0x00,
    0x00, 0x00, 0x00, 0x00, 0x00, 0x00, 0x00, 0x00, 0x34, 0x60, 0xe2, 0xd2, 0xce, 0xee, 0xfe, 0x72,
    0x34, 0x95, 0x83, 0x5c, 0xff, 0xfe, 0xf3, 0xf0, 0x60, 0x62, 0xd6, 0xd2, 0x7e, 0x4a, 0x38, 0x00,
    0x00, 0x00, 0x00, 0xa0, 0x00, 0x80, 0x80, 0x00, 0x00, 0x00, 0x40, 0x00, 0x00, 0x00, 0x00, 0x00,
    0x00, 0x00, 0x00, 0x04, 0x02, 0x00, 0x00, 0x00, 0x08, 0x00, 0x02, 0x00, 0x00, 0x00, 0x00, 0x00,
    0x00, 0x00, 0x00, 0x00, 0x00, 0x00, 0x00, 0x00, 0x00, 0x00, 0x00, 0x00, 0x00, 0x00, 0x00, 0x00,
    0x00, 0x00, 0x00, 0x00, 0x00, 0x00, 0x00, 0x00, 0x00, 0x00, 0x00, 0x00, 0x00, 0x00, 0x00, 0x00,
    0x00, 0x00, 0x00, 0x00, 0x00, 0x00, 0x01, 0x00, 0x00, 0x00, 0x00, 0x00, 0x00, 0x00, 0x00, 0x00,
    0x00, 0x00, 0x00, 0x00, 0x00, 0x00, 0x00, 0x00, 0x00, 0x00, 0x00, 0x00, 0x00, 0x00, 0x00, 0x00,
    0x00, 0x00, 0x00, 0x00, 0x00, 0x00, 0x00, 0x00, 0x00, 0x40, 0x00, 0x00, 0x03, 0x21, 0x02, 0x40,
    0x20, 0x20, 0x40, 0x60, 0x60, 0x60, 0xe0, 0x78, 0x71, 0x20, 0x00, 0x03, 0x01, 0x00, 0x00, 0x00,
    0x00, 0x00, 0x02, 0x02, 0x00, 0x02, 0x00, 0x00, 0x00, 0x01, 0x00, 0x00, 0x00, 0x00, 0x00, 0x00,
    0x00, 0x00, 0x00, 0x00, 0x00, 0x00, 0x00, 0x00, 0x00, 0x00, 0x00, 0x00, 0x00, 0x00, 0x00, 0x00,
    0x00, 0x00, 0x00, 0x00, 0x00, 0x00, 0x00, 0x00, 0x00, 0x00, 0x00, 0x00, 0x00, 0x00, 0x00, 0x00,
    0x00, 0x00, 0x00, 0x00, 0x00, 0x00, 0x00, 0x00, 0x00, 0x00, 0x00, 0x00, 0x00, 0x00, 0x00, 0x00,
    0x00, 0x00, 0x00, 0x00, 0x00, 0x00, 0x00, 0x00, 0x00, 0x00, 0x00, 0x00, 0x40, 0xc0, 0x80, 0x00,
    0xc0, 0xc0, 0xc0, 0xe8, 0x80, 0x00, 0x00, 0x00, 0x20, 0x40, 0x00, 0x00, 0x00, 0x00, 0x00, 0x00,
    0x00, 0x00, 0x00, 0x00, 0x00, 0x00, 0x00, 0x00, 0x08, 0x10, 0x00, 0x00, 0x30, 0x20, 0x70, 0xb4,
    0x98, 0x78, 0xd8, 0x2e, 0x06, 0x00, 0x00, 0x88, 0xb0, 0xc1, 0x0a, 0x1a, 0xbc, 0x1c, 0x00, 0xc0,
    0x90, 0x00, 0x50, 0x60, 0x00, 0x40, 0x20, 0xa0, 0x00, 0x00, 0x80, 0x00, 0x00, 0x00, 0x00, 0x00,
    0x00, 0x00, 0x00, 0x00, 0x00, 0x00, 0x00, 0x00, 0x00, 0x00, 0x00, 0x00, 0x00, 0x00, 0x00, 0x00,
    0x00, 0x00, 0x00, 0x00, 0x00, 0x00, 0x00, 0x00, 0x00, 0x00, 0x00, 0x00, 0x00, 0x00, 0x00, 0x00,
    0x00, 0x00, 0x00, 0x00, 0x00, 0x00, 0x00, 0x00, 0x00, 0x00, 0x00, 0x00, 0x00, 0x00, 0x00, 0x00,
    0x00, 0x00, 0x00, 0x80, 0xc0, 0xe0, 0xe0, 0x80, 0x04, 0x0c, 0x1c, 0xbc, 0x78, 0xfb, 0xfe, 0xfd,
    0xff, 0xce, 0xff, 0xff, 0xff, 0xff, 0x00, 0x00, 0x00, 0x00, 0x0a, 0x2c, 0xb9, 0xe0, 0xc0, 0x00,
    0x00, 0x00, 0x00, 0x80, 0x40, 0x00, 0x80, 0x80, 0x82, 0x02, 0x04, 0x0c, 0x30, 0x70, 0xc8, 0x80,
    0x00, 0x80, 0x66, 0x70, 0xf8, 0xfc, 0xfb, 0x77, 0x0e, 0x07, 0x80, 0xc0, 0xff, 0x7c, 0xff, 0x01,
    0xff, 0x3e, 0xf0, 0xa0, 0x85, 0x0c, 0x5b, 0xc7, 0x58, 0x60, 0x00, 0x01, 0x36, 0xd6, 0x00, 0xfc,
    0xc0, 0x04, 0xf0, 0xe0, 0x00, 0x40, 0x00, 0x00, 0x00, 0x00, 0x00, 0x00, 0x00, 0x00, 0x00, 0x00,
    0x00, 0x00, 0x00, 0x00, 0x00, 0x00, 0x00, 0x00, 0x00, 0x00, 0x00, 0x00, 0x00, 0x00, 0x00, 0x00,
    0x00, 0x00, 0x00, 0x00, 0x00, 0x00, 0x00, 0x00, 0x00, 0x00, 0x00, 0x00, 0x00, 0x00, 0x00, 0x00,
    0x80, 0x0c, 0x78, 0xf0, 0xf1, 0xff, 0xff, 0xf7, 0xce, 0xbc, 0x78, 0xe0, 0x03, 0x06, 0x1f, 0xf7,
    0x1f, 0x01, 0x01, 0x0f, 0x1f, 0x13, 0x00, 0x00, 0x00, 0x00, 0x00, 0x00, 0x00, 0x00, 0x01, 0x07,
    0x04, 0x08, 0x10, 0x00, 0x01, 0x02, 0x00, 0x04, 0x0c, 0x04, 0x01, 0x00, 0x02, 0x00, 0x00, 0x03,
    0x07, 0x0f, 0x9a, 0x3e, 0x1d, 0x0b, 0x81, 0xe0, 0xe8, 0xfe, 0xf7, 0xff, 0xbd, 0x6f, 0xc1, 0xff,
    0xef, 0x80, 0xe8, 0xfb, 0xfe, 0xfb, 0xf8, 0x90, 0x80, 0x00, 0x1b, 0xfc, 0x00, 0x00, 0xc0, 0x6b,
    0x1f, 0x36, 0x9a, 0xcf, 0xe0, 0xf0, 0xff, 0xc0, 0x00, 0x00, 0x00, 0x00, 0x00, 0x00, 0x00, 0x00,
    0x00, 0x00, 0x80, 0x80, 0x00, 0x00, 0x00, 0x00, 0x00, 0x00, 0x00, 0x00, 0x00, 0x00, 0x00, 0x00,
    0x00, 0x00, 0x00, 0x00, 0x00, 0x00, 0x00, 0x00, 0x00, 0x00, 0x00, 0x00, 0x00, 0x00, 0x00, 0x00,
    0x6b, 0x6b, 0x2b, 0xae, 0x17, 0xd5, 0xd7, 0x6b, 0x6f, 0x47, 0x5f, 0xae, 0xbd, 0xf8, 0xe0, 0x9f,
    0x80, 0x80, 0x80, 0x00, 0x00, 0x00, 0x00, 0x00, 0x00, 0x00, 0x00, 0x00, 0x00, 0x00, 0x00, 0x00,
    0x00, 0x00, 0x00, 0x00, 0x00, 0x00, 0x00, 0x00, 0x00, 0x00, 0x00, 0x00, 0x00, 0x00, 0x80, 0x80,
    0x80, 0x00, 0x00, 0x60, 0x78, 0x7c, 0x7f, 0x7f, 0x7f, 0x7f, 0x7f, 0x0f, 0x40, 0x7e, 0x7f, 0x1f,
    0xff, 0xff, 0xff, 0x7f, 0x7f, 0x3f, 0xff, 0xff, 0x7f, 0xf0, 0x07, 0x00, 0x00, 0x00, 0x08, 0x88,
    0x94, 0xa5, 0x6f, 0x2b, 0x9b, 0x15, 0xd5, 0x07, 0x01, 0x02, 0x90, 0x00, 0x40, 0x40, 0x80, 0x00,
    0x43, 0x47, 0x07, 0x07, 0x47, 0x4f, 0x07, 0x00, 0xc0, 0x00, 0x00, 0x80, 0x00, 0x00, 0x40, 0x00,
    0x00, 0x00, 0x00, 0x00, 0x00, 0x00, 0x00, 0x00, 0x00, 0x00, 0x00, 0x00, 0x00, 0x00, 0x00, 0x00,
    0x0d, 0x0d, 0x8c, 0x4e, 0x0e, 0x0c, 0x27, 0x12, 0x93, 0x83, 0x4b, 0x25, 0x21, 0x12, 0x00, 0x0f,
    0x0d, 0x07, 0x07, 0x87, 0x4f, 0x0f, 0x07, 0x07, 0x09, 0x0d, 0x0c, 0x0e, 0x0e, 0x06, 0x06, 0x05,
    0x05, 0x05, 0x03, 0x03, 0x03, 0x02, 0x02, 0x03, 0x03, 0x03, 0x01, 0x01, 0x03, 0x02, 0x02, 0x06,
    0x07, 0x07, 0x07, 0x07, 0x02, 0x00, 0x0c, 0x18, 0xbc, 0x3e, 0x06, 0x3d, 0x3f, 0x3d, 0x03, 0x0f,
    0xdf, 0x5d, 0x19, 0x22, 0x02, 0x02, 0x05, 0x0e, 0x18, 0x3b, 0x60, 0x1a, 0x00, 0x06, 0x07, 0x09,
    0x00, 0x01, 0x00, 0x00, 0x9f, 0x1a, 0x45, 0x00, 0x18, 0x18, 0x03, 0x2f, 0x10, 0x10, 0xc1, 0x9e,
    0x80, 0xc0, 0x85, 0x80, 0x82, 0x02, 0x8d, 0x80, 0x42, 0x43, 0x48, 0x00, 0x43, 0x23, 0x3c, 0x01,
    0x00, 0x80, 0xc1, 0x00, 0x00, 0x00, 0x00, 0x00, 0x00, 0x00, 0x00, 0x00, 0x00, 0x00, 0x00, 0x00
  },
  // Frame 10
  {
    0x00, 0x00, 0x00, 0x00, 0x00, 0x00, 0x00, 0x00, 0x00, 0x00, 0x00, 0x00, 0x00, 0x00, 0x00, 0x00,
    0x00, 0x00, 0x00, 0x40, 0x00, 0x00, 0x20, 0x20, 0x00, 0x30, 0x10, 0x10, 0x18, 0x10, 0x04, 0x00,
    0x10, 0x02, 0x08, 0x09, 0x08, 0x08, 0x01, 0x09, 0x08, 0x07, 0x00, 0x01, 0x07, 0x03, 0x82, 0x8f,
    0x87, 0xc2, 0xc7, 0x40, 0xc5, 0x01, 0xc5, 0x84, 0x80, 0x81, 0x04, 0x01, 0x05, 0x04, 0x07, 0x01,
    0x05, 0x04, 0x01, 0x01, 0x01, 0x00, 0x00, 0x02, 0x06, 0x00, 0x04, 0x08, 0x04, 0x00, 0x04, 0x00,
    0x00, 0x00, 0x00, 0x00, 0x00, 0x00, 0x80, 0x90, 0x40, 0x60, 0xc0, 0x00, 0x00, 0x00, 0x00, 0x00,
    0x00, 0x00, 0x00, 0x00, 0x18, 0x00, 0x00, 0x00, 0x10, 0x00, 0x10, 0x00, 0x10, 0x10, 0x00, 0x10,
    0x00, 0x00, 0x10, 0x00, 0x00, 0x00, 0x10, 0x00, 0x00, 0x18, 0x00, 0x18, 0x00, 0x00, 0x00, 0x00,
    0x00, 0x00, 0x00, 0x00, 0x00, 0x40, 0x00, 0x00, 0x00, 0x00, 0x00, 0x02, 0x00, 0x00, 0x00, 0x00,
    0x00, 0x01, 0x00, 0x00, 0x00, 0x00, 0x00, 0x00, 0x00, 0x00, 0x00, 0x00, 0x00, 0x00, 0x00, 0x00,
    0x00, 0x00, 0x00, 0x00, 0x00, 0x00, 0x00, 0x00, 0x34, 0x60, 0xf2, 0xd2, 0xce, 0xee, 0xf6, 0x76,
    0x34, 0x95, 0x83, 0x5c, 0xff, 0xfe, 0xf3, 0xf0, 0x40, 0x60, 0xd2, 0xd2, 0x7e, 0x48, 0x38, 0x00,
    0x00, 0x00, 0x00, 0xa0, 0x00, 0x80, 0x80, 0x40, 0x00, 0x00, 0x40, 0x00, 0x00, 0x00, 0x00, 0x00,
    0x00, 0x00, 0x00, 0x04, 0x02, 0x00, 0x00, 0x00, 0x08, 0x00, 0x00, 0x00, 0x00, 0x00, 0x00, 0x00,
    0x00, 0x00, 0x00, 0x00, 0x00, 0x00, 0x00, 0x00, 0x00, 0x00, 0x00, 0x00, 0x00, 0x00, 0x00, 0x00,
    0x00, 0x00, 0x00, 0x00, 0x00, 0x00, 0x00, 0x00, 0x00, 0x00, 0x00, 0x00, 0x00, 0x00, 0x00, 0x00,
    0x00, 0x00, 0x00, 0x00, 0x00, 0x00, 0x00, 0x00, 0x00, 0x00, 0x00, 0x00, 0x00, 0x00, 0x00, 0x00,
    0x00, 0x00, 0x00, 0x00, 0x00, 0x00, 0x00, 0x00, 0x00, 0x00, 0x00, 0x00, 0x00, 0x00, 0x00, 0x00,
    0x00, 0x00, 0x00, 0x00, 0x00, 0x00, 0x00, 0x00, 0x00, 0x40, 0x00, 0x00, 0x03, 0x21, 0x02, 0x40,
    0x20, 0x20, 0x40, 0x60, 0x60, 0xe0, 0xe0, 0x78, 0x71, 0x20, 0x00, 0x03, 0x03, 0x00, 0x00, 0x00,
    0x00, 0x00, 0x02, 0x02, 0x00, 0x02, 0x00, 0x01, 0x00, 0x01, 0x00, 0x00, 0x00, 0x00, 0x00, 0x00,
    0x00, 0x00, 0x00, 0x00, 0x00, 0x00, 0x00, 0x00, 0x00, 0x00, 0x00, 0x00, 0x00, 0x00, 0x00, 0x00,
    0x00, 0x00, 0x00, 0x00, 0x00, 0x00, 0x00, 0x00, 0x00, 0x00, 0x00, 0x00, 0x00, 0x00, 0x00, 0x00,
    0x00, 0x00, 0x00, 0x00, 0x00, 0x00, 0x00, 0x00, 0x00, 0x00, 0x00, 0x00, 0x00, 0x00, 0x00, 0x00,
    0x00, 0x00, 0x00, 0x00, 0x00, 0x00, 0x00, 0x00, 0x00, 0x00, 0x00, 0x00, 0x40, 0xc0, 0x80, 0x00,
    0xa0, 0xc0, 0xc0, 0xf8, 0xc0, 0x00, 0x00, 0x00, 0x20, 0x40, 0x00, 0x01, 0x00, 0x00, 0x00, 0x00,
    0x00, 0x00, 0x00, 0x00, 0x00, 0x00, 0x00, 0x00, 0x08, 0x00, 0x00, 0x00, 0x30, 0x20, 0x70, 0xb0,
    0x88, 0xf8, 0xd8, 0x2a, 0x1e, 0x00, 0x00, 0x8c, 0xf0, 0xc1, 0x0a, 0x1a, 0xbc, 0x1c, 0x04, 0xc0,
    0x90, 0x20, 0x10, 0x60, 0x00, 0x40, 0xa0, 0xe0, 0x00, 0x00, 0x80, 0x00, 0x00, 0x00, 0x00, 0x00,
    0x00, 0x00, 0x00, 0x00, 0x00, 0x00, 0x00, 0x00, 0x00, 0x00, 0x00, 0x00, 0x00, 0x00, 0x00, 0x00,
    0x00, 0x00, 0x00, 0x00, 0x00, 0x00, 0x00, 0x00, 0x00, 0x00, 0x00, 0x00, 0x00, 0x00, 0x00, 0x00,
    0x00, 0x00, 0x00, 0x00, 0x00, 0x00, 0x00, 0x00, 0x00, 0x00, 0x00, 0x00, 0x00, 0x00, 0x00, 0x00,
    0x00, 0x00, 0x00, 0x00, 0xc0, 0xe0, 0xe0, 0xc0, 0x04, 0x04, 0x0c, 0x7c, 0x78, 0xf9, 0xff, 0xfd,
    0xfb, 0xee, 0xff, 0xff, 0xff, 0xff, 0x00, 0x00, 0x00, 0x00, 0x0f, 0x2c, 0xb8, 0x70, 0xc0, 0x00,
    0x00, 0x00, 0x00, 0x00, 0x40, 0x00, 0x80, 0x80, 0x80, 0x82, 0x04, 0x0c, 0x30, 0x70, 0xc8, 0x80,
    0x80, 0x01, 0x44, 0x70, 0xf8, 0xfc, 0xfb, 0x77, 0x0e, 0x07, 0x80, 0xd0, 0xff, 0xfc, 0xff, 0x00,
    0xff, 0x3f, 0xf8, 0xa1, 0x85, 0x0c, 0x39, 0x67, 0x58, 0x70, 0x00, 0x01, 0x36, 0xd6, 0x00, 0xfc,
    0x80, 0x04, 0xf0, 0xc0, 0x00, 0x40, 0x00, 0x00, 0x00, 0x00, 0x00, 0x00, 0x00, 0x00, 0x00, 0x00,
    0x00, 0x00, 0x00, 0x00, 0x00, 0x00, 0x00, 0x00, 0x00, 0x00, 0x00, 0x00, 0x00, 0x00, 0x00, 0x00,
    0x00, 0x00, 0x00, 0x00, 0x00, 0x00, 0x00, 0x00, 0x00, 0x00, 0x00, 0x00, 0x00, 0x00, 0x00, 0x00,
    0x80, 0x0c, 0x38, 0xf8, 0xf3, 0xf7, 0xfb, 0xff, 0xef, 0xfe, 0x78, 0xe0, 0x01, 0x06, 0x1d, 0xf7,
    0x1f, 0x03, 0x00, 0x0f, 0x1f, 0x07, 0x00, 0x00, 0x00, 0x00, 0x00, 0x00, 0x00, 0x00, 0x01, 0x07,
    0x05, 0x08, 0x00, 0x00, 0x01, 0x02, 0x00, 0x00, 0x0c, 0x00, 0x01, 0x01, 0x02, 0x04, 0x00, 0x01,
    0x07, 0x0d, 0x9a, 0x3e, 0x1d, 0x09, 0x81, 0xe0, 0xe8, 0xfe, 0xf7, 0xff, 0xbd, 0x6f, 0xc5, 0xfe,
    0xff, 0xc0, 0xec, 0xff, 0xfe, 0xfb, 0xf8, 0x80, 0x80, 0x00, 0x0b, 0xfc, 0x00, 0x00, 0xc4, 0x7b,
    0x1f, 0x37, 0x9a, 0x8f, 0xe0, 0xf0, 0xff, 0xc0, 0x00, 0x00, 0x00, 0x00, 0x00, 0x00, 0x00, 0x00,
    0x00, 0x00, 0x00, 0x00, 0x00, 0x00, 0x00, 0x00, 0x00, 0x00, 0x00, 0x00, 0x00, 0x00, 0x00, 0x00,
    0x00, 0x00, 0x00, 0x00, 0x00, 0x00, 0x00, 0x00, 0x00, 0x00, 0x00, 0x00, 0x00, 0x00, 0x00, 0x00,
    0x63, 0x6b, 0x2b, 0xaa, 0x2e, 0x97, 0xd5, 0x47, 0x6b, 0x6f, 0x57, 0xee, 0xbd, 0xf8, 0xe0, 0x9f,
    0x80, 0x80, 0x80, 0x00, 0x00, 0x00, 0x00, 0x00, 0x00, 0x00, 0x00, 0x00, 0x00, 0x00, 0x00, 0x00,
    0x00, 0x00, 0x00, 0x00, 0x00, 0x00, 0x00, 0x00, 0x00, 0x00, 0x00, 0x00, 0x00, 0x00, 0x00, 0x00,
    0x00, 0x00, 0x80, 0xe0, 0xf8, 0xfc, 0xff, 0xff, 0xff, 0xff, 0x7f, 0x0f, 0xc0, 0x7c, 0x7f, 0x1f,
    0xff, 0xff, 0xff, 0x7f, 0x7f, 0x3f, 0xff, 0xff, 0x7f, 0xf0, 0x07, 0x00, 0x00, 0x00, 0x08, 0x08,
    0x96, 0xa5, 0x27, 0x2b, 0x3b, 0x31, 0xb5, 0x27, 0x21, 0x22, 0x30, 0x00, 0x00, 0x00, 0x00, 0x18,
    0x38, 0x3c, 0x38, 0xb8, 0xb8, 0xb8, 0x10, 0x00, 0x80, 0x00, 0x00, 0x00, 0x00, 0x40, 0x00, 0x00,
    0x80, 0x00, 0x00, 0x00, 0x00, 0x00, 0x00, 0x00, 0x00, 0x00, 0x00, 0x00, 0x00, 0x00, 0x00, 0x00,
    0x0c, 0x0d, 0x8c, 0x4e, 0x0a, 0x0c, 0x07, 0x17, 0x93, 0x83, 0x4b, 0x01, 0x45, 0x20, 0x12, 0x0b,
    0x0f, 0x0f, 0x0e, 0x0f, 0x4f, 0x2f, 0x0f, 0x07, 0x0b, 0x0d, 0x0d, 0x0f, 0x0c, 0x0c, 0x04, 0x04,
    0x04, 0x05, 0x07, 0x07, 0x03, 0x03, 0x00, 0x02, 0x03, 0x03, 0x03, 0x01, 0x01, 0x03, 0x02, 0x06,
    0x06, 0x06, 0x06, 0x06, 0x06, 0x02, 0x02, 0x08, 0x18, 0xb8, 0x7e, 0x07, 0x3f, 0x3f, 0x7b, 0x03,
    0x0f, 0xdf, 0x5d, 0x1a, 0x02, 0x02, 0x03, 0x04, 0x0c, 0x19, 0xb0, 0x00, 0x14, 0x08, 0x0e, 0x0f,
    0x01, 0x0d, 0x80, 0x80, 0x9e, 0x9a, 0x47, 0x00, 0x18, 0x18, 0x03, 0x2e, 0x10, 0x10, 0x41, 0x1c,
    0x00, 0x00, 0x86, 0x80, 0x80, 0x41, 0x60, 0x50, 0x40, 0x40, 0x0e, 0x40, 0x23, 0x22, 0x2c, 0x20,
    0x00, 0xe0, 0xc1, 0x00, 0x00, 0x00, 0x00, 0x00, 0x00, 0x00, 0x00, 0x00, 0x00, 0x00, 0x00, 0x00
  },
  // Frame 11
  {
    0x00, 0x00, 0x00, 0x00, 0x00, 0x00, 0x00, 0x00, 0x00, 0x00, 0x00, 0x00, 0x00, 0x00, 0x00, 0x00,
    0x00, 0x00, 0x00, 0x40, 0x00, 0x00, 0x20, 0x20, 0x00, 0x30, 0x10, 0x10, 0x08, 0x10, 0x04, 0x00,
    0x10, 0x02, 0x08, 0x09, 0x08, 0x08, 0x01, 0x09, 0x00, 0x0f, 0x00, 0x01, 0x07, 0x03, 0x82, 0x8e,
    0x87, 0xc2, 0xc7, 0x42, 0xc5, 0x01, 0xc1, 0x84, 0x80, 0x81, 0x84, 0x01, 0x05, 0x04, 0x07, 0x01,
    0x05, 0x04, 0x01, 0x01, 0x01, 0x02, 0x00, 0x02, 0x06, 0x00, 0x04, 0x08, 0x04, 0x00, 0x04, 0x00,
    0x00, 0x00, 0x00, 0x00, 0x00, 0x00, 0x80, 0x90, 0x40, 0x60, 0xc0, 0x00, 0x00, 0x00, 0x00, 0x00,
    0x00, 0x00, 0x00, 0x00, 0x18, 0x00, 0x00, 0x00, 0x10, 0x00, 0x10, 0x00, 0x10, 0x10, 0x00, 0x10,
    0x00, 0x10, 0x10, 0x00, 0x00, 0x00, 0x10, 0x00, 0x00, 0x18, 0x00, 0x18, 0x00, 0x00, 0x00, 0x00,
    0x00, 0x00, 0x00, 0x00, 0x00, 0x40, 0x00, 0x00, 0x00, 0x00, 0x00, 0x02, 0x00, 0x00, 0x00, 0x00,
    0x00, 0x00, 0x00, 0x00, 0x00, 0x00, 0x00, 0x00, 0x00, 0x00, 0x00, 0x00, 0x00, 0x00, 0x00, 0x00,
    0x00, 0x00, 0x00, 0x00, 0x00, 0x00, 0x00, 0x00, 0x34, 0x60, 0xf2, 0xd2, 0xc6, 0xe6, 0xf6, 0x72,
    0x34, 0x95, 0x83, 0x1c, 0xff, 0xfe, 0xf3, 0xf2, 0x40, 0x60, 0xd2, 0xd2, 0xfe, 0x48, 0x38, 0x00,
    0x00, 0x00, 0x00, 0x80, 0x00, 0x80, 0x80, 0x40, 0x00, 0x00, 0x40, 0x00, 0x00, 0x00, 0x00, 0x00,
    0x00, 0x00, 0x00, 0x00, 0x00, 0x00, 0x00, 0x00, 0x00, 0x00, 0x00, 0x00, 0x00, 0x00, 0x00, 0x00,
    0x00, 0x00, 0x00, 0x00, 0x00, 0x00, 0x00, 0x00, 0x00, 0x00, 0x00, 0x00, 0x00, 0x00, 0x00, 0x00,
    0x00, 0x00, 0x00, 0x00, 0x00, 0x00, 0x00, 0x00, 0x00, 0x00, 0x00, 0x00, 0x00, 0x00, 0x00, 0x00,
    0x00, 0x00, 0x00, 0x00, 0x00, 0x00, 0x00, 0x00, 0x00, 0x00, 0x00, 0x01, 0x00, 0x00, 0x00, 0x00,
    0x00, 0x00, 0x00, 0x00, 0x00, 0x00, 0x00, 0x00, 0x00, 0x00, 0x00, 0x00, 0x00, 0x00, 0x00, 0x00,
    0x00, 0x00, 0x00, 0x00, 0x00, 0x00, 0x00, 0x00, 0x00, 0x40, 0x00, 0x00, 0x03, 0x01, 0x02, 0x40,
    0x20, 0x20, 0x40, 0x60, 0x60, 0xe0, 0xe1, 0x78, 0x71, 0x20, 0x10, 0x03, 0x03, 0x20, 0x00, 0x00,
    0x00, 0x00, 0x02, 0x02, 0x00, 0x02, 0x00, 0x01, 0x01, 0x01, 0x00, 0x00, 0x00, 0x00, 0x00, 0x00,
    0x00, 0x00, 0x00, 0x00, 0x00, 0x00, 0x00, 0x00, 0x00, 0x00, 0x00, 0x00, 0x00, 0x00, 0x00, 0x00,
    0x00, 0x00, 0x00, 0x00, 0x00, 0x00, 0x00, 0x00, 0x00, 0x00, 0x00, 0x00, 0x00, 0x00, 0x00, 0x00,
    0x00, 0x00, 0x00, 0x00, 0x00, 0x00, 0x00, 0x00, 0x00, 0x00, 0x00, 0x00, 0x00, 0x00, 0x00, 0x00,
    0x00, 0x00, 0x00, 0x00, 0x00, 0x00, 0x00, 0x00, 0x00, 0x00, 0x00, 0x00, 0x00, 0xc0, 0x80, 0x80,
    0xa0, 0x40, 0xc0, 0xd8, 0xc0, 0x80, 0x00, 0x00, 0x20, 0x00, 0x80, 0x01, 0x00, 0x00, 0x00, 0x00,
    0x00, 0x00, 0x00, 0x00, 0x00, 0x00, 0x00, 0x00, 0x08, 0x00, 0x00, 0x00, 0x10, 0x20, 0x70, 0xb0,
    0x98, 0xf8, 0xd8, 0x2a, 0x1e, 0x00, 0x00, 0x4c, 0xf0, 0xc1, 0x0a, 0x1a, 0x38, 0x14, 0x84, 0xc1,
    0xd0, 0x00, 0x30, 0x60, 0x00, 0x40, 0x20, 0xe0, 0x00, 0x00, 0x80, 0x00, 0x00, 0x00, 0x00, 0x00,
    0x00, 0x00, 0x00, 0x00, 0x00, 0x00, 0x00, 0x00, 0x00, 0x00, 0x00, 0x00, 0x00, 0x00, 0x00, 0x00,
    0x00, 0x00, 0x00, 0x00, 0x00, 0x00, 0x00, 0x00, 0x00, 0x00, 0x00, 0x00, 0x00, 0x00, 0x00, 0x00,
    0x00, 0x00, 0x00, 0x00, 0x00, 0x00, 0x00, 0x00, 0x00, 0x00, 0x00, 0x00, 0x00, 0x00, 0x00, 0x00,
    0x00, 0x00, 0x00, 0x00, 0xc0, 0xe0, 0xe0, 0xe0, 0x04, 0x04, 0x0c, 0x5c, 0xfc, 0xf8, 0xff, 0xff,
    0xfb, 0xff, 0xff, 0xff, 0xff, 0xff, 0x20, 0x00, 0x00, 0x00, 0x05, 0x26, 0xb8, 0x70, 0xc0, 0x00,
    0x00, 0x00, 0x00, 0x00, 0x40, 0x40, 0x80, 0x80, 0x81, 0x82, 0x04, 0x0c, 0x30, 0x70, 0xc8, 0x80,
    0xc0, 0x01, 0x44, 0x70, 0xf8, 0xfc, 0xfb, 0x77, 0x0e, 0x07, 0x80, 0xc0, 0xff, 0xfc, 0xff, 0x00,
    0xff, 0x3f, 0xb8, 0xa0, 0x85, 0x0c, 0x39, 0x63, 0x5c, 0x70, 0x00, 0x01, 0x16, 0xd6, 0x00, 0xfc,
    0x80, 0x04, 0xf8, 0xc0, 0x00, 0x40, 0x00, 0x00, 0x00, 0x00, 0x00, 0x00, 0x00, 0x00, 0x00, 0x00,
    0x00, 0x00, 0x00, 0x00, 0x00, 0x00, 0x00, 0x00, 0x00, 0x00, 0x00, 0x00, 0x00, 0x00, 0x00, 0x00,
    0x00, 0x00, 0x00, 0x00, 0x00, 0x00, 0x00, 0x00, 0x00, 0x00, 0x00, 0x00, 0x00, 0x00, 0x00, 0x00,
    0x80, 0x80, 0x3c, 0x78, 0xf3, 0xf7, 0xfb, 0xff, 0xef, 0xde, 0x78, 0xf0, 0x81, 0x03, 0x0d, 0xf3,
    0x1f, 0x13, 0x00, 0x07, 0x1f, 0x0f, 0x00, 0x00, 0x00, 0x00, 0x00, 0x00, 0x00, 0x00, 0x01, 0x07,
    0x0e, 0x0c, 0x00, 0x00, 0x01, 0x00, 0x00, 0x00, 0x08, 0x00, 0x01, 0x01, 0x02, 0x04, 0x00, 0x01,
    0x07, 0x05, 0x9b, 0x3e, 0x1d, 0x09, 0x81, 0xe0, 0xe8, 0xfe, 0xf3, 0xf7, 0xfd, 0x6f, 0xc5, 0xfe,
    0xff, 0x40, 0xec, 0xfd, 0xfe, 0xfb, 0xf8, 0x80, 0x80, 0x00, 0x0b, 0xfc, 0x00, 0x00, 0xc4, 0x7b,
    0x1f, 0x37, 0x9a, 0x8f, 0xe0, 0xf0, 0xff, 0xc0, 0x00, 0x00, 0x00, 0x00, 0x00, 0x00, 0x00, 0x00,
    0x00, 0x00, 0x00, 0x00, 0x00, 0x00, 0x00, 0x00, 0x00, 0x00, 0x00, 0x00, 0x00, 0x00, 0x00, 0x00,
    0x00, 0x00, 0x00, 0x00, 0x00, 0x00, 0x00, 0x00, 0x00, 0x00, 0x00, 0x00, 0x00, 0x00, 0x00, 0x00,
    0x63, 0x6b, 0x2b, 0xab, 0xaa, 0x97, 0xd5, 0x57, 0x6b, 0x6b, 0x57, 0xee, 0xbd, 0xfa, 0xe0, 0x9f,
    0x80, 0x80, 0x80, 0x80, 0x00, 0x00, 0x00, 0x00, 0x00, 0x00, 0x00, 0x00, 0x00, 0x00, 0x00, 0x00,
    0x00, 0x00, 0x00, 0x00, 0x00, 0x00, 0x00, 0x00, 0x00, 0x00, 0x00, 0x00, 0x00, 0x00, 0x00, 0x00,
    0x00, 0x00, 0x80, 0xe0, 0xf8, 0xfc, 0xff, 0xff, 0xff, 0xff, 0x7f, 0x0f, 0x40, 0x7c, 0x7f, 0x1f,
    0xff, 0xff, 0xff, 0x7f, 0x7f, 0x3f, 0xff, 0xff, 0x7f, 0xf0, 0x07, 0x00, 0x00, 0x00, 0x08, 0x08,
    0x96, 0xa5, 0x27, 0x2b, 0x3b, 0xb1, 0xb5, 0x27, 0x21, 0x22, 0xb0, 0x00, 0x00, 0x00, 0x00, 0x18,
    0x38, 0x38, 0x38, 0xb8, 0x38, 0x38, 0x70, 0x00, 0x00, 0x00, 0x00, 0x00, 0x40, 0x40, 0x00, 0x00,
    0x80, 0x00, 0x00, 0x00, 0x00, 0x00, 0x00, 0x00, 0x00, 0x00, 0x00, 0x00, 0x00, 0x00, 0x00, 0x00,
    0x0d, 0x0d, 0xcc, 0x4e, 0x02, 0x4e, 0x07, 0x17, 0x92, 0x83, 0x4b, 0x01, 0x45, 0x20, 0x12, 0x09,
    0x0f, 0x0d, 0x0e, 0x0f, 0x8f, 0x0f, 0x1f, 0x07, 0x03, 0x0b, 0x05, 0x0c, 0x0c, 0x0c, 0x0c, 0x04,
    0x04, 0x04, 0x05, 0x07, 0x03, 0x03, 0x01, 0x02, 0x03, 0x03, 0x03, 0x03, 0x01, 0x03, 0x02, 0x02,
    0x06, 0x06, 0x07, 0x07, 0x07, 0x07, 0x03, 0x02, 0x08, 0xbc, 0x3c, 0x06, 0x0b, 0x3f, 0x3f, 0x21,
    0x07, 0x8f, 0x5d, 0x1d, 0x12, 0x02, 0x03, 0x06, 0x0c, 0x0d, 0xb8, 0x10, 0x58, 0x10, 0x00, 0x1e,
    0x05, 0x17, 0x00, 0x80, 0x9f, 0x9a, 0x87, 0x80, 0x98, 0x90, 0x83, 0x8e, 0x80, 0x90, 0x83, 0x9c,
    0x80, 0x80, 0x86, 0x68, 0x40, 0x41, 0x40, 0x00, 0x00, 0x40, 0x40, 0x20, 0x23, 0x33, 0x04, 0x10,
    0x02, 0x60, 0xc0, 0x00, 0x00, 0x00, 0x00, 0x00, 0x00, 0x00, 0x00, 0x00, 0x00, 0x00, 0x00, 0x00
  },
  // Frame 12
  {
    0x00, 0x00, 0x00, 0x00, 0x00, 0x00, 0x00, 0x00, 0x00, 0x00, 0x00, 0x00, 0x00, 0x00, 0x00, 0x00,
    0x00, 0x00, 0x00, 0x00, 0x00, 0x00, 0x20, 0x20, 0x00, 0x30, 0x10, 0x10, 0x08, 0x18, 0x24, 0x04,
    0x10, 0x02, 0x08, 0x01, 0x08, 0x08, 0x09, 0x01, 0x0c, 0x05, 0x06, 0x04, 0x03, 0x07, 0x00, 0x8e,
    0x8f, 0xc3, 0xc3, 0xc3, 0x47, 0x03, 0xc7, 0xc2, 0x82, 0x87, 0x84, 0x05, 0x01, 0x04, 0x01, 0x01,
    0x01, 0x00, 0x01, 0x01, 0x01, 0x06, 0x02, 0x02, 0x02, 0x08, 0x00, 0x00, 0x20, 0x00, 0x00, 0x00,
    0x00, 0x00, 0x00, 0x00, 0x00, 0x00, 0x00, 0x90, 0x00, 0x40, 0x00, 0x80, 0x00, 0x00, 0x00, 0x00,
    0x00, 0x00, 0x00, 0x00, 0x18, 0x00, 0x00, 0x00, 0x10, 0x00, 0x10, 0x00, 0x10, 0x10, 0x00, 0x10,
    0x00, 0x00, 0x10, 0x00, 0x00, 0x00, 0x10, 0x00, 0x00, 0x18, 0x00, 0x18, 0x00, 0x00, 0x00, 0x00,
    0x00, 0x00, 0x00, 0x00, 0x00, 0x00, 0x00, 0x00, 0x00, 0x00, 0x00, 0x02, 0x00, 0x00, 0x00, 0x00,
    0x00, 0x00, 0x00, 0x00, 0x00, 0x00, 0x00, 0x00, 0x00, 0x00, 0x00, 0x00, 0x00, 0x00, 0x00, 0x00,
    0x00, 0x00, 0x00, 0x00, 0x00, 0x00, 0x00, 0x00, 0x34, 0x60, 0x72, 0xd2, 0xc6, 0xe6, 0xf6, 0xfe,
    0x74, 0x95, 0x93, 0x18, 0xfb, 0xff, 0xf1, 0xf2, 0xe0, 0x60, 0xd2, 0xda, 0xb4, 0x6c, 0x38, 0x00,
    0x00, 0x00, 0x00, 0x40, 0xa0, 0x00, 0x80, 0x00, 0x40, 0x00, 0x00, 0x00, 0x00, 0x00, 0x00, 0x00,
    0x00, 0x08, 0x00, 0x00, 0x00, 0x00, 0x00, 0x00, 0x00, 0x00, 0x00, 0x00, 0x00, 0x00, 0x00, 0x00,
    0x00, 0x00, 0x00, 0x00, 0x00, 0x00, 0x00, 0x00, 0x00, 0x00, 0x00, 0x00, 0x00, 0x00, 0x00, 0x00,
    0x00, 0x00, 0x00, 0x00, 0x00, 0x00, 0x00, 0x00, 0x00, 0x00, 0x00, 0x00, 0x00, 0x00, 0x00, 0x00,
    0x00, 0x00, 0x00, 0x00, 0x00, 0x00, 0x00, 0x00, 0x00, 0x00, 0x00, 0x00, 0x04, 0x00, 0x00, 0x00,
    0x00, 0x00, 0x00, 0x00, 0x00, 0x00, 0x00, 0x00, 0x00, 0x00, 0x00, 0x00, 0x00, 0x00, 0x00, 0x00,
    0x00, 0x00, 0x00, 0x00, 0x00, 0x00, 0x00, 0x00, 0x00, 0x00, 0x20, 0x00, 0x03, 0x01, 0x02, 0x40,
    0x20, 0x60, 0x40, 0x60, 0x60, 0x60, 0xe1, 0xf8, 0x61, 0x30, 0x10, 0x03, 0x03, 0x08, 0x00, 0x00,
    0x00, 0x00, 0x02, 0x02, 0x02, 0x02, 0x00, 0x01, 0x01, 0x00, 0x00, 0x00, 0x00, 0x00, 0x00, 0x00,
    0x00, 0x00, 0x00, 0x00, 0x00, 0x00, 0x00, 0x00, 0x00, 0x00, 0x00, 0x00, 0x00, 0x00, 0x00, 0x00,
    0x00, 0x00, 0x00, 0x00, 0x00, 0x00, 0x00, 0x00, 0x00, 0x00, 0x00, 0x00, 0x00, 0x00, 0x00, 0x00,
    0x00, 0x00, 0x00, 0x00, 0x00, 0x00, 0x00, 0x00, 0x00, 0x00, 0x00, 0x00, 0x00, 0x00, 0x00, 0x00,
    0x00, 0x00, 0x00, 0x00, 0x00, 0x00, 0x00, 0x00, 0x00, 0x00, 0x00, 0x00, 0x00, 0x40, 0xc0, 0x80,
    0x80, 0x60, 0xc0, 0xc8, 0xe0, 0x80, 0x00, 0x00, 0x00, 0x00, 0x00, 0x00, 0x00, 0x00, 0x00, 0x00,
    0x00, 0x00, 0x00, 0x00, 0x00, 0x00, 0x40, 0x00, 0x00, 0x00, 0x14, 0x20, 0x10, 0x20, 0x78, 0x30,
    0x98, 0xf8, 0xb8, 0x2a, 0x1c, 0x00, 0x80, 0x0c, 0xf0, 0xe1, 0x02, 0x1a, 0x38, 0xd4, 0x0c, 0x09,
    0xd0, 0x20, 0x30, 0x40, 0x00, 0x40, 0xa0, 0xa0, 0x00, 0x00, 0x80, 0x00, 0x00, 0x00, 0x00, 0x00,
    0x00, 0x00, 0x00, 0x00, 0x00, 0x00, 0x00, 0x00, 0x00, 0x00, 0x00, 0x00, 0x00, 0x00, 0x00, 0x00,
    0x00, 0x00, 0x00, 0x00, 0x00, 0x00, 0x00, 0x00, 0x00, 0x00, 0x00, 0x00, 0x00, 0x00, 0x00, 0x00,
    0x00, 0x00, 0x00, 0x00, 0x00, 0x00, 0x00, 0x00, 0x00, 0x00, 0x00, 0x00, 0x00, 0x00, 0x00, 0x00,
    0x00, 0x00, 0x00, 0x00, 0xc0, 0xc0, 0xe0, 0xf0, 0xc0, 0x06, 0x06, 0x3c, 0xbc, 0x7c, 0xff, 0xfe,
    0xfd, 0xfb, 0x1f, 0xfe, 0xff, 0xff, 0x78, 0x00, 0x00, 0x00, 0x07, 0x16, 0x7c, 0x70, 0xc0, 0x80,
    0x00, 0x00, 0x20, 0x40, 0x40, 0xc0, 0xc0, 0xc0, 0x81, 0x80, 0x80, 0x08, 0x10, 0x30, 0xc8, 0x80,
    0x80, 0x01, 0x4c, 0xf0, 0xf8, 0xfc, 0xf9, 0xf3, 0x0e, 0x0f, 0x80, 0x60, 0xff, 0xff, 0xf7, 0x00,
    0xff, 0x3f, 0x38, 0xe0, 0x81, 0x0c, 0x29, 0x63, 0x5c, 0x70, 0x00, 0x01, 0x16, 0xd6, 0x00, 0xfc,
    0xc0, 0x04, 0xf0, 0xc0, 0x00, 0x80, 0x00, 0x00, 0x00, 0x00, 0x00, 0x00, 0x00, 0x00, 0x00, 0x00,
    0x00, 0x00, 0x00, 0x00, 0x00, 0x00, 0x00, 0x00, 0x00, 0x00, 0x00, 0x00, 0x00, 0x00, 0x00, 0x00,
    0x00, 0x00, 0x00, 0x00, 0x00, 0x00, 0x00, 0x00, 0x00, 0x00, 0x00, 0x00, 0x00, 0x00, 0x00, 0x00,
    0xc0, 0x80, 0x8c, 0x38, 0xf8, 0xfb, 0xff, 0xfb, 0xf7, 0xdf, 0xbc, 0x70, 0xc0, 0x01, 0x06, 0x3b,
    0xef, 0xff, 0x00, 0x07, 0x1f, 0x1f, 0x00, 0x00, 0x00, 0x00, 0x00, 0x00, 0x00, 0x00, 0x01, 0x03,
    0x0e, 0x0e, 0x00, 0x00, 0x00, 0x00, 0x01, 0x02, 0x00, 0x08, 0x00, 0x01, 0x02, 0x00, 0x00, 0x01,
    0x03, 0x07, 0x0b, 0x36, 0x1c, 0x09, 0x81, 0xc0, 0xe8, 0xfc, 0xef, 0xff, 0xff, 0x6f, 0xcf, 0xfc,
    0x7f, 0x40, 0xe8, 0xfd, 0xfe, 0xff, 0xfc, 0x90, 0x80, 0x00, 0x0b, 0xfc, 0x00, 0x00, 0xc4, 0x7b,
    0x1f, 0x36, 0x9a, 0xcf, 0xe0, 0xf0, 0xff, 0xc0, 0x00, 0x00, 0x00, 0x00, 0x00, 0x00, 0x00, 0x00,
    0x00, 0x00, 0x00, 0x00, 0x00, 0x00, 0x00, 0x00, 0x00, 0x00, 0x00, 0x00, 0x00, 0x00, 0x00, 0x00,
    0x00, 0x00, 0x00, 0x00, 0x00, 0x00, 0x00, 0x00, 0x00, 0x00, 0x00, 0x00, 0x00, 0x00, 0x00, 0x00,
    0x63, 0x23, 0x23, 0x8b, 0x8b, 0x0a, 0xca, 0x55, 0x17, 0x07, 0x2b, 0x57, 0xfe, 0xbd, 0xb0, 0x9c,
    0x81, 0x00, 0x80, 0x80, 0x80, 0x00, 0x00, 0x00, 0x00, 0x00, 0x00, 0x00, 0x00, 0x00, 0x00, 0x00,
    0x00, 0x00, 0x00, 0x00, 0x00, 0x00, 0x00, 0x00, 0x00, 0x00, 0x00, 0x00, 0x00, 0x00, 0x00, 0x00,
    0x00, 0x00, 0x80, 0xe0, 0xf8, 0xfc, 0xff, 0xff, 0xff, 0xff, 0x7f, 0x1f, 0x41, 0x7c, 0x7f, 0x1f,
    0x7f, 0x7f, 0xff, 0xff, 0x7f, 0x3f, 0xff, 0xff, 0x7f, 0xf0, 0x07, 0x00, 0x00, 0x00, 0x08, 0x08,
    0x14, 0x25, 0x2f, 0xab, 0x33, 0x31, 0x35, 0x27, 0x23, 0xa0, 0x30, 0x00, 0x00, 0x00, 0x00, 0x90,
    0x38, 0x38, 0x38, 0xb8, 0x38, 0x38, 0x38, 0xc0, 0x00, 0x00, 0x00, 0x80, 0x00, 0x00, 0x00, 0x00,
    0x00, 0x00, 0x00, 0x00, 0x00, 0x00, 0x00, 0x00, 0x00, 0x00, 0x00, 0x00, 0x00, 0x00, 0x00, 0x00,
    0x0f, 0x8d, 0xcd, 0x46, 0x06, 0x4e, 0x05, 0x26, 0x13, 0x93, 0x0b, 0x4b, 0x25, 0x45, 0x20, 0x12,
    0x0b, 0x0f, 0x0d, 0x0e, 0x0f, 0x87, 0x4f, 0x0f, 0x0f, 0x07, 0x0b, 0x0d, 0x0c, 0x0e, 0x0e, 0x0e,
    0x06, 0x06, 0x07, 0x15, 0x07, 0x07, 0x03, 0x03, 0x02, 0x03, 0x03, 0x03, 0x03, 0x01, 0x01, 0x03,
    0x02, 0x02, 0x02, 0x06, 0x26, 0x26, 0x07, 0x07, 0x07, 0x07, 0x89, 0x3f, 0x3e, 0x06, 0x1f, 0x3f,
    0x39, 0x03, 0x07, 0x5f, 0x3d, 0x19, 0x12, 0x02, 0x02, 0x07, 0x8c, 0x4c, 0x38, 0x30, 0x10, 0x00,
    0x0e, 0x0c, 0x00, 0x0e, 0x10, 0x00, 0x00, 0x56, 0x45, 0x47, 0xd0, 0xc0, 0xc6, 0xc2, 0x4c, 0x70,
    0x43, 0x43, 0x40, 0x44, 0x59, 0x11, 0x02, 0x44, 0x50, 0x11, 0x22, 0x24, 0x39, 0x09, 0x22, 0x14,
    0x51, 0x80, 0x88, 0x00, 0x00, 0x00, 0x00, 0x00, 0x00, 0x00, 0x00, 0x00, 0x00, 0x00, 0x00, 0x00
  },
  // Frame 13
  {
    0x00, 0x00, 0x00, 0x00, 0x00, 0x00, 0x00, 0x00, 0x00, 0x00, 0x00, 0x00, 0x00, 0x00, 0x00, 0x00,
    0x00, 0x80, 0x00, 0x00, 0x40, 0x00, 0x20, 0x20, 0x00, 0x10, 0x10, 0x10, 0x18, 0x18, 0x34, 0x04,
    0x10, 0x10, 0x0a, 0x08, 0x0b, 0x08, 0x08, 0x03, 0x05, 0x0c, 0x07, 0x0c, 0x03, 0x07, 0x01, 0x87,
    0x86, 0x83, 0xc6, 0xc7, 0x43, 0x07, 0xc7, 0x46, 0x86, 0x82, 0x84, 0x87, 0x03, 0x00, 0x01, 0x01,
    0x03, 0x02, 0x02, 0x03, 0x01, 0x02, 0x00, 0x02, 0x06, 0x00, 0x00, 0x00, 0x24, 0x00, 0x00, 0x00,
    0x00, 0x00, 0x00, 0x20, 0x00, 0x00, 0x00, 0x80, 0x00, 0x40, 0x00, 0x00, 0x00, 0x00, 0x00, 0x00,
    0x00, 0x00, 0x00, 0x00, 0x18, 0x00, 0x00, 0x00, 0x10, 0x00, 0x10, 0x00, 0x10, 0x10, 0x00, 0x10,
    0x00, 0x10, 0x10, 0x00, 0x00, 0x00, 0x10, 0x00, 0x00, 0x18, 0x00, 0x18, 0x00, 0x00, 0x00, 0x00,
    0x00, 0x00, 0x00, 0x00, 0x00, 0x00, 0x00, 0x00, 0x00, 0x00, 0x00, 0x00, 0x00, 0x00, 0x00, 0x00,
    0x00, 0x00, 0x00, 0x00, 0x00, 0x00, 0x00, 0x00, 0x00, 0x00, 0x00, 0x00, 0x00, 0x00, 0x00, 0x00,
    0x00, 0x00, 0x00, 0x00, 0x00, 0x00, 0x00, 0x00, 0x30, 0x40, 0x72, 0xd2, 0xc6, 0xe6, 0xf6, 0xf6,
    0x74, 0x9d, 0x9b, 0x09, 0xdf, 0xff, 0xf9, 0xf2, 0xe0, 0x60, 0xc2, 0xda, 0xb4, 0x64, 0x34, 0x00,
    0x00, 0x00, 0x00, 0x40, 0xa0, 0x00, 0x80, 0x00, 0x40, 0x00, 0x00, 0x00, 0x00, 0x00, 0x00, 0x00,
    0x00, 0x08, 0x00, 0x00, 0x00, 0x00, 0x00, 0x01, 0x00, 0x08, 0x00, 0x00, 0x00, 0x00, 0x00, 0x00,
    0x00, 0x00, 0x00, 0x00, 0x00, 0x00, 0x00, 0x00, 0x00, 0x00, 0x00, 0x00, 0x00, 0x00, 0x00, 0x00,
    0x00, 0x00, 0x00, 0x00, 0x00, 0x00, 0x00, 0x00, 0x00, 0x00, 0x00, 0x00, 0x00, 0x00, 0x00, 0x00,
    0x00, 0x00, 0x00, 0x00, 0x00, 0x00, 0x00, 0x00, 0x00, 0x00, 0x00, 0x00, 0x04, 0x00, 0x00, 0x00,
    0x00, 0x00, 0x00, 0x00, 0x00, 0x00, 0x00, 0x00, 0x00, 0x00, 0x00, 0x00, 0x00, 0x00, 0x00, 0x00,
    0x00, 0x00, 0x00, 0x00, 0x00, 0x00, 0x00, 0x00, 0x00, 0x00, 0x20, 0x00, 0x03, 0x01, 0x03, 0x40,
    0x20, 0x60, 0x40, 0x40, 0x60, 0x60, 0xe1, 0xf8, 0x71, 0x31, 0x00, 0x03, 0x13, 0x28, 0x00, 0x00,
    0x00, 0x00, 0x02, 0x02, 0x02, 0x02, 0x00, 0x01, 0x01, 0x00, 0x00, 0x00, 0x00, 0x00, 0x00, 0x00,
    0x00, 0x00, 0x00, 0x00, 0x00, 0x00, 0x00, 0x00, 0x00, 0x00, 0x00, 0x00, 0x00, 0x00, 0x00, 0x00,
    0x00, 0x00, 0x00, 0x00, 0x00, 0x00, 0x00, 0x00, 0x00, 0x00, 0x00, 0x00, 0x00, 0x00, 0x00, 0x00,
    0x00, 0x00, 0x00, 0x00, 0x00, 0x00, 0x00, 0x00, 0x00, 0x00, 0x00, 0x00, 0x00, 0x00, 0x00, 0x00,
    0x00, 0x00, 0x00, 0x00, 0x00, 0x00, 0x00, 0x00, 0x00, 0x00, 0x00, 0x00, 0x00, 0x40, 0x40, 0x80,
    0x80, 0xa0, 0xc0, 0xc8, 0xe0, 0x40, 0x00, 0x00, 0x00, 0x20, 0x00, 0x00, 0x00, 0x00, 0x00, 0x00,
    0x00, 0x00, 0x00, 0x00, 0x00, 0x00, 0x00, 0x00, 0x00, 0x08, 0x14, 0x20, 0x10, 0x20, 0x78, 0x30,
    0x98, 0xd8, 0xb8, 0x2a, 0x1c, 0x00, 0x80, 0x04, 0xf0, 0xe1, 0x02, 0x1a, 0x38, 0xf4, 0x0c, 0x09,
    0xd0, 0x20, 0x30, 0x60, 0x00, 0x40, 0xa0, 0xe0, 0x00, 0x00, 0x80, 0x00, 0x00, 0x00, 0x00, 0x00,
    0x00, 0x00, 0x00, 0x00, 0x00, 0x00, 0x00, 0x00, 0x00, 0x00, 0x00, 0x00, 0x00, 0x00, 0x00, 0x00,
    0x00, 0x00, 0x00, 0x00, 0x00, 0x00, 0x00, 0x00, 0x00, 0x00, 0x00, 0x00, 0x00, 0x00, 0x00, 0x00,
    0x00, 0x00, 0x00, 0x00, 0x00, 0x00, 0x00, 0x00, 0x00, 0x00, 0x00, 0x00, 0x00, 0x00, 0x00, 0x00,
    0x00, 0x00, 0x00, 0x00, 0x00, 0xe0, 0xe0, 0xf0, 0xe0, 0x86, 0x06, 0x0e, 0x5c, 0xbc, 0xfd, 0xff,
    0xfd, 0xff, 0x4e, 0xff, 0xff, 0xff, 0x7d, 0x00, 0x00, 0x00, 0x03, 0x12, 0x5c, 0xf9, 0xe0, 0x80,
    0x00, 0x00, 0x20, 0x40, 0x00, 0x40, 0xc0, 0x80, 0xc1, 0x80, 0x00, 0x08, 0x18, 0x30, 0xd0, 0xd0,
    0x80, 0x01, 0x48, 0x62, 0xf8, 0xfc, 0xf9, 0xf3, 0x0f, 0x0f, 0x80, 0xe0, 0xfe, 0xff, 0xf7, 0x00,
    0xff, 0x3f, 0x3c, 0xe0, 0x81, 0x0c, 0x39, 0x63, 0x5c, 0x70, 0x00, 0x01, 0x16, 0xd6, 0x00, 0xfe,
    0xc0, 0x00, 0x70, 0xe0, 0x00, 0x80, 0x00, 0x00, 0x00, 0x00, 0x00, 0x00, 0x00, 0x00, 0x00, 0x00,
    0x00, 0x00, 0x00, 0x00, 0x00, 0x00, 0x00, 0x00, 0x00, 0x00, 0x00, 0x00, 0x00, 0x00, 0x00, 0x00,
    0x00, 0x00, 0x00, 0x00, 0x00, 0x00, 0x00, 0x00, 0x00, 0x00, 0x00, 0x00, 0x00, 0x00, 0x00, 0x00,
    0xe0, 0xc0, 0x80, 0xbc, 0x78, 0x78, 0xfd, 0xff, 0xff, 0xef, 0xde, 0xb8, 0xe0, 0x80, 0x03, 0x0d,
    0xf3, 0x0f, 0x00, 0x03, 0x1f, 0x1f, 0x00, 0x00, 0x00, 0x00, 0x00, 0x00, 0x00, 0x00, 0x00, 0x03,
    0x0e, 0x04, 0x00, 0x20, 0x00, 0x01, 0x01, 0x02, 0x00, 0x08, 0x00, 0x01, 0x02, 0x00, 0x00, 0x01,
    0x03, 0x07, 0x0b, 0x36, 0x2c, 0x0d, 0x01, 0xc0, 0xe0, 0xf4, 0xef, 0xff, 0xff, 0x6e, 0x8f, 0xfc,
    0x7f, 0x40, 0xe4, 0xff, 0xff, 0xfd, 0xfc, 0x90, 0x80, 0x00, 0x1b, 0xfc, 0x00, 0x00, 0xc0, 0x6b,
    0x1f, 0x36, 0x9b, 0xc7, 0xe0, 0xf0, 0xfe, 0xc0, 0x00, 0x00, 0x00, 0x00, 0x00, 0x00, 0x00, 0x00,
    0x00, 0x00, 0x00, 0x00, 0x00, 0x00, 0x00, 0x00, 0x00, 0x00, 0x00, 0x00, 0x00, 0x00, 0x00, 0x00,
    0x00, 0x00, 0x00, 0x00, 0x00, 0x00, 0x00, 0x00, 0x00, 0x00, 0x00, 0x00, 0x00, 0x00, 0x00, 0x00,
    0x73, 0x57, 0x17, 0x17, 0x8f, 0x8b, 0xca, 0x4b, 0x15, 0x57, 0x47, 0x0f, 0x97, 0xff, 0xba, 0xa0,
    0x87, 0x00, 0x00, 0x80, 0x80, 0x80, 0x00, 0x00, 0x80, 0x80, 0x00, 0x00, 0x00, 0x00, 0x00, 0x00,
    0x00, 0x00, 0x00, 0x00, 0x00, 0x00, 0x00, 0x00, 0x00, 0x00, 0x00, 0x00, 0x00, 0x00, 0x00, 0x00,
    0x00, 0x00, 0x80, 0xe0, 0xf0, 0xfc, 0xff, 0xff, 0xff, 0xff, 0x7f, 0x1f, 0x41, 0x78, 0x7f, 0x1f,
    0x7f, 0xff, 0x7f, 0x7f, 0x7f, 0x3f, 0xff, 0xff, 0x7f, 0xf0, 0x07, 0x00, 0x00, 0x00, 0x08, 0x08,
    0x04, 0x25, 0x2b, 0x2b, 0x33, 0x35, 0x35, 0x27, 0x23, 0x20, 0x20, 0x00, 0x00, 0x00, 0x00, 0x00,
    0x88, 0x10, 0x38, 0x78, 0x38, 0x38, 0x38, 0xf8, 0x00, 0x00, 0x00, 0x80, 0x00, 0x00, 0x00, 0x00,
    0x00, 0x00, 0x00, 0x00, 0x00, 0x00, 0x00, 0x00, 0x00, 0x00, 0x00, 0x00, 0x00, 0x00, 0x00, 0x00,
    0x07, 0x87, 0xcd, 0x4e, 0x46, 0x06, 0x03, 0x27, 0x17, 0x13, 0x83, 0x4b, 0x01, 0x05, 0x41, 0x22,
    0x10, 0x0b, 0x07, 0x07, 0x07, 0x0f, 0x8f, 0x4f, 0x1f, 0x0f, 0x03, 0x09, 0x0d, 0x0c, 0x0e, 0x0e,
    0x06, 0x06, 0x07, 0x07, 0x15, 0x07, 0x07, 0x03, 0x03, 0x02, 0x03, 0x03, 0x03, 0x07, 0x01, 0x01,
    0x02, 0x02, 0x02, 0x02, 0x22, 0x26, 0x26, 0x26, 0x07, 0x07, 0x03, 0x89, 0x7f, 0x3e, 0x07, 0x8e,
    0x3f, 0x7f, 0x01, 0x07, 0x4f, 0x7d, 0x1d, 0x10, 0x02, 0x03, 0xc2, 0x44, 0x0c, 0x18, 0x10, 0x10,
    0x10, 0x04, 0x00, 0x42, 0x10, 0x00, 0x00, 0x06, 0x47, 0x47, 0x48, 0x40, 0x86, 0x83, 0x88, 0x90,
    0x07, 0x43, 0x40, 0x40, 0x50, 0x48, 0x42, 0x00, 0x00, 0x51, 0x42, 0x00, 0x31, 0x20, 0x24, 0x28,
    0x50, 0x90, 0x94, 0x00, 0x00, 0x00, 0x00, 0x00, 0x00, 0x00, 0x00, 0x00, 0x00, 0x00, 0x00, 0x00
  },
  // Frame 14
  {
    0x00, 0x00, 0x00, 0x00, 0x00, 0x00, 0x00, 0x00, 0x00, 0x00, 0x00, 0x00, 0x00, 0x00, 0x00, 0x00,
    0x00, 0x00, 0x00, 0x00, 0x40, 0x00, 0x00, 0x20, 0x20, 0x00, 0x10, 0x10, 0x18, 0x08, 0x10, 0x04,
    0x00, 0x10, 0x02, 0x08, 0x0b, 0x08, 0x08, 0x01, 0x01, 0x0c, 0x05, 0x06, 0x04, 0x07, 0x03, 0x83,
    0x83, 0x8b, 0xc6, 0x47, 0x43, 0x47, 0xc7, 0xc7, 0xc6, 0x82, 0x86, 0x87, 0x07, 0x03, 0x01, 0x01,
    0x03, 0x06, 0x07, 0x03, 0x03, 0x06, 0x04, 0x06, 0x02, 0x00, 0x00, 0x04, 0x20, 0x00, 0x00, 0x00,
    0x00, 0x00, 0x00, 0x20, 0x00, 0x00, 0x00, 0x80, 0x00, 0x20, 0x00, 0x00, 0x00, 0x00, 0x00, 0x00,
    0x00, 0x00, 0x00, 0x00, 0x18, 0x00, 0x00, 0x00, 0x10, 0x00, 0x10, 0x00, 0x10, 0x10, 0x00, 0x10,
    0x00, 0x10, 0x10, 0x00, 0x00, 0x00, 0x10, 0x00, 0x00, 0x18, 0x00, 0x18, 0x00, 0x00, 0x00, 0x00,
    0x00, 0x00, 0x00, 0x00, 0x00, 0x00, 0x80, 0x00, 0x00, 0x00, 0x00, 0x00, 0x00, 0x04, 0x01, 0x00,
    0x00, 0x00, 0x00, 0x00, 0x00, 0x00, 0x00, 0x00, 0x00, 0x00, 0x00, 0x00, 0x00, 0x00, 0x00, 0x00,
    0x00, 0x00, 0x00, 0x00, 0x00, 0x00, 0x00, 0x00, 0x10, 0x24, 0x60, 0xe2, 0xc2, 0xc6, 0xf6, 0xf6,
    0x74, 0x3c, 0x9b, 0x03, 0xbf, 0xfb, 0xf0, 0xf3, 0xe2, 0x60, 0xd2, 0xc2, 0x56, 0x64, 0x34, 0x10,
    0x00, 0x00, 0x00, 0x40, 0x80, 0x00, 0x80, 0x00, 0x00, 0x00, 0x00, 0x00, 0x00, 0x00, 0x00, 0x04,
    0x00, 0x08, 0x00, 0x00, 0x00, 0x00, 0x00, 0x11, 0x00, 0x08, 0x00, 0x03, 0x00, 0x00, 0x00, 0x00,
    0x00, 0x00, 0x00, 0x00, 0x00, 0x00, 0x00, 0x00, 0x00, 0x00, 0x00, 0x00, 0x00, 0x00, 0x00, 0x00,
    0x00, 0x00, 0x00, 0x00, 0x00, 0x00, 0x00, 0x00, 0x00, 0x00, 0x00, 0x00, 0x00, 0x00, 0x00, 0x00,
    0x00, 0x00, 0x00, 0x00, 0x00, 0x00, 0x00, 0x01, 0x00, 0x00, 0x00, 0x00, 0x00, 0x04, 0x00, 0x00,
    0x00, 0x00, 0x00, 0x00, 0x00, 0x00, 0x00, 0x00, 0x00, 0x00, 0x00, 0x00, 0x00, 0x00, 0x00, 0x00,
    0x00, 0x00, 0x00, 0x00, 0x00, 0x00, 0x00, 0x00, 0x00, 0x00, 0x20, 0x00, 0x03, 0x03, 0x03, 0x00,
    0x00, 0x60, 0x00, 0x40, 0x60, 0xe0, 0xe1, 0xe8, 0x71, 0x31, 0x00, 0x03, 0x03, 0x01, 0x00, 0x00,
    0x00, 0x00, 0x02, 0x02, 0x02, 0x02, 0x00, 0x01, 0x01, 0x00, 0x00, 0x00, 0x00, 0x00, 0x00, 0x00,
    0x00, 0x00, 0x00, 0x00, 0x00, 0x00, 0x00, 0x00, 0x00, 0x00, 0x00, 0x00, 0x00, 0x00, 0x00, 0x00,
    0x00, 0x00, 0x00, 0x00, 0x00, 0x00, 0x00, 0x00, 0x00, 0x00, 0x00, 0x00, 0x00, 0x00, 0x00, 0x00,
    0x00, 0x00, 0x00, 0x00, 0x00, 0x00, 0x00, 0x00, 0x00, 0x00, 0x00, 0x00, 0x00, 0x00, 0x00, 0x00,
    0x00, 0x00, 0x00, 0x00, 0x00, 0x00, 0x00, 0x00, 0x00, 0x00, 0x00, 0x00, 0x00, 0x00, 0xc0, 0x40,
    0x80, 0x80, 0x60, 0xc0, 0xf8, 0xc0, 0x80, 0x00, 0x00, 0x20, 0xc0, 0x00, 0x00, 0x00, 0x00, 0x00,
    0x00, 0x00, 0x00, 0x00, 0x00, 0x00, 0x00, 0x00, 0x00, 0x08, 0x10, 0x20, 0x00, 0x30, 0x28, 0x70,
    0x98, 0xd8, 0xb8, 0x4a, 0x1c, 0x02, 0x00, 0x04, 0xf0, 0xe1, 0x82, 0x1a, 0x38, 0xf4, 0x0c, 0x09,
    0xd0, 0x20, 0x10, 0x60, 0x00, 0x40, 0xa0, 0xa0, 0x00, 0x00, 0x80, 0x00, 0x00, 0x00, 0x00, 0x00,
    0x00, 0x00, 0x00, 0x00, 0x00, 0x00, 0x00, 0x00, 0x00, 0x00, 0x00, 0x00, 0x00, 0x00, 0x00, 0x00,
    0x00, 0x00, 0x00, 0x00, 0x00, 0x00, 0x00, 0x00, 0x00, 0x00, 0x00, 0x00, 0x00, 0x00, 0x00, 0x00,
    0x00, 0x00, 0x00, 0x00, 0x00, 0x00, 0x00, 0x00, 0x00, 0x00, 0x00, 0x00, 0x00, 0x00, 0x00, 0x00,
    0x00, 0x00, 0x00, 0x00, 0x00, 0x00, 0xf0, 0xf0, 0xf0, 0xe0, 0x86, 0x06, 0x0e, 0x1c, 0xbc, 0x7f,
    0xff, 0xff, 0xfb, 0x1f, 0xff, 0xff, 0xff, 0x00, 0x00, 0x00, 0x01, 0x0a, 0x6c, 0xb8, 0xe0, 0xc0,
    0x00, 0x00, 0x00, 0x40, 0x80, 0x40, 0x40, 0xc0, 0xc0, 0x80, 0x02, 0x04, 0x1c, 0x30, 0x70, 0xc0,
    0x80, 0x80, 0xc2, 0x62, 0xf0, 0x7c, 0xf9, 0x73, 0x27, 0x0f, 0x00, 0xe0, 0xf8, 0xff, 0xff, 0x00,
    0xff, 0x7f, 0x7c, 0xf0, 0x81, 0x0c, 0x39, 0x63, 0x58, 0x70, 0x00, 0x01, 0x3e, 0xc6, 0x00, 0xf8,
    0xe0, 0x00, 0xf0, 0xe0, 0x40, 0x80, 0x00, 0x00, 0x00, 0x00, 0x00, 0x00, 0x00, 0x00, 0x00, 0x00,
    0x00, 0x00, 0x00, 0x00, 0x00, 0x00, 0x00, 0x00, 0x00, 0x00, 0x00, 0x00, 0x00, 0x00, 0x00, 0x00,
    0x00, 0x00, 0x00, 0x00, 0x00, 0x00, 0x00, 0x00, 0x00, 0x00, 0x00, 0x00, 0x00, 0x00, 0x00, 0x00,
    0xb0, 0xf0, 0xe0, 0xc0, 0x98, 0xbc, 0x79, 0x7b, 0xff, 0xff, 0xff, 0xef, 0xdc, 0xb8, 0x40, 0x03,
    0x06, 0x1f, 0x07, 0x00, 0x0f, 0x1f, 0x07, 0x00, 0x00, 0x00, 0x00, 0x00, 0x00, 0x00, 0x00, 0x01,
    0x03, 0x04, 0x00, 0x20, 0x00, 0x01, 0x02, 0x02, 0x04, 0x08, 0x01, 0x11, 0x00, 0x02, 0x00, 0x01,
    0x03, 0x07, 0x4f, 0x16, 0x2c, 0x1d, 0x02, 0xc0, 0xf0, 0xfc, 0xff, 0xff, 0xff, 0x5e, 0x8b, 0xf8,
    0x7f, 0x40, 0xe8, 0xff, 0xff, 0xfd, 0xfc, 0x90, 0x80, 0x00, 0x1b, 0xf8, 0x00, 0x00, 0x42, 0x6b,
    0x1f, 0x3e, 0x8f, 0xc3, 0xe0, 0xf1, 0xfe, 0x80, 0x00, 0x00, 0x00, 0x00, 0x00, 0x00, 0x00, 0x00,
    0x00, 0x00, 0x00, 0x00, 0x00, 0x00, 0x00, 0x00, 0x00, 0x00, 0x00, 0x00, 0x00, 0x00, 0x00, 0x00,
    0x00, 0x00, 0x00, 0x00, 0x00, 0x00, 0x00, 0x00, 0x00, 0x00, 0x00, 0x00, 0x00, 0x00, 0x00, 0x00,
    0xd3, 0xd3, 0x31, 0x31, 0x35, 0xb5, 0x97, 0x47, 0x4b, 0x4a, 0xeb, 0xa5, 0x37, 0xbb, 0xa7, 0xfd,
    0xd8, 0xe0, 0x40, 0x40, 0xc0, 0x80, 0xc0, 0x40, 0x80, 0x80, 0x80, 0x80, 0x80, 0x80, 0x80, 0x80,
    0x80, 0x80, 0x00, 0x00, 0x00, 0x00, 0x00, 0x00, 0x00, 0x00, 0x00, 0x80, 0x80, 0x00, 0x80, 0x80,
    0x00, 0x00, 0x00, 0x40, 0x70, 0x7c, 0x7f, 0x7f, 0x7f, 0x7f, 0x7f, 0x1f, 0x41, 0x78, 0x7f, 0x9f,
    0xff, 0xff, 0xff, 0xff, 0xff, 0xbf, 0xff, 0xff, 0x77, 0xf0, 0x07, 0x00, 0x00, 0x00, 0x08, 0x02,
    0x04, 0x31, 0x2b, 0x2b, 0x33, 0x35, 0x35, 0x07, 0x02, 0x90, 0xc0, 0x20, 0x00, 0x20, 0x80, 0x00,
    0x00, 0x00, 0x80, 0x00, 0x08, 0x10, 0x3c, 0x3c, 0xbc, 0xbc, 0x3c, 0x18, 0x00, 0xa0, 0x00, 0x00,
    0x00, 0x00, 0x40, 0x00, 0x00, 0x80, 0x00, 0x00, 0x00, 0x00, 0x00, 0x00, 0x00, 0x00, 0x00, 0x00,
    0x87, 0x07, 0x47, 0xc5, 0x45, 0x06, 0x46, 0x27, 0x23, 0x21, 0x03, 0x93, 0x0b, 0x4b, 0x05, 0x05,
    0x42, 0x22, 0x11, 0x09, 0x05, 0x07, 0x07, 0x07, 0x07, 0x87, 0x2f, 0x0f, 0x07, 0x03, 0x04, 0x06,
    0x06, 0x07, 0x06, 0x06, 0x06, 0x06, 0x06, 0x06, 0x03, 0x03, 0x03, 0x02, 0x01, 0x01, 0x01, 0x01,
    0x03, 0x01, 0x01, 0x01, 0x03, 0x03, 0x03, 0x03, 0x23, 0x22, 0x26, 0x04, 0x02, 0x07, 0x81, 0x3f,
    0x3e, 0x0f, 0x0b, 0x3f, 0x1f, 0x11, 0x03, 0x4f, 0x7f, 0x3d, 0x89, 0x41, 0x02, 0x02, 0x04, 0x0c,
    0x1e, 0x38, 0x20, 0x10, 0x00, 0x00, 0x02, 0x44, 0x07, 0x07, 0x04, 0x00, 0x44, 0x42, 0x07, 0x80,
    0x86, 0x84, 0x87, 0x00, 0x00, 0x40, 0x43, 0x44, 0x40, 0x40, 0x43, 0x20, 0x40, 0x40, 0x00, 0x00,
    0x32, 0xa0, 0x86, 0x20, 0x11, 0x18, 0x01, 0x00, 0x00, 0x00, 0x00, 0x00, 0x00, 0x00, 0x00, 0x00
  },
  // Frame 15
  {
    0x00, 0x00, 0x00, 0x00, 0x00, 0x00, 0x00, 0x00, 0x00, 0x00, 0x00, 0x00, 0x00, 0x00, 0x00, 0x00,
    0x00, 0x00, 0x00, 0x00, 0x40, 0x00, 0x00, 0x20, 0x20, 0x00, 0x30, 0x10, 0x18, 0x08, 0x10, 0x04,
    0x00, 0x10, 0x02, 0x08, 0x09, 0x08, 0x08, 0x01, 0x09, 0x0c, 0x0d, 0x02, 0x06, 0x06, 0x03, 0x81,
    0x83, 0x83, 0xc2, 0x47, 0x43, 0x47, 0xc7, 0xc7, 0xc6, 0xc2, 0x86, 0x87, 0x07, 0x03, 0x03, 0x03,
    0x03, 0x07, 0x02, 0x03, 0x00, 0x06, 0x04, 0x06, 0x00, 0x00, 0x00, 0x24, 0x00, 0x00, 0x00, 0x08,
    0x00, 0x00, 0x00, 0x20, 0x00, 0x00, 0x80, 0x00, 0x20, 0x20, 0x00, 0x00, 0x00, 0x00, 0x00, 0x00,
    0x00, 0x00, 0x00, 0x00, 0x18, 0x00, 0x00, 0x00, 0x10, 0x00, 0x10, 0x00, 0x10, 0x10, 0x00, 0x10,
    0x00, 0x00, 0x10, 0x00, 0x00, 0x00, 0x10, 0x00, 0x00, 0x18, 0x00, 0x18, 0x00, 0x00, 0x00, 0x00,
    0x00, 0x00, 0x00, 0x00, 0x00, 0x00, 0x80, 0x00, 0x00, 0x00, 0x00, 0x00, 0x00, 0x00, 0x01, 0x00,
    0x00, 0x00, 0x00, 0x00, 0x00, 0x00, 0x00, 0x00, 0x00, 0x00, 0x00, 0x00, 0x00, 0x00, 0x00, 0x00,
    0x00, 0x00, 0x00, 0x00, 0x00, 0x00, 0x00, 0x00, 0x10, 0x04, 0x60, 0xf2, 0xc2, 0xc6, 0xf6, 0xf6,
    0x74, 0x3c, 0x9b, 0x0b, 0xbf, 0xfb, 0xd8, 0xf2, 0xe2, 0x60, 0xc2, 0xc2, 0x96, 0x64, 0x34, 0x00,
    0x00, 0x00, 0x00, 0x00, 0x00, 0x80, 0x80, 0x40, 0x40, 0x02, 0x60, 0x00, 0x00, 0x00, 0x00, 0x00,
    0x00, 0x00, 0x08, 0x00, 0x00, 0x00, 0x00, 0x00, 0x00, 0x00, 0x00, 0x00, 0x00, 0x00, 0x00, 0x00,
    0x00, 0x00, 0x00, 0x00, 0x00, 0x00, 0x00, 0x00, 0x00, 0x00, 0x00, 0x00, 0x00, 0x00, 0x00, 0x00,
    0x00, 0x00, 0x00, 0x00, 0x00, 0x00, 0x00, 0x00, 0x00, 0x00, 0x00, 0x00, 0x00, 0x00, 0x00, 0x00,
    0x00, 0x00, 0x00, 0x00, 0x00, 0x00, 0x00, 0x00, 0x00, 0x00, 0x00, 0x00, 0x00, 0x04, 0x00, 0x00,
    0x00, 0x00, 0x00, 0x00, 0x00, 0x00, 0x00, 0x00, 0x00, 0x00, 0x00, 0x00, 0x00, 0x00, 0x00, 0x00,
    0x00, 0x00, 0x00, 0x00, 0x00, 0x00, 0x00, 0x00, 0x00, 0x00, 0x20, 0x00, 0x03, 0x03, 0x03, 0x40,
    0x20, 0x60, 0x40, 0x40, 0x60, 0x60, 0xe1, 0xf8, 0x71, 0x30, 0x10, 0x03, 0x13, 0x20, 0x00, 0x00,
    0x00, 0x00, 0x02, 0x02, 0x00, 0x02, 0x00, 0x00, 0x00, 0x01, 0x01, 0x00, 0x00, 0x00, 0x00, 0x00,
    0x00, 0x00, 0x00, 0x00, 0x00, 0x00, 0x00, 0x00, 0x00, 0x00, 0x00, 0x00, 0x00, 0x00, 0x00, 0x00,
    0x00, 0x00, 0x00, 0x00, 0x00, 0x00, 0x00, 0x00, 0x00, 0x00, 0x00, 0x00, 0x00, 0x00, 0x00, 0x00,
    0x00, 0x00, 0x00, 0x00, 0x00, 0x00, 0x00, 0x00, 0x00, 0x00, 0x00, 0x00, 0x00, 0x00, 0x00, 0x00,
    0x00, 0x00, 0x00, 0x00, 0x00, 0x00, 0x00, 0x00, 0x00, 0x00, 0x00, 0x00, 0x00, 0x00, 0x40, 0xc0,
    0x00, 0x80, 0xa0, 0xc0, 0x78, 0xe0, 0x80, 0x00, 0x00, 0x00, 0x00, 0x00, 0x00, 0x00, 0x00, 0x00,
    0x00, 0x00, 0x00, 0x00, 0x00, 0x00, 0x00, 0x00, 0x00, 0x08, 0x10, 0x20, 0x00, 0x20, 0x28, 0x70,
    0x98, 0xd8, 0xb8, 0x2a, 0x1c, 0x00, 0x80, 0x0c, 0xf0, 0xe1, 0x0b, 0x1a, 0x7c, 0x18, 0x00, 0xe1,
    0x90, 0x20, 0x50, 0xe0, 0x00, 0x40, 0xe0, 0x80, 0x40, 0x40, 0x00, 0x00, 0x00, 0x00, 0x00, 0x00,
    0x00, 0x00, 0x00, 0x00, 0x00, 0x00, 0x00, 0x00, 0x00, 0x00, 0x00, 0x00, 0x00, 0x00, 0x00, 0x00,
    0x00, 0x00, 0x00, 0x00, 0x00, 0x00, 0x00, 0x00, 0x00, 0x00, 0x00, 0x00, 0x00, 0x00, 0x00, 0x00,
    0x00, 0x00, 0x00, 0x00, 0x00, 0x00, 0x00, 0x00, 0x00, 0x00, 0x00, 0x00, 0x00, 0x00, 0x00, 0x00,
    0x00, 0x00, 0x00, 0x00, 0x00, 0x00, 0x00, 0x50, 0x70, 0xf0, 0xf0, 0xc2, 0x86, 0x06, 0x0e, 0x1c,
    0xbf, 0x7f, 0xff, 0xfb, 0xff, 0xff, 0xff, 0x7e, 0x00, 0x00, 0x00, 0x04, 0x34, 0x5c, 0x70, 0xc0,
    0x00, 0x00, 0x00, 0x00, 0x80, 0x40, 0x40, 0xc0, 0xc0, 0xc1, 0x82, 0x04, 0x1c, 0x30, 0x70, 0xc0,
    0x80, 0xc1, 0x80, 0x62, 0xf8, 0x7c, 0xf9, 0x73, 0x27, 0x0f, 0x00, 0xe0, 0xfc, 0xff, 0xff, 0x00,
    0xff, 0x3e, 0x38, 0xe0, 0x85, 0x0c, 0x52, 0x0f, 0x30, 0xe0, 0x00, 0x02, 0xee, 0x02, 0xe0, 0x30,
    0x04, 0xd8, 0x70, 0x20, 0x80, 0x00, 0x00, 0x00, 0x00, 0x00, 0x00, 0x00, 0x00, 0x00, 0x00, 0x00,
    0x00, 0x00, 0x00, 0x00, 0x00, 0x00, 0x00, 0x00, 0x00, 0x00, 0x00, 0x00, 0x00, 0x00, 0x00, 0x00,
    0x00, 0x00, 0x00, 0x00, 0x00, 0x00, 0x00, 0x00, 0x00, 0x00, 0x00, 0x00, 0x00, 0x00, 0x00, 0x00,
    0x00, 0x00, 0x10, 0xb0, 0xf0, 0xe0, 0xc0, 0xc0, 0x88, 0xb9, 0xfa, 0x77, 0xff, 0xfb, 0xf6, 0xec,
    0xd8, 0xa1, 0x43, 0x05, 0x3b, 0xf7, 0x3f, 0x00, 0x00, 0x00, 0x00, 0x00, 0x00, 0x00, 0x00, 0x03,
    0x07, 0x0e, 0x08, 0x20, 0x00, 0x01, 0x02, 0x00, 0x04, 0x08, 0x00, 0x11, 0x02, 0x02, 0x00, 0x01,
    0x03, 0x07, 0x4f, 0x16, 0x2e, 0x1d, 0x03, 0xc0, 0xf0, 0xfc, 0xff, 0xff, 0xff, 0x4e, 0x8b, 0xfc,
    0x7f, 0x42, 0xec, 0xff, 0xfe, 0xff, 0xf8, 0x81, 0x00, 0x00, 0x96, 0x10, 0x00, 0x00, 0xb3, 0x18,
    0x37, 0x1b, 0x8f, 0xc0, 0xf0, 0xff, 0xcc, 0x00, 0x00, 0x00, 0x00, 0x00, 0x00, 0x00, 0x00, 0x00,
    0x00, 0x00, 0x00, 0x00, 0x00, 0x00, 0x00, 0x00, 0x00, 0x00, 0x80, 0x80, 0x80, 0x80, 0x80, 0x80,
    0x00, 0x00, 0x00, 0x00, 0x00, 0x00, 0x00, 0x00, 0x00, 0x00, 0x00, 0x00, 0x00, 0x00, 0x00, 0x00,
    0x92, 0x13, 0xd3, 0xd3, 0xc3, 0xa1, 0x21, 0xb9, 0xa9, 0x81, 0x45, 0x05, 0x65, 0xa5, 0x32, 0xbb,
    0x99, 0x97, 0xd3, 0xfe, 0x68, 0x67, 0x20, 0xa0, 0xe0, 0xc0, 0xe0, 0xe0, 0xc0, 0xe0, 0xe0, 0xe0,
    0xe0, 0xe0, 0x60, 0x20, 0xa0, 0x80, 0xc0, 0xc0, 0xe0, 0xe0, 0xe0, 0xa0, 0xe0, 0xe0, 0xe0, 0xe0,
    0xe0, 0x60, 0x40, 0x60, 0x60, 0x6c, 0x7f, 0x5f, 0x7f, 0x7f, 0xff, 0xff, 0xb1, 0xf8, 0xff, 0xff,
    0xff, 0x7f, 0x6f, 0x3f, 0xbf, 0xff, 0xdf, 0x5f, 0xb0, 0x78, 0x73, 0xf0, 0xe0, 0xa0, 0x28, 0x44,
    0x65, 0x6b, 0xeb, 0x18, 0x55, 0x65, 0x07, 0x03, 0x02, 0x00, 0x00, 0x00, 0x82, 0x02, 0x40, 0x00,
    0x00, 0x80, 0x40, 0x01, 0x42, 0x81, 0x02, 0x00, 0x80, 0x83, 0x03, 0x07, 0x07, 0x07, 0x07, 0x07,
    0x03, 0x03, 0xc1, 0x00, 0xc0, 0x00, 0x00, 0x00, 0x80, 0x84, 0x10, 0x00, 0x20, 0x00, 0x00, 0x00,
    0x01, 0x07, 0x06, 0x07, 0x83, 0x03, 0x43, 0x03, 0x02, 0x06, 0x23, 0x23, 0x03, 0x03, 0x13, 0x81,
    0x09, 0x45, 0x04, 0x22, 0x10, 0x01, 0x10, 0x08, 0x00, 0x03, 0x03, 0x03, 0x03, 0x03, 0x47, 0x17,
    0x03, 0x01, 0x00, 0x03, 0x03, 0x03, 0x03, 0x01, 0x01, 0x01, 0x01, 0x00, 0x00, 0x00, 0x00, 0x10,
    0x08, 0x00, 0x00, 0x00, 0x00, 0x00, 0x00, 0x00, 0x00, 0x00, 0x20, 0x20, 0x01, 0x81, 0x41, 0x01,
    0x00, 0x00, 0x00, 0x02, 0x0f, 0x0f, 0x01, 0x03, 0x0f, 0x0f, 0x88, 0x61, 0x03, 0x17, 0x07, 0x06,
    0x00, 0x00, 0x00, 0x01, 0x03, 0x07, 0x00, 0x0b, 0x02, 0x01, 0x00, 0x00, 0x19, 0x57, 0x00, 0x06,
    0x2b, 0x21, 0x20, 0x3c, 0x3b, 0x25, 0x20, 0x3c, 0x21, 0x31, 0x20, 0x26, 0x20, 0x20, 0x22, 0x00,
    0x10, 0x10, 0x1e, 0x10, 0x10, 0x00, 0x08, 0x08, 0x08, 0x00, 0x00, 0x00, 0x00, 0x00, 0x00, 0x00
  },
  // Frame 16
  {
    0x00, 0x00, 0x00, 0x00, 0x00, 0x00, 0x00, 0x00, 0x00, 0x00, 0x00, 0x00, 0x00, 0x00, 0x00, 0x00,
    0x00, 0x00, 0x00, 0x00, 0x40, 0x00, 0x00, 0x20, 0x20, 0x10, 0x10, 0x10, 0x18, 0x08, 0x14, 0x04,
    0x00, 0x12, 0x02, 0x08, 0x0a, 0x08, 0x09, 0x01, 0x01, 0x0c, 0x05, 0x06, 0x04, 0x07, 0x01, 0x83,
    0x83, 0x8b, 0xce, 0xc7, 0x43, 0x07, 0xc7, 0x46, 0xc6, 0xc2, 0x84, 0x87, 0x03, 0x02, 0x03, 0x05,
    0x02, 0x07, 0x02, 0x03, 0x00, 0x02, 0x04, 0x02, 0x04, 0x00, 0x00, 0x20, 0x18, 0x00, 0x00, 0x00,
    0x00, 0x08, 0x00, 0x00, 0x00, 0x00, 0x80, 0x00, 0x20, 0x00, 0x00, 0x00, 0x00, 0x00, 0x00, 0x00,
    0x00, 0x00, 0x00, 0x00, 0x18, 0x00, 0x00, 0x00, 0x10, 0x00, 0x10, 0x00, 0x10, 0x10, 0x00, 0x10,
    0x00, 0x00, 0x10, 0x00, 0x00, 0x00, 0x10, 0x00, 0x00, 0x18, 0x00, 0x18, 0x00, 0x00, 0x00, 0x00,
    0x00, 0x00, 0x00, 0x00, 0x00, 0x00, 0x10, 0x00, 0x00, 0x00, 0x00, 0x00, 0x00, 0x00, 0x01, 0x00,
    0x00, 0x00, 0x00, 0x00, 0x00, 0x00, 0x00, 0x00, 0x00, 0x00, 0x00, 0x00, 0x00, 0x00, 0x00, 0x00,
    0x00, 0x00, 0x00, 0x00, 0x00, 0x00, 0x00, 0x00, 0x30, 0x60, 0x72, 0xd2, 0xc6, 0xe6, 0xf6, 0xf6,
    0x74, 0x95, 0x9b, 0x19, 0xfb, 0xfb, 0xf9, 0xf2, 0xc0, 0x72, 0xc2, 0xc2, 0xf4, 0x64, 0x30, 0x00,
    0x00, 0x00, 0x00, 0xa0, 0x00, 0x80, 0x00, 0x40, 0x00, 0x00, 0x00, 0x20, 0x00, 0x00, 0x04, 0x10,
    0x00, 0x00, 0x00, 0x00, 0x00, 0x02, 0x00, 0x00, 0x00, 0x00, 0x00, 0x00, 0x00, 0x00, 0x00, 0x00,
    0x00, 0x00, 0x00, 0x00, 0x00, 0x00, 0x00, 0x00, 0x00, 0x00, 0x00, 0x00, 0x00, 0x00, 0x00, 0x00,
    0x00, 0x00, 0x00, 0x00, 0x00, 0x00, 0x00, 0x00, 0x00, 0x00, 0x00, 0x00, 0x00, 0x00, 0x00, 0x00,
    0x00, 0x00, 0x00, 0x00, 0x00, 0x00, 0x00, 0x01, 0x00, 0x00, 0x00, 0x00, 0x00, 0x04, 0x00, 0x00,
    0x00, 0x01, 0x00, 0x00, 0x00, 0x00, 0x00, 0x00, 0x00, 0x00, 0x00, 0x00, 0x00, 0x00, 0x00, 0x00,
    0x00, 0x00, 0x00, 0x00, 0x00, 0x00, 0x00, 0x00, 0x00, 0x40, 0x00, 0x00, 0x03, 0x01, 0x02, 0x40,
    0x20, 0x20, 0x40, 0x60, 0x60, 0x60, 0xe9, 0x70, 0x61, 0x20, 0x00, 0x03, 0x03, 0x00, 0x00, 0x00,
    0x00, 0x03, 0x02, 0x02, 0x02, 0x00, 0x00, 0x00, 0x00, 0x00, 0x01, 0x00, 0x00, 0x00, 0x00, 0x00,
    0x00, 0x00, 0x00, 0x00, 0x00, 0x00, 0x00, 0x00, 0x00, 0x00, 0x00, 0x00, 0x00, 0x00, 0x00, 0x00,
    0x00, 0x00, 0x00, 0x00, 0x00, 0x00, 0x00, 0x00, 0x00, 0x00, 0x00, 0x00, 0x00, 0x00, 0x00, 0x00,
    0x00, 0x00, 0x00, 0x00, 0x00, 0x00, 0x00, 0x00, 0x00, 0x00, 0x00, 0x00, 0x00, 0x00, 0x00, 0x00,
    0x00, 0x00, 0x00, 0x00, 0x00, 0x00, 0x00, 0x00, 0x00, 0x00, 0x00, 0x00, 0x00, 0x00, 0x40, 0xc0,
    0x00, 0x80, 0xa0, 0xc8, 0x78, 0xe0, 0x00, 0x00, 0x00, 0x20, 0x00, 0x01, 0x00, 0x00, 0x00, 0x00,
    0x00, 0x00, 0x00, 0x00, 0x00, 0x00, 0x00, 0x00, 0x00, 0x08, 0x14, 0x20, 0x10, 0x20, 0x38, 0x30,
    0x98, 0xf8, 0xd8, 0x2a, 0x06, 0x00, 0x82, 0x48, 0xf1, 0xc1, 0x0b, 0x1e, 0xdc, 0x08, 0x10, 0xe0,
    0x80, 0x20, 0xc0, 0x80, 0x00, 0x40, 0xe0, 0x00, 0x00, 0x40, 0x00, 0x00, 0x00, 0x00, 0x00, 0x00,
    0x00, 0x00, 0x00, 0x00, 0x00, 0x00, 0x00, 0x00, 0x00, 0x00, 0x00, 0x00, 0x00, 0x00, 0x00, 0x00,
    0x00, 0x00, 0x00, 0x00, 0x00, 0x00, 0x00, 0x00, 0x00, 0x00, 0x00, 0x00, 0x00, 0x00, 0x00, 0x00,
    0x00, 0x00, 0x00, 0x00, 0x00, 0x00, 0x00, 0x00, 0x00, 0x00, 0x00, 0x00, 0x00, 0x00, 0x00, 0x00,
    0x00, 0x00, 0x00, 0x00, 0x00, 0x00, 0x00, 0x40, 0xf0, 0xf0, 0xe0, 0xc6, 0x86, 0x06, 0x0c, 0x1c,
    0x7f, 0xff, 0xff, 0xff, 0x8f, 0xff, 0xff, 0x7e, 0x00, 0x00, 0x00, 0x04, 0x34, 0x58, 0x70, 0xc0,
    0x00, 0x00, 0x00, 0x00, 0x80, 0x40, 0x40, 0xc0, 0xc0, 0xc0, 0x82, 0x04, 0x1c, 0x30, 0x70, 0xc0,
    0x80, 0xc1, 0xc0, 0x62, 0xf8, 0xfc, 0xf9, 0xf3, 0x07, 0x07, 0x00, 0xe0, 0xff, 0xfe, 0xff, 0x01,
    0xff, 0x3e, 0x38, 0xa0, 0x84, 0x0c, 0x55, 0x0f, 0x30, 0xc0, 0x01, 0x02, 0xd6, 0x00, 0xfc, 0x00,
    0x00, 0xf8, 0xc0, 0x00, 0x80, 0x00, 0x00, 0x00, 0x00, 0x00, 0x00, 0x00, 0x00, 0x00, 0x00, 0x00,
    0x00, 0x00, 0x00, 0x00, 0x00, 0x00, 0x00, 0x00, 0x00, 0x00, 0x00, 0x00, 0x00, 0x00, 0x00, 0x00,
    0x00, 0x00, 0x00, 0x00, 0x00, 0x00, 0x00, 0x00, 0x00, 0x00, 0x00, 0x00, 0x00, 0x00, 0x00, 0x00,
    0x00, 0x00, 0x00, 0x30, 0x30, 0x60, 0xc0, 0xc4, 0x98, 0xb9, 0xbb, 0x73, 0x77, 0xff, 0xff, 0xf6,
    0xec, 0xd8, 0xa1, 0x43, 0x06, 0x1b, 0xef, 0x00, 0x00, 0x00, 0x00, 0x00, 0x00, 0x00, 0x00, 0x03,
    0x07, 0x0e, 0x18, 0x20, 0x00, 0x00, 0x02, 0x02, 0x04, 0x08, 0x00, 0x01, 0x02, 0x02, 0x00, 0x01,
    0x03, 0x07, 0x4f, 0x16, 0x2e, 0x1d, 0x01, 0xc0, 0xf0, 0xfc, 0xef, 0xff, 0xff, 0x6f, 0xcf, 0xfc,
    0xff, 0x40, 0xec, 0xff, 0xfe, 0xfb, 0xf8, 0x80, 0x00, 0x00, 0xf6, 0x10, 0x00, 0x24, 0x33, 0x18,
    0x17, 0x1b, 0xcd, 0xe0, 0xf0, 0xff, 0xc0, 0x00, 0x00, 0x00, 0x00, 0x80, 0x00, 0x00, 0x40, 0xc0,
    0xc0, 0xc0, 0x00, 0x00, 0xc0, 0xc0, 0x00, 0x00, 0x40, 0x00, 0x00, 0x60, 0xf0, 0xe0, 0xf0, 0xf0,
    0xf0, 0xf0, 0xe0, 0x00, 0x40, 0x60, 0xc0, 0x40, 0x00, 0x00, 0x80, 0x00, 0x00, 0x00, 0x00, 0x00,
    0x24, 0x26, 0x86, 0x93, 0x53, 0xd3, 0x51, 0x01, 0x31, 0xb1, 0x85, 0x45, 0x45, 0x65, 0xa5, 0x3a,
    0x9b, 0x99, 0xd5, 0xd3, 0x7e, 0x7c, 0x29, 0xa0, 0x50, 0x50, 0x70, 0xb0, 0xd0, 0xf0, 0xe0, 0xe0,
    0xf0, 0xf0, 0x70, 0x30, 0x90, 0xd0, 0xd0, 0xe0, 0xe0, 0xf0, 0xf0, 0xf0, 0x70, 0x70, 0x70, 0x70,
    0x78, 0x78, 0x20, 0x38, 0x38, 0x38, 0x3b, 0x3f, 0x3f, 0x2f, 0x2f, 0x6f, 0x69, 0x68, 0xcb, 0xeb,
    0xa3, 0xf3, 0x73, 0x73, 0x63, 0x73, 0xd3, 0x57, 0xf4, 0xfc, 0xff, 0x3c, 0x7c, 0xe8, 0xc8, 0x94,
    0x15, 0x1b, 0x3b, 0x3a, 0x65, 0xe5, 0xe7, 0x03, 0xc0, 0x93, 0x01, 0x01, 0x01, 0x09, 0x80, 0x00,
    0x00, 0x28, 0xe0, 0x00, 0x80, 0x00, 0x0b, 0x00, 0x00, 0x00, 0x00, 0x00, 0x00, 0x04, 0x00, 0x00,
    0x01, 0x01, 0x02, 0x08, 0x00, 0x00, 0x00, 0x00, 0x00, 0x00, 0x03, 0x02, 0x10, 0x12, 0x00, 0x00,
    0x03, 0x01, 0x07, 0x0a, 0x07, 0x06, 0x06, 0x83, 0x03, 0x43, 0x02, 0x06, 0x03, 0x23, 0x03, 0x13,
    0x01, 0x81, 0x04, 0x44, 0x22, 0x00, 0x00, 0x00, 0x04, 0x02, 0x03, 0x03, 0x01, 0x01, 0x03, 0xc3,
    0x1b, 0x01, 0x00, 0x00, 0x01, 0x01, 0x01, 0x01, 0x00, 0x00, 0x00, 0x00, 0x00, 0x00, 0x00, 0x00,
    0x08, 0x04, 0x02, 0x00, 0x00, 0x00, 0x00, 0x01, 0x00, 0x00, 0x00, 0x38, 0x18, 0x80, 0x00, 0x18,
    0x00, 0x20, 0x00, 0x00, 0x00, 0x23, 0x07, 0x04, 0x00, 0x03, 0x93, 0x62, 0x00, 0x00, 0x01, 0x01,
    0x01, 0x00, 0x00, 0x00, 0x00, 0x00, 0x01, 0x00, 0x02, 0x00, 0x00, 0x00, 0x00, 0x40, 0x04, 0x04,
    0x06, 0x00, 0x01, 0x08, 0x0b, 0x0b, 0x08, 0x08, 0x09, 0x08, 0x08, 0x08, 0x00, 0x00, 0x04, 0x05,
    0x0c, 0x04, 0x6c, 0x04, 0x00, 0x00, 0x02, 0x02, 0x02, 0x01, 0x00, 0x00, 0x00, 0x00, 0x00, 0x00
  },
  // Frame 17
  {
    0x00, 0x00, 0x00, 0x00, 0x00, 0x00, 0x00, 0x00, 0x00, 0x00, 0x00, 0x00, 0x00, 0x00, 0x00, 0x00,
    0x00, 0x00, 0x00, 0x40, 0x00, 0x00, 0x20, 0x20, 0x10, 0x10, 0x10, 0x18, 0x08, 0x18, 0x04, 0x08,
    0x10, 0x12, 0x08, 0x03, 0x08, 0x0c, 0x0d, 0x03, 0x0d, 0x0a, 0x06, 0x09, 0x03, 0x07, 0x80, 0x8f,
    0x8f, 0xc2, 0xc7, 0x47, 0x07, 0x47, 0xc7, 0x82, 0x86, 0x83, 0x05, 0x07, 0x03, 0x05, 0x01, 0x01,
    0x02, 0x07, 0x06, 0x07, 0x06, 0x02, 0x00, 0x02, 0x00, 0x00, 0x00, 0x20, 0x00, 0x00, 0x00, 0x00,
    0x00, 0x00, 0x28, 0x00, 0x00, 0x80, 0x00, 0x00, 0x20, 0x00, 0x00, 0x00, 0x00, 0x00, 0x00, 0x00,
    0x00, 0x00, 0x00, 0x00, 0x18, 0x00, 0x00, 0x00, 0x10, 0x00, 0x10, 0x00, 0x10, 0x10, 0x00, 0x10,
    0x00, 0x10, 0x10, 0x00, 0x00, 0x00, 0x10, 0x00, 0x00, 0x18, 0x00, 0x18, 0x00, 0x00, 0x00, 0x00,
    0x00, 0x00, 0x00, 0x00, 0x00, 0xa0, 0x00, 0x08, 0x00, 0x00, 0x00, 0x02, 0x00, 0x01, 0x00, 0x00,
    0x00, 0x00, 0x00, 0x00, 0x00, 0x00, 0x00, 0x00, 0x00, 0x00, 0x00, 0x00, 0x00, 0x00, 0x00, 0x00,
    0x00, 0x00, 0x00, 0x00, 0x00, 0x00, 0x00, 0x00, 0x30, 0x00, 0xe2, 0xf2, 0xee, 0xe6, 0xee, 0x72,
    0x1c, 0x95, 0x83, 0x7c, 0xff, 0xf6, 0xf3, 0xe2, 0x20, 0x72, 0xd2, 0xd2, 0x6e, 0x2a, 0x10, 0x00,
    0x00, 0x00, 0x40, 0x00, 0x80, 0xa0, 0x40, 0x00, 0x00, 0x60, 0x00, 0x00, 0x00, 0x00, 0x00, 0x00,
    0x00, 0x00, 0x04, 0x00, 0x00, 0x00, 0x00, 0x00, 0x00, 0x00, 0x01, 0x00, 0x00, 0x00, 0x00, 0x00,
    0x00, 0x00, 0x00, 0x00, 0x00, 0x00, 0x00, 0x00, 0x00, 0x00, 0x00, 0x00, 0x00, 0x00, 0x00, 0x00,
    0x00, 0x00, 0x00, 0x00, 0x00, 0x00, 0x00, 0x00, 0x00, 0x00, 0x00, 0x00, 0x00, 0x00, 0x00, 0x00,
    0x00, 0x00, 0x00, 0x00, 0x00, 0x00, 0x00, 0x00, 0x00, 0x00, 0x00, 0x00, 0x04, 0x00, 0x00, 0x00,
    0x00, 0x00, 0x00, 0x00, 0x00, 0x00, 0x00, 0x00, 0x00, 0x00, 0x00, 0x20, 0x00, 0x00, 0x00, 0x00,
    0x00, 0x00, 0x00, 0x00, 0x00, 0x00, 0x00, 0x00, 0x00, 0x20, 0x00, 0x01, 0x03, 0x03, 0x00, 0x40,
    0x60, 0x20, 0x60, 0x60, 0x60, 0x60, 0xea, 0x78, 0x31, 0x10, 0x00, 0x03, 0x00, 0x00, 0x80, 0x00,
    0x01, 0x02, 0x02, 0x00, 0x00, 0x00, 0x01, 0x00, 0x01, 0x01, 0x00, 0x00, 0x00, 0x00, 0x00, 0x00,
    0x00, 0x00, 0x00, 0x00, 0x00, 0x00, 0x00, 0x00, 0x00, 0x00, 0x00, 0x00, 0x00, 0x00, 0x00, 0x00,
    0x00, 0x00, 0x00, 0x00, 0x00, 0x00, 0x00, 0x00, 0x00, 0x00, 0x00, 0x00, 0x00, 0x00, 0x00, 0x00,
    0x00, 0x00, 0x00, 0x00, 0x00, 0x00, 0x00, 0x00, 0x00, 0x00, 0x00, 0x00, 0x00, 0x00, 0x00, 0x00,
    0x00, 0x00, 0x00, 0x00, 0x00, 0x00, 0x00, 0x00, 0x00, 0x00, 0x00, 0x00, 0x00, 0x00, 0x40, 0xc0,
    0x80, 0x80, 0xe0, 0xc8, 0xe0, 0xc0, 0x80, 0x00, 0x00, 0x20, 0x80, 0x00, 0x80, 0x00, 0x00, 0x00,
    0x00, 0x00, 0x00, 0x00, 0x00, 0x00, 0x00, 0x00, 0x08, 0x00, 0x00, 0x00, 0x10, 0x20, 0x78, 0x18,
    0xd8, 0xf8, 0x5a, 0x1c, 0x08, 0x00, 0x84, 0x98, 0xe1, 0x83, 0x0b, 0x3a, 0xfc, 0x08, 0x18, 0xc0,
    0x20, 0x30, 0x40, 0x80, 0x40, 0xe0, 0xc0, 0x00, 0x00, 0xc0, 0x00, 0x00, 0x00, 0x00, 0x00, 0x00,
    0x00, 0x00, 0x00, 0x00, 0x00, 0x00, 0x00, 0x00, 0x00, 0x00, 0x00, 0x00, 0x00, 0x00, 0x00, 0x00,
    0x00, 0x00, 0x00, 0x00, 0x00, 0x00, 0x00, 0x00, 0x00, 0x00, 0x00, 0x00, 0x00, 0x00, 0x00, 0x00,
    0x00, 0x00, 0x00, 0x00, 0x00, 0x00, 0x00, 0x00, 0x00, 0x00, 0x00, 0x00, 0x00, 0x00, 0x00, 0x00,
    0x00, 0x00, 0x00, 0x00, 0x00, 0x00, 0x00, 0x00, 0xe0, 0xf0, 0xe0, 0x86, 0x06, 0x0c, 0x0c, 0x1d,
    0x3f, 0xfe, 0x7d, 0xfb, 0xef, 0x7f, 0xff, 0xfc, 0x00, 0x00, 0x00, 0x04, 0x2c, 0xb9, 0xe0, 0xc0,
    0x00, 0x00, 0x20, 0x40, 0x80, 0x40, 0xc0, 0xc0, 0xc1, 0x80, 0x00, 0x08, 0x18, 0x30, 0xd0, 0xd0,
    0x80, 0x00, 0x42, 0x70, 0xf8, 0xfc, 0xf9, 0xf7, 0x0f, 0x03, 0x80, 0xc0, 0xff, 0x7e, 0xfe, 0x07,
    0xff, 0x3e, 0xf8, 0xa3, 0x82, 0x1c, 0xf3, 0x0e, 0x30, 0xc0, 0x01, 0x06, 0xc6, 0x01, 0xfc, 0x00,
    0x04, 0x78, 0xf0, 0x20, 0x80, 0x00, 0x00, 0x00, 0x00, 0x00, 0x00, 0x00, 0x00, 0x00, 0x00, 0x00,
    0x80, 0x00, 0x00, 0x00, 0x00, 0x00, 0x00, 0x00, 0x00, 0x70, 0x70, 0xf0, 0xf0, 0xf0, 0xf0, 0xf0,
    0x70, 0x20, 0x00, 0x00, 0x00, 0x00, 0x00, 0x00, 0x00, 0x00, 0x00, 0x00, 0x00, 0x00, 0x00, 0x00,
    0x00, 0x00, 0x00, 0x00, 0x00, 0x20, 0x40, 0xc0, 0x80, 0x89, 0x91, 0x73, 0x77, 0xf7, 0xea, 0xfe,
    0xfc, 0xec, 0xd9, 0xe0, 0x81, 0x47, 0x0b, 0x37, 0xc8, 0x00, 0x00, 0x00, 0x00, 0x00, 0x01, 0x01,
    0x03, 0x04, 0x00, 0x20, 0x00, 0x01, 0x01, 0x02, 0x04, 0x08, 0x00, 0x11, 0x02, 0x00, 0x00, 0x01,
    0x03, 0x07, 0x4f, 0x16, 0x2c, 0x0d, 0x01, 0x40, 0xe0, 0xfc, 0xff, 0x7f, 0x7d, 0x6f, 0xc5, 0xff,
    0xff, 0xc0, 0xac, 0xbf, 0xfe, 0xbf, 0xb8, 0x40, 0x00, 0xc0, 0xd2, 0xd0, 0xc0, 0xe4, 0xf3, 0x98,
    0x9f, 0x9b, 0xcd, 0x60, 0x70, 0x7f, 0x44, 0x00, 0x00, 0x40, 0x00, 0x00, 0x00, 0x11, 0x22, 0x44,
    0x08, 0x48, 0x00, 0x20, 0x40, 0x85, 0x08, 0x30, 0x40, 0x00, 0x10, 0x00, 0x00, 0x4c, 0x00, 0x02,
    0x02, 0x02, 0x04, 0x10, 0x40, 0x10, 0x00, 0x00, 0x00, 0x10, 0x10, 0x00, 0x00, 0x00, 0x00, 0x00,
    0x88, 0xc8, 0x4c, 0x4c, 0x24, 0x24, 0x20, 0xa6, 0x12, 0x52, 0x17, 0x37, 0x87, 0x07, 0x47, 0x26,
    0x33, 0x1b, 0x03, 0x91, 0x47, 0x63, 0x37, 0x34, 0x14, 0x16, 0x28, 0xb8, 0xd8, 0xe8, 0xf0, 0xf8,
    0xf8, 0xf8, 0x78, 0x58, 0x88, 0x4c, 0xf4, 0x74, 0x78, 0x78, 0x7c, 0x38, 0x3d, 0x1c, 0x1c, 0x1c,
    0x1e, 0x1e, 0x08, 0x8b, 0xc5, 0xc6, 0xc7, 0xc7, 0xe7, 0xc7, 0xc7, 0x07, 0x8f, 0x0f, 0x0f, 0x07,
    0x15, 0x05, 0x0d, 0x15, 0x0d, 0x0f, 0x0f, 0x3f, 0x7b, 0x4f, 0x1d, 0x3a, 0x33, 0x27, 0x0e, 0x0e,
    0x1c, 0x08, 0x51, 0x01, 0x63, 0xe3, 0xf6, 0x45, 0x4c, 0xc0, 0xd4, 0x00, 0x81, 0xc1, 0x80, 0x80,
    0xc0, 0x80, 0xc0, 0xc0, 0x00, 0x00, 0x04, 0x00, 0x00, 0x00, 0x00, 0x00, 0x10, 0x50, 0x50, 0x21,
    0xa0, 0xa9, 0x08, 0x00, 0x00, 0x04, 0x00, 0x00, 0x02, 0x00, 0x00, 0x00, 0x00, 0x00, 0x00, 0x00,
    0x00, 0x02, 0x02, 0x06, 0x03, 0x01, 0x01, 0x00, 0x04, 0x06, 0x03, 0x01, 0x00, 0x04, 0x02, 0x02,
    0x21, 0x00, 0x01, 0x88, 0x84, 0x42, 0x60, 0x30, 0x18, 0x00, 0x02, 0x00, 0x00, 0x01, 0x00, 0x00,
    0x03, 0x83, 0x0f, 0x00, 0x00, 0x00, 0x00, 0x00, 0x00, 0x00, 0x00, 0x00, 0x00, 0x00, 0x00, 0x00,
    0x08, 0x04, 0x03, 0x00, 0x01, 0x01, 0x01, 0x01, 0x01, 0x01, 0x00, 0x3e, 0x1f, 0x87, 0x40, 0x1f,
    0x01, 0x2f, 0x0d, 0x00, 0x00, 0x10, 0x17, 0x06, 0x00, 0x01, 0x9c, 0x60, 0x00, 0x00, 0x00, 0x02,
    0x00, 0x00, 0x00, 0x08, 0x02, 0x00, 0x00, 0x00, 0x00, 0x00, 0x00, 0x00, 0x00, 0x00, 0x00, 0x00,
    0x00, 0x00, 0x00, 0x01, 0x01, 0x01, 0x01, 0x03, 0x00, 0x00, 0x00, 0x00, 0x00, 0x00, 0x00, 0x00,
    0x07, 0x07, 0x68, 0x30, 0x00, 0x00, 0x00, 0x00, 0x00, 0x00, 0x00, 0x00, 0x00, 0x00, 0x00, 0x00
  },
  // Frame 18
  {
    0x00, 0x00, 0x00, 0x00, 0x00, 0x00, 0x00, 0x00, 0x00, 0x00, 0x00, 0x00, 0x00, 0x00, 0x00, 0x00,
    0x00, 0x00, 0x00, 0x40, 0x00, 0x00, 0x20, 0x20, 0x10, 0x30, 0x10, 0x18, 0x28, 0x14, 0x0c, 0x00,
    0x16, 0x08, 0x0b, 0x00, 0x08, 0x09, 0x0d, 0x09, 0x0a, 0x02, 0x01, 0x07, 0x07, 0x03, 0x83, 0x8f,
    0xc7, 0xc2, 0xc7, 0x44, 0x05, 0xe1, 0xa1, 0x81, 0x80, 0x81, 0x05, 0x01, 0x05, 0x04, 0x07, 0x01,
    0x04, 0x01, 0x00, 0x01, 0x00, 0x06, 0x00, 0x02, 0x04, 0x00, 0x24, 0x00, 0x04, 0x00, 0x04, 0x00,
    0x00, 0x00, 0x00, 0x00, 0x00, 0x80, 0x10, 0x00, 0x40, 0x00, 0x00, 0x00, 0x00, 0x00, 0x00, 0x00,
    0x00, 0x00, 0x00, 0x00, 0x18, 0x00, 0x00, 0x00, 0x10, 0x00, 0x10, 0x00, 0x10, 0x10, 0x00, 0x10,
    0x00, 0x10, 0x10, 0x00, 0x00, 0x00, 0x10, 0x00, 0x00, 0x18, 0x00, 0x18, 0x00, 0x00, 0x00, 0x00,
    0x00, 0x00, 0x00, 0x00, 0x40, 0x00, 0x00, 0x00, 0x00, 0x00, 0x00, 0x00, 0x00, 0x01, 0x00, 0x00,
    0x00, 0x00, 0x00, 0x00, 0x00, 0x00, 0x00, 0x00, 0x00, 0x00, 0x00, 0x00, 0x00, 0x00, 0x00, 0x00,
    0x00, 0x00, 0x00, 0x00, 0x00, 0x00, 0x00, 0x00, 0x30, 0x00, 0xfa, 0xfe, 0xfe, 0xf6, 0xfe, 0x72,
    0x18, 0x99, 0x87, 0x3f, 0xff, 0xf2, 0xf2, 0xa2, 0x28, 0x72, 0xd6, 0xd2, 0x4e, 0x3c, 0x00, 0x00,
    0x00, 0x00, 0x80, 0x20, 0x80, 0x00, 0x00, 0x40, 0x00, 0x40, 0x00, 0x00, 0x00, 0x00, 0x00, 0x00,
    0x00, 0x00, 0x00, 0x00, 0x00, 0x00, 0x00, 0x00, 0x00, 0x00, 0x00, 0x00, 0x00, 0x00, 0x00, 0x00,
    0x00, 0x00, 0x00, 0x00, 0x00, 0x00, 0x00, 0x00, 0x00, 0x00, 0x00, 0x00, 0x00, 0x00, 0x00, 0x00,
    0x00, 0x00, 0x00, 0x00, 0x00, 0x00, 0x00, 0x00, 0x00, 0x00, 0x00, 0x00, 0x00, 0x00, 0x00, 0x00,
    0x00, 0x00, 0x00, 0x00, 0x00, 0x00, 0x00, 0x00, 0x00, 0x00, 0x01, 0x04, 0x00, 0x00, 0x00, 0x02,
    0x00, 0x00, 0x00, 0x00, 0x00, 0x00, 0x00, 0x00, 0x00, 0x00, 0x00, 0x00, 0x00, 0x00, 0x00, 0x00,
    0x00, 0x00, 0x00, 0x00, 0x00, 0x00, 0x00, 0x00, 0x00, 0x20, 0x00, 0x01, 0x01, 0x03, 0x20, 0x00,
    0x20, 0x20, 0x60, 0x62, 0x64, 0x64, 0x72, 0xf8, 0x31, 0x10, 0x01, 0x03, 0x08, 0x00, 0x80, 0x00,
    0x01, 0x02, 0x02, 0x02, 0x00, 0x00, 0x00, 0x00, 0x01, 0x00, 0x00, 0x00, 0x00, 0x00, 0x00, 0x00,
    0x00, 0x00, 0x00, 0x00, 0x00, 0x00, 0x00, 0x00, 0x00, 0x00, 0x00, 0x00, 0x00, 0x00, 0x00, 0x00,
    0x00, 0x00, 0x00, 0x00, 0x00, 0x00, 0x00, 0x00, 0x00, 0x00, 0x00, 0x00, 0x00, 0x00, 0x00, 0x00,
    0x00, 0x00, 0x00, 0x00, 0x00, 0x00, 0x00, 0x00, 0x00, 0x00, 0x00, 0x00, 0x00, 0x00, 0x00, 0x00,
    0x00, 0x00, 0x00, 0x00, 0x00, 0x00, 0x00, 0x00, 0x00, 0x00, 0x00, 0x00, 0x00, 0x40, 0xc0, 0x00,
    0x80, 0xa0, 0x40, 0xc8, 0xe0, 0xc0, 0x00, 0x00, 0x00, 0x00, 0x80, 0x00, 0x00, 0x00, 0x00, 0x00,
    0x00, 0x00, 0x00, 0x00, 0x00, 0x00, 0x00, 0x00, 0x08, 0x00, 0x00, 0x00, 0x10, 0x20, 0x78, 0x98,
    0xd0, 0xb8, 0x5a, 0x1c, 0x00, 0x00, 0x84, 0x98, 0xe3, 0xc1, 0x1b, 0x3a, 0xd4, 0x08, 0x18, 0xc8,
    0x20, 0x30, 0x40, 0x80, 0x40, 0xc0, 0xc0, 0x00, 0x00, 0x00, 0x00, 0x00, 0x00, 0x00, 0x00, 0x00,
    0x00, 0x00, 0x00, 0x00, 0x00, 0x00, 0x00, 0x00, 0x00, 0x00, 0x00, 0x00, 0x00, 0x00, 0x00, 0x00,
    0x00, 0x00, 0x00, 0x00, 0x00, 0x00, 0x00, 0x00, 0x00, 0x00, 0x00, 0x00, 0x00, 0x00, 0x00, 0x00,
    0x00, 0x00, 0x00, 0x00, 0x00, 0x00, 0x00, 0x00, 0x00, 0x00, 0x00, 0x00, 0x00, 0x00, 0x00, 0x00,
    0x00, 0x00, 0x00, 0x00, 0x00, 0x00, 0x00, 0x00, 0xf0, 0x60, 0xc0, 0x80, 0x04, 0x1c, 0x3c, 0x3d,
    0x3f, 0xfe, 0x7d, 0xfb, 0xef, 0x7f, 0xff, 0xfc, 0x00, 0x00, 0x01, 0x02, 0x2c, 0xb8, 0xe0, 0x80,
    0x00, 0x00, 0x20, 0x40, 0x00, 0x40, 0xc0, 0x80, 0xc1, 0x80, 0x00, 0x08, 0x18, 0x30, 0xd8, 0xd0,
    0x80, 0x00, 0x62, 0x70, 0xf8, 0xfc, 0xfb, 0x77, 0x0f, 0x03, 0x80, 0xc0, 0xff, 0x7e, 0xfe, 0x07,
    0xff, 0x3e, 0xf8, 0xc3, 0x82, 0x1c, 0xf3, 0x0e, 0xb0, 0xc0, 0x01, 0x02, 0xe2, 0x00, 0xfc, 0x10,
    0x04, 0x78, 0xf0, 0x20, 0x40, 0x80, 0x00, 0x00, 0x00, 0x40, 0x00, 0x00, 0x00, 0x00, 0x30, 0x40,
    0x00, 0xc0, 0x00, 0x00, 0x10, 0x10, 0x00, 0x02, 0xd7, 0x67, 0xc7, 0x47, 0x67, 0xf7, 0x7f, 0x36,
    0x18, 0x0c, 0x24, 0x40, 0x00, 0x00, 0x10, 0x40, 0xc8, 0x40, 0x80, 0x20, 0x00, 0x00, 0x00, 0x00,
    0x00, 0x00, 0x00, 0x00, 0x00, 0x00, 0x40, 0x40, 0x88, 0x89, 0x11, 0x33, 0x77, 0x67, 0xee, 0xfe,
    0xf4, 0xfc, 0xf8, 0xd0, 0xa3, 0xc5, 0x0b, 0x17, 0x6c, 0xc0, 0x00, 0x00, 0x00, 0x00, 0x01, 0x01,
    0x02, 0x04, 0x00, 0x20, 0x00, 0x01, 0x01, 0x02, 0x00, 0x08, 0x01, 0x01, 0x02, 0x00, 0x00, 0x01,
    0x03, 0x07, 0x4f, 0x96, 0xac, 0x0d, 0x81, 0xe0, 0xe0, 0xfe, 0xff, 0xff, 0xdf, 0xcf, 0xe5, 0xff,
    0xbf, 0x40, 0x6c, 0x2f, 0x2e, 0x2f, 0xa8, 0xb0, 0x50, 0x50, 0xba, 0xf8, 0xf0, 0xd4, 0xb1, 0x28,
    0x3f, 0x3b, 0x6d, 0x62, 0x10, 0x9f, 0x90, 0x80, 0x00, 0xc0, 0x00, 0x8c, 0x30, 0x10, 0x22, 0x44,
    0x08, 0x0c, 0x10, 0x33, 0x42, 0x03, 0x0c, 0x18, 0x00, 0x30, 0x00, 0x07, 0x7c, 0x8c, 0x08, 0x00,
    0x06, 0x0e, 0x1c, 0xdc, 0x93, 0x02, 0x40, 0x02, 0x27, 0x00, 0x1b, 0x07, 0x00, 0x00, 0x00, 0x00,
    0x10, 0x90, 0x98, 0xc8, 0x48, 0x4c, 0x0c, 0x24, 0xa0, 0x22, 0x13, 0x13, 0x17, 0x87, 0x57, 0x22,
    0x0b, 0x3b, 0x0b, 0x91, 0xc7, 0x67, 0x33, 0x16, 0x14, 0x04, 0x2c, 0x18, 0xd8, 0xe8, 0x70, 0x78,
    0x78, 0xf8, 0x7c, 0x3c, 0x0c, 0x6c, 0x74, 0x78, 0x7c, 0x38, 0x3c, 0x3e, 0x1e, 0x1e, 0x0e, 0x0f,
    0x0f, 0x03, 0x05, 0xc1, 0xc2, 0xe3, 0xe3, 0xe3, 0xf2, 0xf0, 0xf0, 0x01, 0x83, 0xe3, 0xc3, 0x03,
    0x83, 0xc3, 0xc3, 0x43, 0x03, 0x03, 0x82, 0x8e, 0x1e, 0x9b, 0x17, 0x0e, 0x0c, 0x0d, 0x01, 0x03,
    0x27, 0x02, 0x42, 0x04, 0x74, 0xf0, 0xf8, 0x59, 0x59, 0xdb, 0xf2, 0xa0, 0x81, 0xc0, 0x80, 0x80,
    0xc0, 0xc0, 0x82, 0xe0, 0x83, 0x22, 0x10, 0x10, 0x10, 0x10, 0x10, 0x12, 0x12, 0x10, 0x50, 0x01,
    0xa1, 0x80, 0x00, 0x00, 0x00, 0x00, 0x00, 0x00, 0x00, 0x00, 0x00, 0x00, 0x00, 0x00, 0x00, 0x00,
    0x01, 0x01, 0x04, 0x00, 0x02, 0x02, 0x01, 0x01, 0x00, 0x04, 0x06, 0x02, 0x01, 0x00, 0x04, 0x00,
    0x02, 0x01, 0x20, 0x00, 0x00, 0x84, 0x40, 0x60, 0x30, 0x18, 0x00, 0x01, 0x00, 0x01, 0x00, 0x00,
    0x00, 0x07, 0xfc, 0x00, 0x00, 0x00, 0x00, 0x00, 0x00, 0x00, 0x00, 0x00, 0x80, 0x00, 0x00, 0x00,
    0x00, 0x04, 0x03, 0x00, 0x01, 0x01, 0x01, 0x01, 0x01, 0x01, 0x00, 0x3e, 0x1f, 0x87, 0x00, 0x1e,
    0x03, 0x2f, 0x05, 0x00, 0x00, 0x10, 0x17, 0x02, 0x00, 0x01, 0x8e, 0x60, 0x00, 0x00, 0x00, 0x02,
    0x00, 0x00, 0x00, 0xf0, 0x02, 0x00, 0x00, 0x00, 0x02, 0x00, 0x00, 0x00, 0x00, 0x00, 0x00, 0x00,
    0x00, 0x00, 0x00, 0x00, 0x01, 0x01, 0x01, 0x02, 0x00, 0x00, 0x00, 0x00, 0x00, 0x00, 0x00, 0x00,
    0x07, 0x07, 0x4c, 0x30, 0x00, 0x00, 0x00, 0x00, 0x00, 0x00, 0x00, 0x00, 0x00, 0x00, 0x00, 0x00
  },
  // Frame 19
  {
    0x00, 0x00, 0x00, 0x00, 0x00, 0x00, 0x00, 0x00, 0x00, 0x00, 0x00, 0x00, 0x00, 0x00, 0x00, 0x00,
    0x00, 0x00, 0x40, 0x00, 0x00, 0x20, 0x20, 0x10, 0x10, 0x10, 0x18, 0x28, 0x00, 0x0c, 0x00, 0x0c,
    0x18, 0x08, 0x00, 0x0a, 0x0d, 0x09, 0x05, 0x08, 0x05, 0x01, 0x01, 0x03, 0x03, 0x80, 0x85, 0x85,
    0xc0, 0xc4, 0xc5, 0xc3, 0x43, 0xc7, 0xc0, 0xc1, 0xc6, 0x42, 0x02, 0x00, 0x02, 0x02, 0x03, 0x07,
    0x03, 0x02, 0x00, 0x01, 0x01, 0x00, 0x00, 0x04, 0x04, 0x04, 0x18, 0x00, 0x00, 0x04, 0x00, 0x00,
    0x00, 0x10, 0x00, 0x08, 0x00, 0x00, 0x90, 0x00, 0x00, 0x40, 0x00, 0x00, 0x00, 0x00, 0x00, 0x00,
    0x00, 0x00, 0x00, 0x00, 0x18, 0x00, 0x00, 0x00, 0x10, 0x00, 0x10, 0x00, 0x10, 0x10, 0x00, 0x10,
    0x00, 0x10, 0x10, 0x00, 0x00, 0x00, 0x10, 0x00, 0x00, 0x18, 0x00, 0x18, 0x00, 0x00, 0x00, 0x00,
    0x00, 0x00, 0x00, 0x00, 0xa0, 0x00, 0x00, 0x00, 0x00, 0x00, 0x02, 0x00, 0x01, 0x00, 0x00, 0x00,
    0x00, 0x00, 0x00, 0x00, 0x00, 0x00, 0x00, 0x00, 0x00, 0x00, 0x00, 0x00, 0x00, 0x00, 0x00, 0x00,
    0x00, 0x00, 0x00, 0x00, 0x00, 0x00, 0x00, 0x10, 0x40, 0x62, 0xe8, 0xf6, 0xfa, 0xfe, 0x7e, 0x32,
    0x15, 0x91, 0x0c, 0x1f, 0xfe, 0xe3, 0xf2, 0x82, 0x68, 0x62, 0xda, 0x8a, 0xca, 0x38, 0x00, 0x00,
    0x00, 0x40, 0x80, 0x00, 0x00, 0x00, 0x00, 0x40, 0x00, 0x40, 0x00, 0x00, 0x04, 0x00, 0x00, 0x00,
    0x00, 0x04, 0x04, 0x00, 0x01, 0x00, 0x00, 0x00, 0x00, 0x00, 0x00, 0x00, 0x00, 0x00, 0x00, 0x00,
    0x00, 0x00, 0x00, 0x00, 0x00, 0x00, 0x00, 0x00, 0x00, 0x00, 0x00, 0x00, 0x00, 0x00, 0x00, 0x00,
    0x00, 0x00, 0x00, 0x00, 0x00, 0x00, 0x00, 0x00, 0x00, 0x00, 0x00, 0x00, 0x00, 0x00, 0x00, 0x00,
    0x00, 0x00, 0x00, 0x00, 0x00, 0x00, 0x00, 0x00, 0x00, 0x00, 0x04, 0x00, 0x00, 0x02, 0x00, 0x08,
    0x00, 0x00, 0x00, 0x00, 0x00, 0x00, 0x00, 0x00, 0x00, 0x00, 0x00, 0x00, 0x00, 0x00, 0x00, 0x00,
    0x00, 0x00, 0x00, 0x00, 0x00, 0x00, 0x00, 0x00, 0x40, 0x20, 0x00, 0x03, 0x01, 0x02, 0x20, 0x00,
    0x00, 0x20, 0x60, 0x62, 0x64, 0x65, 0x72, 0xf8, 0x31, 0x10, 0x01, 0x03, 0x00, 0x00, 0x80, 0x00,
    0x02, 0x02, 0x02, 0x00, 0x00, 0x00, 0x00, 0x00, 0x00, 0x00, 0x00, 0x00, 0x00, 0x00, 0x00, 0x00,
    0x00, 0x00, 0x00, 0x00, 0x00, 0x00, 0x00, 0x00, 0x00, 0x00, 0x00, 0x00, 0x00, 0x00, 0x00, 0x00,
    0x00, 0x00, 0x00, 0x00, 0x00, 0x00, 0x00, 0x00, 0x00, 0x00, 0x00, 0x00, 0x00, 0x00, 0x00, 0x00,
    0x00, 0x00, 0x00, 0x00, 0x00, 0x00, 0x00, 0x00, 0x00, 0x00, 0x00, 0x00, 0x00, 0x00, 0x00, 0x00,
    0x00, 0x00, 0x00, 0x00, 0x00, 0x00, 0x00, 0x00, 0x00, 0x00, 0x00, 0x00, 0x00, 0x40, 0xc0, 0x00,
    0x80, 0xa0, 0x40, 0xd8, 0xe0, 0x80, 0x00, 0x00, 0x00, 0x00, 0x80, 0x00, 0x00, 0x00, 0x00, 0x00,
    0x00, 0x00, 0x00, 0x00, 0x00, 0x00, 0x00, 0x00, 0x08, 0x10, 0x00, 0x00, 0x30, 0x20, 0x78, 0x98,
    0xd0, 0xb8, 0x4a, 0x1c, 0x00, 0x00, 0x84, 0x98, 0xe3, 0xc1, 0x1b, 0x3e, 0xd4, 0x08, 0x18, 0xc0,
    0x20, 0x20, 0x50, 0xa0, 0x00, 0xc0, 0xc0, 0x00, 0x00, 0x00, 0x00, 0x00, 0x00, 0x00, 0x00, 0x00,
    0x00, 0x00, 0x00, 0x00, 0x00, 0x00, 0x00, 0x00, 0x00, 0x00, 0x00, 0x00, 0x00, 0x00, 0x00, 0x00,
    0x00, 0x00, 0x00, 0x80, 0x00, 0x10, 0x38, 0x3c, 0x3c, 0x3c, 0x38, 0x38, 0x38, 0x10, 0x00, 0x00,
    0x40, 0x00, 0x40, 0x00, 0x00, 0x00, 0x00, 0x00, 0x00, 0x00, 0x00, 0x00, 0x00, 0x00, 0x00, 0x00,
    0x00, 0x00, 0x00, 0x00, 0x00, 0x00, 0x00, 0x00, 0xe0, 0xc0, 0xc0, 0x80, 0x0c, 0x0c, 0x1c, 0x7b,
    0x3f, 0xfe, 0xfd, 0xff, 0xef, 0xfe, 0xff, 0xfc, 0x00, 0x00, 0x01, 0x02, 0x0c, 0xb8, 0xe0, 0x80,
    0x00, 0x00, 0x20, 0x40, 0x40, 0xc0, 0xc0, 0x80, 0x81, 0x80, 0x04, 0x08, 0x10, 0x30, 0xc8, 0xc0,
    0x80, 0x00, 0x62, 0x70, 0xf8, 0xfc, 0xfb, 0x37, 0x0f, 0x03, 0x80, 0xc0, 0xff, 0x7e, 0xfe, 0x07,
    0xff, 0x3e, 0xf8, 0xe3, 0x82, 0x1c, 0x55, 0x8f, 0x30, 0xe0, 0x00, 0x02, 0xea, 0x00, 0xf0, 0x3a,
    0x00, 0x98, 0x30, 0x00, 0x00, 0x00, 0x00, 0x00, 0x00, 0x08, 0x00, 0x00, 0x00, 0x00, 0x00, 0x00,
    0x00, 0x80, 0x00, 0x00, 0x00, 0x00, 0x00, 0x00, 0x00, 0x00, 0x00, 0x00, 0x00, 0x00, 0x00, 0x00,
    0x00, 0x00, 0x00, 0x00, 0x00, 0x00, 0x00, 0x00, 0x00, 0x00, 0x00, 0x00, 0x00, 0x00, 0x00, 0x00,
    0x00, 0x00, 0x00, 0x00, 0x00, 0x00, 0x00, 0x40, 0x80, 0x01, 0x33, 0x33, 0x27, 0x66, 0xee, 0xfe,
    0xf4, 0xfc, 0xe8, 0xd0, 0xe3, 0xa1, 0xc6, 0x8f, 0x14, 0x20, 0x80, 0x00, 0x00, 0x00, 0x00, 0x01,
    0x02, 0x04, 0x00, 0x20, 0x00, 0x00, 0x01, 0x02, 0x00, 0x08, 0x01, 0x01, 0x02, 0x00, 0x00, 0x81,
    0x83, 0x87, 0xcf, 0x16, 0xcc, 0xed, 0xe1, 0xe0, 0xf0, 0xfe, 0xff, 0x3f, 0x7f, 0x77, 0x75, 0xff,
    0xaf, 0xa0, 0xf8, 0x6b, 0xfe, 0xbf, 0xa4, 0x95, 0x9c, 0xcc, 0xe5, 0xac, 0x34, 0x74, 0x67, 0xec,
    0xcb, 0x4b, 0x81, 0x80, 0xda, 0xd2, 0xb0, 0xa0, 0x50, 0x50, 0x00, 0x00, 0x00, 0x00, 0x00, 0x00,
    0x00, 0x04, 0x00, 0x01, 0x42, 0x40, 0x40, 0x00, 0x00, 0x00, 0x00, 0x00, 0x04, 0x00, 0x10, 0x10,
    0x00, 0x08, 0x08, 0x04, 0x04, 0x00, 0x02, 0x01, 0x00, 0x00, 0x00, 0x00, 0x00, 0x00, 0x00, 0x00,
    0x00, 0x00, 0x30, 0x10, 0x90, 0x88, 0x88, 0x40, 0x4c, 0x45, 0x21, 0x23, 0x03, 0x03, 0x12, 0x92,
    0x2b, 0x2b, 0x39, 0x19, 0x95, 0x47, 0x23, 0x13, 0x96, 0x44, 0x2c, 0x10, 0xdc, 0xec, 0xfc, 0xf8,
    0xfc, 0xfc, 0x7c, 0x2c, 0x0e, 0x66, 0x78, 0x3c, 0x1e, 0x3e, 0x3e, 0x1f, 0x0f, 0x0f, 0x07, 0x07,
    0x07, 0x01, 0x02, 0xc0, 0xf0, 0xf1, 0xf1, 0xf8, 0xf8, 0xf8, 0xf8, 0x18, 0xc0, 0xf8, 0xf0, 0x08,
    0xe0, 0xe0, 0xe0, 0x70, 0x30, 0x30, 0xf0, 0xf3, 0x73, 0xf6, 0x05, 0x01, 0x03, 0x03, 0x02, 0x04,
    0x08, 0x1a, 0x42, 0x15, 0x75, 0xf1, 0x5b, 0x5b, 0x79, 0xf8, 0xb0, 0x20, 0x80, 0x80, 0x80, 0x80,
    0xc0, 0xc0, 0x80, 0xe0, 0x00, 0x20, 0x10, 0x10, 0x10, 0x10, 0x10, 0x00, 0x10, 0x50, 0x50, 0x00,
    0xa0, 0x80, 0x00, 0x00, 0x00, 0x00, 0x00, 0x00, 0x00, 0x00, 0x00, 0x00, 0x00, 0x00, 0x00, 0x00,
    0x00, 0x0e, 0x0b, 0x01, 0x00, 0x04, 0x04, 0x02, 0x00, 0x00, 0x00, 0x0c, 0x02, 0x03, 0x01, 0x00,
    0x00, 0x42, 0x02, 0x31, 0x00, 0x08, 0x00, 0x40, 0x20, 0x30, 0x1c, 0x00, 0x00, 0x00, 0x00, 0x00,
    0x00, 0x00, 0x00, 0x7c, 0x80, 0x00, 0x00, 0x00, 0x00, 0x00, 0x00, 0x00, 0x00, 0x00, 0x00, 0x00,
    0x00, 0x04, 0x03, 0x01, 0x01, 0x01, 0x01, 0x01, 0x01, 0x03, 0x00, 0x3e, 0x1f, 0x8f, 0x00, 0x1e,
    0x07, 0x2f, 0x0d, 0x00, 0x00, 0x00, 0x17, 0x02, 0x00, 0x00, 0x8e, 0x70, 0x00, 0x00, 0x00, 0x02,
    0x00, 0x00, 0x00, 0x18, 0x02, 0x00, 0x00, 0x00, 0x00, 0x00, 0x00, 0x00, 0x00, 0x80, 0x00, 0x00,
    0x00, 0x00, 0x00, 0x00, 0x01, 0x01, 0x01, 0x02, 0x00, 0x00, 0x00, 0x00, 0x00, 0x00, 0x00, 0x00,
    0x07, 0x07, 0x48, 0x30, 0x00, 0x00, 0x00, 0x00, 0x00, 0x00, 0x00, 0x00, 0x00, 0x00, 0x00, 0x00
  },
  // Frame 20
  {
    0x00, 0x00, 0x00, 0x00, 0x00, 0x00, 0x00, 0x00, 0x00, 0x00, 0x00, 0x00, 0x00, 0x00, 0x00, 0x00,
    0x00, 0x00, 0x40, 0x00, 0x00, 0x20, 0x20, 0x10, 0x30, 0x10, 0x18, 0x28, 0x00, 0x0c, 0x00, 0x18,
    0x08, 0x08, 0x00, 0x0a, 0x0d, 0x09, 0x05, 0x0c, 0x05, 0x01, 0x01, 0x07, 0x03, 0x00, 0x83, 0x87,
    0xc0, 0xc1, 0x01, 0xc7, 0x43, 0xc3, 0xc2, 0xc1, 0xc2, 0xc3, 0x03, 0x03, 0x02, 0x02, 0x03, 0x03,
    0x03, 0x00, 0x03, 0x01, 0x03, 0x02, 0x00, 0x00, 0x00, 0x00, 0x18, 0x00, 0x00, 0x00, 0x00, 0x00,
    0x00, 0x10, 0x00, 0x00, 0x60, 0x00, 0x90, 0x20, 0x00, 0x00, 0x00, 0x00, 0x00, 0x00, 0x00, 0x00,
    0x00, 0x00, 0x00, 0x00, 0x18, 0x00, 0x00, 0x00, 0x10, 0x00, 0x10, 0x00, 0x10, 0x10, 0x00, 0x10,
    0x00, 0x10, 0x10, 0x00, 0x00, 0x00, 0x10, 0x00, 0x00, 0x18, 0x00, 0x18, 0x00, 0x00, 0x00, 0x00,
    0x00, 0x00, 0x00, 0x00, 0xa0, 0x00, 0x00, 0x00, 0x00, 0x00, 0x02, 0x00, 0x01, 0x00, 0x00, 0x00,
    0x00, 0x00, 0x00, 0x00, 0x00, 0x00, 0x00, 0x00, 0x00, 0x00, 0x00, 0x00, 0x00, 0x00, 0x00, 0x00,
    0x00, 0x00, 0x00, 0x00, 0x00, 0x00, 0x00, 0x10, 0x40, 0x60, 0xe8, 0xf6, 0xfa, 0xfa, 0x72, 0x30,
    0x55, 0xd1, 0x0c, 0x5f, 0xfe, 0xe3, 0xf2, 0x82, 0x68, 0x6a, 0xda, 0x9a, 0xaa, 0x38, 0x00, 0x00,
    0x00, 0x40, 0x80, 0x00, 0x00, 0x00, 0x00, 0x00, 0x00, 0x40, 0x00, 0x00, 0x04, 0x00, 0x00, 0x00,
    0x00, 0x04, 0x00, 0x00, 0x00, 0x00, 0x00, 0x00, 0x00, 0x02, 0x00, 0x00, 0x00, 0x00, 0x00, 0x00,
    0x00, 0x00, 0x00, 0x00, 0x00, 0x00, 0x00, 0x00, 0x00, 0x00, 0x00, 0x00, 0x00, 0x00, 0x00, 0x00,
    0x00, 0x00, 0x00, 0x00, 0x00, 0x00, 0x00, 0x00, 0x00, 0x00, 0x00, 0x00, 0x00, 0x00, 0x00, 0x00,
    0x00, 0x00, 0x00, 0x00, 0x00, 0x00, 0x00, 0x00, 0x00, 0x00, 0x04, 0x00, 0x00, 0x00, 0x00, 0x08,
    0x00, 0x00, 0x00, 0x00, 0x00, 0x00, 0x00, 0x00, 0x00, 0x00, 0x00, 0x00, 0x00, 0x00, 0x00, 0x00,
    0x00, 0x00, 0x00, 0x00, 0x00, 0x00, 0x00, 0x00, 0x40, 0x00, 0x00, 0x03, 0x01, 0x02, 0x20, 0x00,
    0x00, 0x00, 0x60, 0x62, 0x65, 0x65, 0x7a, 0xf8, 0x31, 0x10, 0x01, 0x03, 0x00, 0x00, 0x80, 0x00,
    0x02, 0x02, 0x02, 0x00, 0x00, 0x00, 0x01, 0x00, 0x01, 0x00, 0x00, 0x00, 0x00, 0x00, 0x00, 0x00,
    0x00, 0x00, 0x00, 0x00, 0x00, 0x00, 0x00, 0x00, 0x00, 0x00, 0x00, 0x00, 0x00, 0x00, 0x00, 0x00,
    0x00, 0x00, 0x00, 0x00, 0x00, 0x00, 0x00, 0x00, 0x00, 0x00, 0x00, 0x00, 0x00, 0x00, 0x00, 0x00,
    0x00, 0x00, 0x00, 0x00, 0x00, 0x00, 0x00, 0x00, 0x00, 0x00, 0x00, 0x00, 0x00, 0x00, 0x00, 0x00,
    0x00, 0x00, 0x00, 0x00, 0x00, 0x00, 0x00, 0x00, 0x00, 0x00, 0x00, 0x00, 0x00, 0x40, 0xc0, 0x00,
    0x80, 0xa0, 0x40, 0xd8, 0xe0, 0x80, 0x00, 0x00, 0x00, 0x00, 0x00, 0x00, 0x00, 0x00, 0x00, 0x00,
    0x00, 0x00, 0x00, 0x00, 0x00, 0x00, 0x00, 0x00, 0x08, 0x10, 0x00, 0x00, 0x30, 0x20, 0x78, 0x98,
    0xd0, 0xb8, 0x4a, 0x1c, 0x00, 0x00, 0x84, 0x98, 0xe3, 0xc3, 0x1b, 0x3e, 0xfe, 0x08, 0x18, 0xc0,
    0x20, 0x20, 0x50, 0xa0, 0x00, 0x40, 0xc0, 0x00, 0x00, 0x00, 0x00, 0x00, 0x00, 0x00, 0x00, 0x00,
    0x00, 0x00, 0x00, 0x00, 0x00, 0x00, 0x00, 0x00, 0x00, 0x00, 0x00, 0x00, 0x80, 0x00, 0x00, 0x40,
    0x40, 0x40, 0x40, 0x40, 0x04, 0x0e, 0x06, 0x1e, 0x1e, 0x1e, 0x1e, 0x0c, 0xa8, 0x00, 0x20, 0x00,
    0x00, 0x20, 0x00, 0x00, 0x00, 0x00, 0x00, 0x00, 0x00, 0x00, 0x00, 0x00, 0x00, 0x00, 0x00, 0x00,
    0x00, 0x00, 0x00, 0x00, 0x00, 0x00, 0x00, 0x00, 0x80, 0xc0, 0xc0, 0x04, 0x0c, 0x0c, 0x1c, 0x7b,
    0x3f, 0xff, 0xfd, 0xff, 0xef, 0xfe, 0xff, 0xfc, 0x00, 0x00, 0x01, 0x02, 0x0c, 0xb8, 0xe0, 0x80,
    0x00, 0x00, 0x20, 0x40, 0x40, 0xc0, 0x80, 0x80, 0x81, 0x82, 0x04, 0x08, 0x10, 0x30, 0xc8, 0x80,
    0x80, 0x00, 0x62, 0x70, 0xf8, 0xfc, 0xfb, 0x37, 0x0f, 0x03, 0x80, 0xc0, 0xff, 0x7e, 0xfe, 0x07,
    0xff, 0x3e, 0xf8, 0xe3, 0x82, 0x0c, 0x55, 0xcf, 0x38, 0xe0, 0x00, 0x03, 0xea, 0x00, 0xe2, 0x38,
    0x00, 0x08, 0xf0, 0x00, 0x00, 0x00, 0x08, 0x08, 0x20, 0x00, 0x00, 0x0a, 0x4a, 0x42, 0x00, 0x22,
    0x00, 0x00, 0x00, 0x80, 0x08, 0x24, 0x00, 0x40, 0x10, 0x08, 0x90, 0x04, 0x00, 0x00, 0x00, 0x44,
    0x80, 0x40, 0x80, 0x04, 0x08, 0x00, 0x48, 0x00, 0x00, 0x00, 0x00, 0x00, 0x00, 0x00, 0x00, 0x00,
    0x00, 0x00, 0x00, 0x00, 0x00, 0x00, 0x00, 0xc0, 0x80, 0x01, 0x33, 0x33, 0x67, 0x66, 0xee, 0xfe,
    0xf4, 0xfc, 0xe8, 0xf0, 0xe3, 0xa1, 0xc7, 0x89, 0x16, 0x20, 0xc0, 0x00, 0x00, 0x00, 0x00, 0x01,
    0x0a, 0x04, 0x00, 0x20, 0x00, 0x00, 0x01, 0x02, 0x00, 0x08, 0x00, 0x01, 0x02, 0x00, 0x00, 0x81,
    0x83, 0xc7, 0x8f, 0x56, 0xec, 0xed, 0xe1, 0xf0, 0xf0, 0xfe, 0xff, 0xf7, 0xf7, 0xff, 0xed, 0xff,
    0xfb, 0xf8, 0xfc, 0xfb, 0xf6, 0xf7, 0xf4, 0xf7, 0x34, 0xfd, 0xdf, 0xba, 0xb4, 0x34, 0x67, 0x64,
    0xc7, 0x4f, 0x0d, 0xc9, 0xdc, 0xd2, 0xd1, 0x98, 0xa0, 0x00, 0x00, 0x03, 0x04, 0x00, 0x00, 0x01,
    0x00, 0x00, 0x04, 0x04, 0x08, 0x00, 0x00, 0x28, 0x00, 0x00, 0x00, 0x01, 0x00, 0x00, 0x08, 0x00,
    0x05, 0x00, 0x00, 0x00, 0x00, 0x01, 0x00, 0x00, 0x00, 0x00, 0x00, 0x00, 0x00, 0x00, 0x00, 0x00,
    0x00, 0x00, 0x20, 0x10, 0x10, 0x90, 0x88, 0x88, 0x40, 0x45, 0x05, 0x2b, 0x2b, 0x02, 0x02, 0x82,
    0x4b, 0x6b, 0x19, 0x19, 0x97, 0x07, 0x27, 0x13, 0x96, 0x46, 0x2c, 0x12, 0xdc, 0xec, 0xfc, 0xf8,
    0xfc, 0xfc, 0x7c, 0x2c, 0x0e, 0x62, 0x78, 0x3c, 0x1d, 0x3e, 0x0e, 0x1e, 0x0f, 0x0f, 0x07, 0x07,
    0x01, 0x03, 0x00, 0xc0, 0xf0, 0xf0, 0xf0, 0xf8, 0xf8, 0xf8, 0xf8, 0x38, 0x80, 0xf8, 0xf0, 0x00,
    0xe0, 0xe0, 0xf0, 0x70, 0x30, 0x30, 0xf0, 0xf1, 0x73, 0xf2, 0x00, 0x01, 0x01, 0x01, 0x00, 0x04,
    0x88, 0x1a, 0x41, 0x15, 0xf5, 0xf1, 0x5b, 0x5b, 0x79, 0xf8, 0xb0, 0x20, 0x80, 0xc0, 0x80, 0xc0,
    0xc0, 0x80, 0xc0, 0xe0, 0x20, 0x20, 0x30, 0x10, 0x10, 0x10, 0x10, 0x10, 0x10, 0x50, 0x50, 0xa0,
    0xa0, 0x80, 0x00, 0x00, 0x00, 0x00, 0x00, 0x00, 0x00, 0x00, 0x00, 0x00, 0x00, 0x00, 0x00, 0x00,
    0x00, 0x06, 0x0a, 0x08, 0x01, 0x00, 0x04, 0x00, 0x00, 0x00, 0x00, 0x0c, 0x06, 0x02, 0x01, 0x00,
    0x00, 0x00, 0x02, 0x20, 0x30, 0x18, 0x00, 0x00, 0x01, 0x20, 0x18, 0x00, 0x00, 0x00, 0x00, 0x00,
    0x00, 0x00, 0x00, 0x1e, 0xc0, 0x00, 0x00, 0x00, 0x00, 0x00, 0x00, 0x00, 0x00, 0x00, 0x00, 0x00,
    0x00, 0x0c, 0x03, 0x00, 0x01, 0x01, 0x01, 0x01, 0x01, 0x03, 0x00, 0x3c, 0x1f, 0x8f, 0x00, 0x1e,
    0x27, 0x2f, 0x0d, 0x01, 0x00, 0x00, 0x17, 0x02, 0x00, 0x00, 0x8e, 0x70, 0x00, 0x00, 0x00, 0x03,
    0x00, 0x00, 0x00, 0x08, 0x00, 0x00, 0x00, 0x00, 0x02, 0x00, 0x00, 0x00, 0x00, 0x80, 0x00, 0x00,
    0x00, 0x00, 0x00, 0x00, 0x01, 0x01, 0x01, 0x02, 0x00, 0x00, 0x00, 0x00, 0x00, 0x00, 0x00, 0x00,
    0x07, 0x07, 0x64, 0x30, 0x00, 0x00, 0x00, 0x00, 0x00, 0x00, 0x00, 0x00, 0x00, 0x00, 0x00, 0x00
  },
  // Frame 21
  {
    0x00, 0x00, 0x00, 0x00, 0x00, 0x00, 0x00, 0x00, 0x00, 0x00, 0x00, 0x00, 0x00, 0x00, 0x00, 0x00,
    0x00, 0x00, 0x40, 0x00, 0x00, 0x20, 0x20, 0x10, 0x30, 0x10, 0x18, 0x28, 0x00, 0x0c, 0x08, 0x18,
    0x08, 0x0c, 0x00, 0x0a, 0x0d, 0x09, 0x01, 0x0c, 0x01, 0x01, 0x05, 0x06, 0x05, 0x00, 0x83, 0x87,
    0xc0, 0xc1, 0x01, 0xc7, 0x43, 0xc3, 0xc2, 0xc1, 0xc2, 0x43, 0x03, 0x03, 0x03, 0x02, 0x03, 0x03,
    0x03, 0x00, 0x03, 0x02, 0x03, 0x02, 0x02, 0x00, 0x00, 0x08, 0x00, 0x00, 0x00, 0x00, 0x00, 0x00,
    0x00, 0x00, 0x00, 0x00, 0x60, 0x00, 0x80, 0x30, 0x00, 0x00, 0x80, 0x00, 0x00, 0x00, 0x00, 0x00,
    0x00, 0x00, 0x00, 0x00, 0x18, 0x00, 0x00, 0x00, 0x10, 0x00, 0x10, 0x00, 0x10, 0x10, 0x00, 0x10,
    0x00, 0x10, 0x10, 0x00, 0x00, 0x00, 0x10, 0x00, 0x00, 0x18, 0x00, 0x18, 0x00, 0x00, 0x00, 0x00,
    0x00, 0x00, 0x00, 0x00, 0x40, 0x00, 0x00, 0x00, 0x80, 0x00, 0x02, 0x00, 0x01, 0x00, 0x00, 0x00,
    0x00, 0x00, 0x00, 0x00, 0x00, 0x00, 0x00, 0x00, 0x00, 0x00, 0x00, 0x00, 0x00, 0x00, 0x00, 0x00,
    0x00, 0x00, 0x00, 0x00, 0x00, 0x00, 0x00, 0x10, 0x50, 0x60, 0xe8, 0xf2, 0xfa, 0xfa, 0x72, 0x30,
    0x55, 0xd1, 0x0c, 0x5f, 0xfa, 0xe2, 0xf2, 0x82, 0x60, 0x6a, 0xda, 0xde, 0xce, 0x38, 0x00, 0x00,
    0x00, 0x60, 0xc0, 0x20, 0x80, 0x80, 0x40, 0x40, 0x00, 0x00, 0x00, 0x00, 0x00, 0x00, 0x00, 0x00,
    0x00, 0x00, 0x00, 0x00, 0x00, 0x01, 0x00, 0x00, 0x04, 0x00, 0x01, 0x00, 0x00, 0x00, 0x00, 0x00,
    0x00, 0x00, 0x00, 0x00, 0x00, 0x00, 0x00, 0x00, 0x00, 0x00, 0x00, 0x00, 0x00, 0x00, 0x00, 0x00,
    0x00, 0x00, 0x00, 0x00, 0x00, 0x00, 0x00, 0x00, 0x00, 0x00, 0x00, 0x00, 0x00, 0x00, 0x00, 0x00,
    0x00, 0x00, 0x00, 0x00, 0x00, 0x00, 0x00, 0x00, 0x00, 0x00, 0x04, 0x00, 0x00, 0x00, 0x00, 0x00,
    0x00, 0x00, 0x00, 0x00, 0x00, 0x00, 0x00, 0x00, 0x00, 0x00, 0x20, 0x00, 0x00, 0x00, 0x00, 0x00,
    0x00, 0x00, 0x00, 0x00, 0x00, 0x00, 0x00, 0x00, 0x40, 0x20, 0x00, 0x03, 0x01, 0x02, 0x20, 0x40,
    0x20, 0x20, 0x60, 0x62, 0x65, 0x64, 0x72, 0xf8, 0x31, 0x10, 0x01, 0x03, 0x00, 0x00, 0x80, 0x00,
    0x00, 0x02, 0x02, 0x02, 0x00, 0x00, 0x01, 0x01, 0x01, 0x00, 0x00, 0x00, 0x00, 0x00, 0x00, 0x00,
    0x00, 0x00, 0x00, 0x00, 0x00, 0x00, 0x00, 0x00, 0x00, 0x00, 0x00, 0x00, 0x00, 0x00, 0x00, 0x00,
    0x00, 0x00, 0x00, 0x00, 0x00, 0x00, 0x00, 0x00, 0x00, 0x00, 0x00, 0x00, 0x00, 0x00, 0x00, 0x00,
    0x00, 0x00, 0x00, 0x00, 0x00, 0x00, 0x00, 0x00, 0x00, 0x00, 0x00, 0x00, 0x00, 0x00, 0x00, 0x00,
    0x00, 0x00, 0x00, 0x00, 0x00, 0x00, 0x00, 0x00, 0x00, 0x00, 0x00, 0x00, 0x00, 0x40, 0xc0, 0x80,
    0x80, 0x20, 0x40, 0xd8, 0xe0, 0xc0, 0x00, 0x00, 0x00, 0x00, 0x80, 0x00, 0x00, 0x00, 0x00, 0x00,
    0x00, 0x00, 0x00, 0x00, 0x00, 0x00, 0x00, 0x00, 0x08, 0x00, 0x00, 0x00, 0x30, 0x20, 0x78, 0x98,
    0x98, 0xe8, 0xda, 0x0c, 0x00, 0x00, 0x80, 0x98, 0xe1, 0x83, 0x0b, 0x3f, 0xfc, 0x08, 0x10, 0xc0,
    0x88, 0x20, 0x50, 0xe0, 0x00, 0x40, 0xe0, 0xa0, 0x00, 0x00, 0x00, 0x00, 0x00, 0x00, 0x00, 0x00,
    0x00, 0x00, 0x00, 0x00, 0x00, 0x00, 0x00, 0x00, 0x00, 0x00, 0x00, 0x00, 0x00, 0x00, 0x40, 0x40,
    0x40, 0x60, 0x40, 0x40, 0x03, 0x07, 0x17, 0x07, 0x97, 0x07, 0x03, 0x00, 0x20, 0xa0, 0x10, 0x00,
    0x00, 0x00, 0x20, 0x00, 0x40, 0x00, 0x00, 0x00, 0x00, 0x00, 0x00, 0x00, 0x00, 0x00, 0x00, 0x00,
    0x00, 0x00, 0x00, 0x00, 0x00, 0x00, 0x00, 0x00, 0xc0, 0xc0, 0x80, 0x00, 0x0c, 0x1c, 0x18, 0x3b,
    0xff, 0x7f, 0xfd, 0xff, 0xef, 0xfe, 0xff, 0xfc, 0x00, 0x00, 0x01, 0x02, 0x0c, 0xb8, 0xe0, 0x80,
    0x00, 0x00, 0x20, 0x40, 0x40, 0xc0, 0x80, 0xc0, 0x80, 0x82, 0x80, 0x08, 0x10, 0x30, 0xc8, 0x90,
    0x80, 0x00, 0x44, 0xf0, 0xf8, 0xfc, 0xfb, 0xf7, 0x0f, 0x07, 0x80, 0xc0, 0xff, 0xfe, 0xfe, 0x03,
    0xff, 0x3e, 0xf8, 0xa3, 0x83, 0x0c, 0x54, 0xef, 0x78, 0x60, 0x00, 0x03, 0xea, 0x00, 0x00, 0x7a,
    0xe0, 0x00, 0x00, 0x28, 0x00, 0x00, 0x00, 0x00, 0x00, 0x00, 0x00, 0x48, 0xc2, 0x08, 0x10, 0x00,
    0x40, 0x00, 0x04, 0x80, 0x01, 0x08, 0x09, 0x10, 0x50, 0x00, 0x00, 0x40, 0x00, 0x08, 0x10, 0x01,
    0xc8, 0x24, 0x00, 0x00, 0x80, 0x80, 0x40, 0x00, 0x00, 0x00, 0x00, 0x00, 0x00, 0x00, 0x00, 0x00,
    0x00, 0x00, 0x00, 0x00, 0x00, 0x00, 0x00, 0x80, 0x80, 0x11, 0x33, 0x63, 0x66, 0xe6, 0xee, 0xdc,
    0xf4, 0xfc, 0xf9, 0xd0, 0xe3, 0x87, 0x4a, 0x8f, 0x3c, 0x60, 0x80, 0x00, 0x00, 0x00, 0x00, 0x01,
    0x0a, 0x04, 0x00, 0x20, 0x00, 0x00, 0x01, 0x02, 0x00, 0x08, 0x08, 0x01, 0x02, 0x00, 0x00, 0x81,
    0xc3, 0x87, 0x0f, 0xd6, 0xec, 0xed, 0xe1, 0xf0, 0xe0, 0x7c, 0xff, 0xf7, 0x75, 0x7f, 0x7d, 0xee,
    0xfb, 0xf8, 0xd8, 0x17, 0x97, 0x95, 0xd0, 0xf0, 0x7e, 0xf7, 0xdb, 0xb0, 0x34, 0x34, 0x67, 0x66,
    0x47, 0x0d, 0xc9, 0xc9, 0xdc, 0xd0, 0xbc, 0xa8, 0x00, 0x00, 0x03, 0x02, 0x04, 0x00, 0x00, 0x01,
    0x00, 0x21, 0x02, 0x24, 0x09, 0x00, 0x08, 0x10, 0x00, 0x18, 0x00, 0x08, 0x08, 0x03, 0x04, 0x04,
    0x02, 0x00, 0x01, 0x01, 0x00, 0x00, 0x00, 0x00, 0x00, 0x00, 0x00, 0x00, 0x00, 0x00, 0x00, 0x00,
    0x00, 0x00, 0x20, 0x30, 0x10, 0x90, 0x88, 0x88, 0x40, 0x45, 0x05, 0x2f, 0x2a, 0x0a, 0x02, 0x8b,
    0x0b, 0x29, 0x39, 0x17, 0x87, 0x47, 0x23, 0x17, 0x17, 0x04, 0x18, 0x18, 0xc8, 0x7c, 0x7c, 0x78,
    0x7c, 0xfc, 0xdc, 0x1c, 0x02, 0x72, 0x78, 0x3c, 0x3c, 0x3e, 0x1e, 0x1e, 0x0f, 0x07, 0x07, 0x07,
    0x03, 0x02, 0x00, 0xc0, 0xf0, 0xf0, 0xf8, 0xf8, 0xf8, 0xfc, 0xf8, 0x38, 0x80, 0xf0, 0xf0, 0x00,
    0xe0, 0xf0, 0xf0, 0xf0, 0x70, 0x30, 0xf1, 0xf3, 0x72, 0xf2, 0x00, 0x01, 0x01, 0x01, 0x00, 0x04,
    0x88, 0x9a, 0x43, 0xb5, 0xf5, 0xf1, 0x7b, 0x5b, 0x59, 0xd8, 0xf0, 0x80, 0x40, 0xc0, 0x00, 0xc0,
    0xc0, 0xc0, 0xc0, 0x40, 0x60, 0x20, 0x20, 0x20, 0x20, 0x20, 0x00, 0x10, 0x10, 0x20, 0x00, 0xa0,
    0xa0, 0x40, 0x40, 0x00, 0x00, 0x00, 0x00, 0x00, 0x00, 0x00, 0x00, 0x00, 0x00, 0x00, 0x00, 0x00,
    0x00, 0x0e, 0x0a, 0x08, 0x01, 0x00, 0x04, 0x00, 0x00, 0x00, 0x08, 0x0c, 0x02, 0x02, 0x01, 0x00,
    0x04, 0x00, 0x02, 0x21, 0x00, 0x18, 0x00, 0x01, 0x00, 0x10, 0x18, 0x03, 0x00, 0x00, 0x00, 0x00,
    0x00, 0x01, 0x07, 0xe0, 0x00, 0x00, 0x00, 0x00, 0x00, 0x00, 0x00, 0x00, 0x00, 0x00, 0xe0, 0x00,
    0x00, 0x04, 0x03, 0x00, 0x01, 0x01, 0x01, 0x01, 0x01, 0x03, 0x00, 0x3c, 0x1f, 0x0f, 0x80, 0x1e,
    0x27, 0x2f, 0x0f, 0x01, 0x00, 0x00, 0x0f, 0x00, 0x00, 0x00, 0x8e, 0x70, 0x00, 0x00, 0x00, 0x03,
    0x00, 0x00, 0x00, 0x04, 0x00, 0x00, 0x00, 0x02, 0x00, 0x00, 0x00, 0x00, 0x00, 0x40, 0x00, 0x00,
    0x00, 0x01, 0x00, 0x01, 0x01, 0x00, 0x00, 0x02, 0x00, 0x00, 0x00, 0x00, 0x00, 0x00, 0x00, 0x04,
    0x07, 0x01, 0x1c, 0x20, 0x00, 0x00, 0x00, 0x00, 0x00, 0x00, 0x00, 0x00, 0x00, 0x00, 0x00, 0x00
  },
  // Frame 22
  {
    0x00, 0x00, 0x00, 0x00, 0x00, 0x00, 0x00, 0x00, 0x00, 0x00, 0x00, 0x00, 0x00, 0x00, 0x00, 0x00,
    0x00, 0x00, 0x40, 0x00, 0x00, 0x20, 0x20, 0x10, 0x30, 0x10, 0x18, 0x28, 0x00, 0x0c, 0x00, 0x18,
    0x08, 0x0c, 0x00, 0x0a, 0x0d, 0x09, 0x05, 0x0c, 0x01, 0x01, 0x05, 0x06, 0x01, 0x80, 0x81, 0x87,
    0xc0, 0xc2, 0xc1, 0xc7, 0x03, 0xc3, 0xc2, 0xc1, 0xc2, 0x43, 0x03, 0x01, 0x03, 0x02, 0x03, 0x03,
    0x03, 0x02, 0x03, 0x02, 0x03, 0x02, 0x00, 0x00, 0x00, 0x00, 0x00, 0x14, 0x00, 0x00, 0x04, 0x00,
    0x00, 0x00, 0x00, 0x00, 0x20, 0x00, 0x80, 0x10, 0x00, 0x00, 0x80, 0x00, 0x00, 0x00, 0x00, 0x00,
    0x00, 0x00, 0x00, 0x00, 0x18, 0x00, 0x00, 0x00, 0x10, 0x00, 0x10, 0x00, 0x10, 0x10, 0x00, 0x10,
    0x00, 0x10, 0x10, 0x00, 0x00, 0x00, 0x10, 0x00, 0x00, 0x18, 0x00, 0x18, 0x00, 0x00, 0x00, 0x00,
    0x00, 0x00, 0x00, 0x00, 0x40, 0x00, 0x00, 0x00, 0x80, 0x00, 0x02, 0x00, 0x00, 0x00, 0x00, 0x00,
    0x00, 0x00, 0x00, 0x00, 0x00, 0x00, 0x00, 0x00, 0x00, 0x00, 0x00, 0x00, 0x00, 0x00, 0x00, 0x00,
    0x00, 0x00, 0x00, 0x00, 0x00, 0x00, 0x00, 0x10, 0x70, 0x62, 0xe8, 0xf6, 0xfa, 0xfa, 0x7a, 0x30,
    0x51, 0xd9, 0x0d, 0x5f, 0xfe, 0xe2, 0xf2, 0xb0, 0x60, 0x6a, 0xda, 0xde, 0x4e, 0x3c, 0x00, 0x00,
    0x00, 0x20, 0x40, 0xa0, 0x00, 0x80, 0x00, 0x40, 0x00, 0x00, 0x00, 0x20, 0x00, 0x00, 0x00, 0x10,
    0x08, 0x00, 0x00, 0x00, 0x00, 0x01, 0x00, 0x08, 0x00, 0x00, 0x01, 0x00, 0x00, 0x00, 0x00, 0x00,
    0x00, 0x00, 0x00, 0x00, 0x00, 0x00, 0x00, 0x00, 0x00, 0x00, 0x00, 0x00, 0x00, 0x00, 0x00, 0x00,
    0x00, 0x00, 0x00, 0x00, 0x00, 0x00, 0x00, 0x00, 0x00, 0x00, 0x00, 0x00, 0x00, 0x00, 0x00, 0x00,
    0x00, 0x00, 0x00, 0x00, 0x00, 0x00, 0x00, 0x00, 0x00, 0x00, 0x04, 0x00, 0x00, 0x00, 0x00, 0x00,
    0x00, 0x00, 0x00, 0x00, 0x00, 0x00, 0x00, 0x00, 0x00, 0x00, 0x20, 0x00, 0x00, 0x00, 0x00, 0x00,
    0x00, 0x00, 0x00, 0x00, 0x00, 0x00, 0x00, 0x00, 0x40, 0x20, 0x00, 0x03, 0x01, 0x02, 0x20, 0x40,
    0x60, 0x20, 0x60, 0x62, 0x65, 0x64, 0x76, 0xf8, 0x31, 0x10, 0x01, 0x03, 0x00, 0x00, 0x00, 0x00,
    0x00, 0x02, 0x02, 0x02, 0x00, 0x00, 0x01, 0x00, 0x01, 0x00, 0x00, 0x00, 0x00, 0x00, 0x00, 0x00,
    0x00, 0x00, 0x00, 0x00, 0x00, 0x00, 0x00, 0x00, 0x00, 0x00, 0x00, 0x00, 0x00, 0x00, 0x00, 0x00,
    0x00, 0x00, 0x00, 0x00, 0x00, 0x00, 0x00, 0x00, 0x00, 0x00, 0x00, 0x00, 0x00, 0x00, 0x00, 0x00,
    0x00, 0x00, 0x00, 0x00, 0x00, 0x00, 0x00, 0x00, 0x00, 0x00, 0x00, 0x00, 0x00, 0x00, 0x00, 0x00,
    0x00, 0x00, 0x00, 0x00, 0x00, 0x00, 0x00, 0x00, 0x00, 0x00, 0x00, 0x00, 0x00, 0x40, 0xc0, 0x80,
    0x80, 0x20, 0x40, 0xc8, 0xe0, 0xc0, 0x00, 0x00, 0x00, 0x00, 0x80, 0x00, 0x00, 0x00, 0x00, 0x00,
    0x00, 0x00, 0x00, 0x00, 0x00, 0x00, 0x00, 0x00, 0x08, 0x00, 0x00, 0x00, 0x10, 0x20, 0x78, 0x98,
    0x98, 0xe8, 0xda, 0x2c, 0x04, 0x00, 0x80, 0x98, 0xf1, 0xc3, 0x0b, 0x1e, 0xbc, 0x08, 0x00, 0xc0,
    0x98, 0x00, 0x50, 0xe0, 0x00, 0x40, 0xe0, 0xa0, 0x00, 0x00, 0x80, 0x00, 0x00, 0x00, 0x00, 0x00,
    0x00, 0x00, 0x00, 0x00, 0x00, 0x00, 0x00, 0x00, 0x00, 0x00, 0x00, 0x00, 0x00, 0x00, 0x00, 0x40,
    0x40, 0x00, 0x40, 0x03, 0xa7, 0x07, 0x87, 0x87, 0x27, 0x87, 0x32, 0x20, 0x00, 0x20, 0x40, 0x00,
    0x00, 0xc0, 0x00, 0x00, 0x00, 0x80, 0x00, 0x00, 0x00, 0x00, 0x00, 0x00, 0x00, 0x00, 0x00, 0x00,
    0x00, 0x00, 0x00, 0x00, 0x00, 0x00, 0x00, 0x00, 0xc0, 0xc0, 0x80, 0x00, 0x0c, 0x1c, 0x18, 0x3b,
    0xff, 0x7f, 0xfd, 0xff, 0xef, 0xfe, 0xff, 0xfc, 0x00, 0x00, 0x01, 0x02, 0x0c, 0xb8, 0xe0, 0x80,
    0x00, 0x00, 0x20, 0x40, 0x40, 0xc0, 0x80, 0x80, 0x80, 0x80, 0x80, 0x08, 0x10, 0x30, 0xc8, 0x90,
    0x80, 0x00, 0x44, 0xf0, 0xf8, 0xfc, 0xfb, 0xf7, 0x0e, 0x07, 0x80, 0xc0, 0xff, 0xfe, 0xff, 0x01,
    0xff, 0x3e, 0xf8, 0xe2, 0x87, 0x0c, 0x72, 0x67, 0x58, 0x60, 0x00, 0x03, 0x7e, 0x02, 0x00, 0xfa,
    0xe0, 0x04, 0x00, 0x10, 0x20, 0x00, 0x28, 0x08, 0x00, 0x43, 0x42, 0x02, 0x00, 0x10, 0x24, 0x01,
    0x41, 0xc1, 0x09, 0x02, 0x50, 0x00, 0x42, 0x80, 0x24, 0xc0, 0x84, 0x09, 0x00, 0x11, 0x00, 0x40,
    0xc2, 0x40, 0xc0, 0x04, 0x84, 0xb0, 0x40, 0x20, 0x00, 0x00, 0x00, 0x00, 0x00, 0x00, 0x00, 0x00,
    0x00, 0x00, 0x00, 0x00, 0x00, 0x00, 0x00, 0x80, 0x00, 0x11, 0x33, 0x27, 0xe6, 0xee, 0xee, 0xfc,
    0xfc, 0xf8, 0xf9, 0xf3, 0xa1, 0xc7, 0x0a, 0x1f, 0x3c, 0x40, 0x00, 0x00, 0x00, 0x00, 0x00, 0x01,
    0x0a, 0x04, 0x00, 0x20, 0x00, 0x00, 0x01, 0x02, 0x00, 0x08, 0x08, 0x01, 0x02, 0x00, 0x00, 0x81,
    0x83, 0xc7, 0x0f, 0xd6, 0xec, 0xed, 0xe1, 0xe0, 0xf0, 0xfc, 0xff, 0xff, 0xf5, 0xe7, 0xed, 0xec,
    0xff, 0xf8, 0x58, 0x95, 0x93, 0xd7, 0xf4, 0x74, 0xde, 0xdf, 0xb9, 0x34, 0x74, 0x64, 0xe7, 0x47,
    0x4f, 0x0d, 0xcb, 0xdc, 0xd0, 0xb4, 0x88, 0x80, 0x00, 0x02, 0x04, 0x0c, 0x08, 0x00, 0x08, 0x00,
    0x00, 0x00, 0x04, 0x21, 0x12, 0x29, 0x02, 0x14, 0x00, 0x10, 0x00, 0x09, 0x02, 0x08, 0x04, 0x04,
    0x02, 0x00, 0x00, 0x01, 0x00, 0x00, 0x00, 0x00, 0x00, 0x00, 0x00, 0x00, 0x00, 0x00, 0x00, 0x00,
    0x00, 0x00, 0x20, 0x10, 0x90, 0x88, 0x88, 0x00, 0x4c, 0x45, 0x25, 0x2b, 0x0a, 0x02, 0x8a, 0x4b,
    0x6b, 0x09, 0x31, 0x17, 0xc7, 0x63, 0x33, 0x17, 0x56, 0x2c, 0x19, 0x98, 0xe8, 0xf0, 0xf8, 0xf8,
    0xfc, 0x7c, 0x7c, 0x04, 0x62, 0x32, 0x7c, 0x1c, 0x3c, 0x3e, 0x1e, 0x0e, 0x0f, 0x07, 0x07, 0x05,
    0x02, 0x02, 0x00, 0xc0, 0xf1, 0xf0, 0xf8, 0xf8, 0xf8, 0xf8, 0xf8, 0x38, 0x80, 0xf0, 0xe0, 0x00,
    0xe0, 0xf0, 0xf0, 0xf0, 0x70, 0x30, 0xf1, 0xf3, 0x72, 0xf4, 0x01, 0x03, 0x01, 0x00, 0x00, 0x24,
    0x88, 0x9b, 0x43, 0xb7, 0xf5, 0xf1, 0x7b, 0x5b, 0x59, 0xd8, 0xc0, 0xc0, 0x40, 0xc0, 0x00, 0x80,
    0xc0, 0xc0, 0x40, 0xc0, 0x60, 0x20, 0x20, 0x20, 0x20, 0x20, 0x20, 0x00, 0x20, 0x20, 0x20, 0xa0,
    0x40, 0x00, 0x00, 0x00, 0x00, 0x00, 0x00, 0x00, 0x00, 0x00, 0x00, 0x00, 0x00, 0x00, 0x00, 0x00,
    0x04, 0x0a, 0x0b, 0x01, 0x00, 0x04, 0x00, 0x00, 0x00, 0x00, 0x08, 0x04, 0x02, 0x01, 0x00, 0x00,
    0x04, 0x02, 0x20, 0x31, 0x18, 0x04, 0x02, 0x00, 0x20, 0x10, 0x00, 0x00, 0x00, 0x00, 0x00, 0x00,
    0x00, 0x00, 0xf8, 0x00, 0x00, 0x00, 0x00, 0x00, 0x00, 0x00, 0x00, 0x00, 0x00, 0xf8, 0x00, 0x00,
    0x00, 0x04, 0x03, 0x00, 0x01, 0x01, 0x01, 0x01, 0x01, 0x03, 0x00, 0x3c, 0x1f, 0x0f, 0x80, 0x1c,
    0x2f, 0x2f, 0x0f, 0x01, 0x00, 0x00, 0x0f, 0x04, 0x00, 0x00, 0x8e, 0x70, 0x00, 0x00, 0x00, 0x02,
    0x00, 0x00, 0x00, 0x04, 0x00, 0x00, 0x00, 0x02, 0x00, 0x00, 0x00, 0x00, 0x00, 0x60, 0x00, 0x00,
    0x01, 0x01, 0x00, 0x01, 0x01, 0x03, 0x02, 0x02, 0x00, 0x00, 0x00, 0x00, 0x00, 0x00, 0x00, 0x04,
    0x0b, 0x1d, 0x9c, 0x00, 0x00, 0x00, 0x00, 0x00, 0x00, 0x00, 0x00, 0x00, 0x00, 0x00, 0x00, 0x00
  },
  // Frame 23
  {
    0x00, 0x00, 0x00, 0x00, 0x00, 0x00, 0x00, 0x00, 0x00, 0x00, 0x00, 0x00, 0x00, 0x00, 0x00, 0x00,
    0x00, 0x00, 0x40, 0x00, 0x00, 0x20, 0x20, 0x00, 0x10, 0x10, 0x10, 0x08, 0x00, 0x0c, 0x04, 0x0c,
    0x1a, 0x08, 0x00, 0x0a, 0x0d, 0x09, 0x05, 0x08, 0x04, 0x01, 0x01, 0x06, 0x03, 0x00, 0x85, 0x85,
    0x81, 0xc4, 0xc1, 0x43, 0x07, 0xc7, 0xc1, 0xc0, 0xc6, 0x43, 0x02, 0x00, 0x02, 0x02, 0x03, 0x05,
    0x03, 0x02, 0x01, 0x03, 0x03, 0x00, 0x00, 0x00, 0x00, 0x00, 0x00, 0x18, 0x00, 0x04, 0x04, 0x00,
    0x00, 0x00, 0x00, 0x08, 0x20, 0x00, 0x80, 0x90, 0x20, 0x00, 0x80, 0x00, 0x00, 0x00, 0x00, 0x00,
    0x00, 0x00, 0x00, 0x00, 0x18, 0x00, 0x00, 0x00, 0x10, 0x00, 0x10, 0x00, 0x10, 0x10, 0x00, 0x10,
    0x00, 0x10, 0x10, 0x00, 0x00, 0x00, 0x10, 0x00, 0x00, 0x18, 0x00, 0x18, 0x00, 0x00, 0x00, 0x00,
    0x00, 0x00, 0x00, 0x00, 0x00, 0x00, 0x00, 0x00, 0x00, 0x00, 0x00, 0x00, 0x00, 0x00, 0x00, 0x00,
    0x00, 0x00, 0x00, 0x00, 0x00, 0x00, 0x00, 0x00, 0x00, 0x00, 0x00, 0x00, 0x00, 0x00, 0x00, 0x00,
    0x00, 0x00, 0x00, 0x00, 0x00, 0x00, 0x00, 0x00, 0x30, 0x02, 0xea, 0xf6, 0xf2, 0xfa, 0xfe, 0x74,
    0x11, 0x5d, 0x85, 0x6f, 0xff, 0xe0, 0xf3, 0xb0, 0x60, 0x6a, 0xda, 0xde, 0x5e, 0xbe, 0x30, 0x00,
    0x00, 0x00, 0x40, 0xa0, 0x00, 0x80, 0x80, 0x00, 0x00, 0x00, 0x60, 0x00, 0x00, 0x00, 0x00, 0x00,
    0x00, 0x00, 0x00, 0x00, 0x00, 0x00, 0x00, 0x00, 0x00, 0x04, 0x02, 0x00, 0x00, 0x00, 0x00, 0x00,
    0x00, 0x00, 0x00, 0x00, 0x00, 0x00, 0x00, 0x00, 0x00, 0x00, 0x00, 0x00, 0x00, 0x00, 0x00, 0x00,
    0x00, 0x00, 0x00, 0x00, 0x00, 0x00, 0x00, 0x00, 0x00, 0x00, 0x00, 0x00, 0x00, 0x00, 0x00, 0x00,
    0x00, 0x00, 0x00, 0x00, 0x00, 0x00, 0x00, 0x00, 0x00, 0x00, 0x00, 0x00, 0x00, 0x00, 0x00, 0x00,
    0x00, 0x00, 0x00, 0x00, 0x00, 0x00, 0x00, 0x00, 0x00, 0x00, 0x00, 0x00, 0x00, 0x00, 0x00, 0x00,
    0x00, 0x00, 0x00, 0x00, 0x00, 0x00, 0x00, 0x00, 0x00, 0x20, 0x00, 0x01, 0x01, 0x03, 0x00, 0x40,
    0x20, 0x20, 0x60, 0x42, 0x64, 0x64, 0x66, 0xf8, 0x31, 0x30, 0x00, 0x0b, 0x01, 0x00, 0x00, 0x00,
    0x00, 0x00, 0x02, 0x02, 0x00, 0x00, 0x00, 0x00, 0x00, 0x01, 0x00, 0x00, 0x00, 0x00, 0x00, 0x00,
    0x00, 0x00, 0x00, 0x00, 0x00, 0x00, 0x00, 0x00, 0x00, 0x00, 0x00, 0x00, 0x00, 0x00, 0x00, 0x00,
    0x00, 0x00, 0x00, 0x00, 0x00, 0x00, 0x00, 0x00, 0x00, 0x00, 0x00, 0x00, 0x00, 0x00, 0x00, 0x00,
    0x00, 0x00, 0x00, 0x00, 0x00, 0x00, 0x00, 0x00, 0x00, 0x00, 0x00, 0x00, 0x00, 0x00, 0x00, 0x00,
    0x00, 0x00, 0x00, 0x00, 0x00, 0x00, 0x00, 0x00, 0x00, 0x00, 0x00, 0x00, 0x00, 0x00, 0xc0, 0x00,
    0x80, 0xa0, 0x40, 0xc8, 0xe0, 0xc0, 0x80, 0x00, 0x00, 0x20, 0xc0, 0x00, 0x00, 0x00, 0x00, 0x00,
    0x00, 0x00, 0x00, 0x00, 0x00, 0x00, 0x00, 0x00, 0x08, 0x00, 0x00, 0x20, 0x10, 0x20, 0x78, 0x38,
    0x98, 0xf8, 0xd8, 0x2c, 0x16, 0x01, 0x80, 0x4c, 0xf0, 0xe3, 0x03, 0x1a, 0x38, 0x14, 0x84, 0xc0,
    0xd8, 0x20, 0x70, 0x40, 0x00, 0x40, 0x00, 0x80, 0x00, 0x00, 0x80, 0x00, 0x00, 0x00, 0x00, 0x00,
    0x00, 0x00, 0x00, 0x00, 0x00, 0x00, 0x00, 0x00, 0x00, 0x00, 0x00, 0x00, 0x00, 0x00, 0x00, 0x00,
    0x00, 0x00, 0x04, 0x0e, 0x2e, 0x2e, 0x0e, 0x0e, 0x0c, 0x0c, 0x00, 0x00, 0x00, 0x00, 0x00, 0x00,
    0x00, 0x00, 0x00, 0x00, 0x00, 0x00, 0x00, 0x00, 0x00, 0x00, 0x00, 0x00, 0x00, 0x00, 0x00, 0x00,
    0x00, 0x00, 0x00, 0x00, 0x00, 0x00, 0x00, 0x00, 0xc0, 0xc0, 0x80, 0x00, 0x0c, 0x1c, 0x1c, 0x39,
    0xff, 0x7e, 0xfd, 0xff, 0xef, 0x7e, 0xff, 0xfc, 0x00, 0x00, 0x00, 0x04, 0x2c, 0xb9, 0xe0, 0x80,
    0x00, 0x00, 0x20, 0x40, 0x40, 0x40, 0x80, 0x80, 0x81, 0x88, 0x80, 0x08, 0x10, 0x30, 0xc8, 0xd0,
    0x80, 0x01, 0x4c, 0xe0, 0xf8, 0xfc, 0xf9, 0xf3, 0x2e, 0x0f, 0x00, 0x60, 0xfe, 0xfe, 0xff, 0x00,
    0xff, 0x3f, 0x3c, 0xe1, 0x87, 0x0c, 0x3b, 0x67, 0x5c, 0x70, 0x80, 0x01, 0x16, 0x42, 0x00, 0xfe,
    0xe0, 0x04, 0x38, 0x10, 0x20, 0x00, 0x20, 0x00, 0x80, 0x48, 0x00, 0x80, 0x20, 0x10, 0x00, 0x40,
    0x88, 0x00, 0xa1, 0x00, 0x00, 0x10, 0xa0, 0x00, 0x00, 0x08, 0x00, 0x13, 0x20, 0x11, 0x00, 0x00,
    0x80, 0x00, 0x00, 0x00, 0x28, 0x00, 0x00, 0x80, 0x00, 0x00, 0x00, 0x00, 0x00, 0x00, 0x00, 0x00,
    0x00, 0x00, 0x00, 0x00, 0x00, 0x00, 0x40, 0x80, 0x11, 0x12, 0x73, 0x67, 0xee, 0xee, 0xfe, 0xf4,
    0xfc, 0xf8, 0xd1, 0xa3, 0xc5, 0x07, 0x0d, 0x3f, 0x5c, 0x80, 0x00, 0x00, 0x00, 0x00, 0x01, 0x01,
    0x0a, 0x04, 0x00, 0x20, 0x00, 0x01, 0x01, 0x02, 0x06, 0x0c, 0x00, 0x01, 0x02, 0x00, 0x00, 0x81,
    0x83, 0x07, 0xcf, 0xb6, 0xec, 0xdd, 0xe3, 0xe0, 0xf0, 0x3c, 0x2f, 0xff, 0xdf, 0xfe, 0xfb, 0xe0,
    0xe7, 0xc0, 0xc8, 0xdf, 0xf7, 0xf1, 0x3c, 0xfd, 0x84, 0xbc, 0x71, 0x6c, 0xc8, 0xc8, 0xca, 0x8f,
    0x1f, 0x17, 0xb4, 0xa0, 0x6c, 0x40, 0xaa, 0x12, 0x00, 0x04, 0x08, 0x00, 0x20, 0x19, 0x11, 0x04,
    0x48, 0x40, 0x00, 0x00, 0x40, 0x42, 0x00, 0x20, 0x30, 0x00, 0x21, 0x12, 0x04, 0x12, 0x08, 0x08,
    0x08, 0x06, 0x04, 0x02, 0x02, 0x01, 0x01, 0x00, 0x00, 0x00, 0x00, 0x00, 0x00, 0x00, 0x00, 0x00,
    0x00, 0x10, 0x10, 0x88, 0x48, 0x48, 0x4c, 0x04, 0x25, 0x21, 0x23, 0x03, 0x82, 0x92, 0x4b, 0x2b,
    0x39, 0x19, 0x97, 0x47, 0x23, 0x33, 0x16, 0xd4, 0x2c, 0x19, 0xd8, 0xe8, 0xf0, 0xf8, 0xf8, 0xf8,
    0xbc, 0x3c, 0x0c, 0x64, 0x32, 0x78, 0x3c, 0x3c, 0x3c, 0x1c, 0x0e, 0x0e, 0x03, 0x07, 0x05, 0x00,
    0x02, 0x00, 0x01, 0xc1, 0xf1, 0xf0, 0xf8, 0xf8, 0xf8, 0xf8, 0xf1, 0x31, 0x89, 0xe1, 0xe0, 0x00,
    0xe0, 0xe0, 0xe0, 0xe0, 0x61, 0x23, 0xe6, 0xf4, 0x71, 0xf3, 0x0b, 0x02, 0x00, 0x00, 0x00, 0x24,
    0x81, 0x9a, 0x42, 0x85, 0xe5, 0xe5, 0xeb, 0x6b, 0x6b, 0x48, 0xc0, 0xe0, 0x40, 0x00, 0x80, 0x80,
    0x80, 0x40, 0xc0, 0x40, 0x40, 0x20, 0x20, 0x20, 0x20, 0x20, 0x20, 0x00, 0x20, 0xa0, 0xa0, 0x40,
    0x40, 0x40, 0x80, 0x00, 0x00, 0x00, 0x00, 0x00, 0x00, 0x00, 0x00, 0x00, 0x00, 0x00, 0x00, 0x00,
    0x01, 0x01, 0x04, 0x04, 0x00, 0x00, 0x00, 0x00, 0x08, 0x04, 0x02, 0x03, 0x01, 0x00, 0x04, 0x02,
    0x23, 0x21, 0x11, 0x08, 0x00, 0x00, 0x20, 0x18, 0x00, 0x02, 0x01, 0x00, 0x00, 0x00, 0x00, 0x01,
    0xff, 0x00, 0x00, 0x00, 0x00, 0x00, 0x00, 0x00, 0x00, 0x00, 0x80, 0x00, 0x00, 0x00, 0x00, 0x00,
    0x00, 0x04, 0x03, 0x00, 0x01, 0x01, 0x01, 0x01, 0x01, 0x03, 0x00, 0x3c, 0x1f, 0x0f, 0x81, 0x1c,
    0x3f, 0x3f, 0x0f, 0x01, 0x00, 0x20, 0x0e, 0x01, 0x00, 0x00, 0x8e, 0x60, 0x00, 0x00, 0x00, 0x00,
    0x00, 0x00, 0x60, 0x04, 0x00, 0x00, 0x00, 0x00, 0x00, 0x00, 0x01, 0x01, 0x01, 0x20, 0x01, 0x01,
    0x01, 0x01, 0x00, 0x03, 0x01, 0x02, 0x02, 0x02, 0x00, 0x00, 0x00, 0x00, 0x00, 0x00, 0x00, 0x05,
    0x0f, 0x07, 0x44, 0x00, 0x00, 0x00, 0x00, 0x00, 0x00, 0x00, 0x00, 0x00, 0x00, 0x00, 0x00, 0x00
  },
  // Frame 24
  {
    0x00, 0x00, 0x00, 0x00, 0x00, 0x00, 0x00, 0x00, 0x00, 0x00, 0x00, 0x00, 0x00, 0x00, 0x00, 0x00,
    0x00, 0x00, 0x40, 0x00, 0x00, 0x20, 0x20, 0x00, 0x10, 0x10, 0x10, 0x18, 0x38, 0x00, 0x0c, 0x0c,
    0x18, 0x08, 0x0c, 0x08, 0x09, 0x0d, 0x05, 0x09, 0x08, 0x01, 0x01, 0x03, 0x03, 0x05, 0x85, 0x81,
    0x81, 0xc4, 0xc1, 0x03, 0x87, 0xc7, 0xc1, 0xc2, 0xc6, 0xc2, 0x02, 0x00, 0x02, 0x02, 0x03, 0x05,
    0x07, 0x03, 0x01, 0x00, 0x01, 0x01, 0x00, 0x04, 0x04, 0x00, 0x00, 0x18, 0x00, 0x00, 0x00, 0x00,
    0x00, 0x00, 0x00, 0x00, 0x00, 0x40, 0x00, 0x90, 0x00, 0x20, 0xc0, 0x00, 0x00, 0x00, 0x00, 0x00,
    0x00, 0x00, 0x00, 0x00, 0x18, 0x00, 0x00, 0x00, 0x10, 0x00, 0x10, 0x00, 0x10, 0x10, 0x00, 0x10,
    0x00, 0x10, 0x10, 0x00, 0x00, 0x00, 0x10, 0x00, 0x00, 0x18, 0x00, 0x18, 0x00, 0x00, 0x00, 0x00,
    0x00, 0x00, 0x00, 0x00, 0x00, 0xa0, 0x00, 0x00, 0x00, 0x00, 0x08, 0x00, 0x00, 0x01, 0x00, 0x00,
    0x00, 0x00, 0x00, 0x00, 0x00, 0x00, 0x00, 0x00, 0x00, 0x00, 0x00, 0x00, 0x00, 0x00, 0x00, 0x00,
    0x00, 0x00, 0x00, 0x00, 0x00, 0x00, 0x00, 0x00, 0x30, 0x40, 0x6a, 0xe2, 0xf6, 0xfa, 0xfe, 0x78,
    0x12, 0x15, 0x83, 0x7e, 0xff, 0xfe, 0xf3, 0xf8, 0x60, 0x68, 0xd2, 0xd6, 0x5e, 0xca, 0x38, 0x00,
    0x00, 0x00, 0x40, 0x80, 0x20, 0x00, 0x80, 0x40, 0x40, 0x00, 0x00, 0x00, 0x00, 0x00, 0x00, 0x00,
    0x00, 0x00, 0x00, 0x00, 0x00, 0x00, 0x00, 0x00, 0x08, 0x00, 0x02, 0x01, 0x00, 0x00, 0x00, 0x00,
    0x00, 0x00, 0x00, 0x00, 0x00, 0x00, 0x00, 0x00, 0x00, 0x00, 0x00, 0x00, 0x00, 0x00, 0x00, 0x00,
    0x00, 0x00, 0x00, 0x00, 0x00, 0x00, 0x00, 0x00, 0x00, 0x00, 0x00, 0x00, 0x00, 0x00, 0x00, 0x00,
    0x00, 0x00, 0x00, 0x00, 0x00, 0x00, 0x00, 0x00, 0x00, 0x00, 0x00, 0x00, 0x00, 0x00, 0x00, 0x00,
    0x00, 0x00, 0x00, 0x00, 0x00, 0x00, 0x00, 0x00, 0x00, 0x00, 0x00, 0x00, 0x00, 0x00, 0x00, 0x00,
    0x00, 0x00, 0x00, 0x00, 0x00, 0x00, 0x00, 0x00, 0x00, 0x00, 0x00, 0x01, 0x01, 0x03, 0x00, 0x40,
    0x20, 0x20, 0x60, 0x40, 0x64, 0x64, 0x64, 0x78, 0x30, 0x31, 0x00, 0x03, 0x01, 0x08, 0x00, 0x00,
    0x00, 0x00, 0x02, 0x02, 0x00, 0x02, 0x00, 0x01, 0x01, 0x00, 0x00, 0x00, 0x00, 0x00, 0x00, 0x00,
    0x00, 0x00, 0x00, 0x00, 0x00, 0x00, 0x00, 0x00, 0x00, 0x00, 0x00, 0x00, 0x00, 0x00, 0x00, 0x00,
    0x00, 0x00, 0x00, 0x00, 0x00, 0x00, 0x00, 0x00, 0x00, 0x00, 0x00, 0x00, 0x00, 0x00, 0x00, 0x00,
    0x00, 0x00, 0x00, 0x00, 0x00, 0x00, 0x00, 0x00, 0x00, 0x00, 0x00, 0x00, 0x00, 0x00, 0x00, 0x00,
    0x00, 0x00, 0x00, 0x00, 0x00, 0x00, 0x00, 0x00, 0x00, 0x00, 0x00, 0x00, 0x00, 0x00, 0xc0, 0x00,
    0x80, 0x80, 0xc0, 0xc8, 0xe0, 0xc0, 0x80, 0x00, 0x00, 0x20, 0x40, 0x01, 0x80, 0x00, 0x00, 0x00,
    0x00, 0x00, 0x00, 0x00, 0x00, 0x00, 0x00, 0x00, 0x08, 0x00, 0x14, 0x20, 0x00, 0x20, 0x78, 0x38,
    0x98, 0xd0, 0xb8, 0x2e, 0x1e, 0x09, 0x00, 0x04, 0xf0, 0xe3, 0x03, 0x1a, 0x38, 0xd6, 0x0c, 0x49,
    0xd8, 0x20, 0x30, 0x40, 0x00, 0x00, 0xa0, 0xc0, 0x00, 0x00, 0x80, 0x00, 0x00, 0x00, 0x00, 0x00,
    0x00, 0x00, 0x00, 0x00, 0x00, 0x00, 0x00, 0x00, 0x00, 0x00, 0x00, 0x00, 0x00, 0x00, 0x00, 0x00,
    0x00, 0x00, 0x10, 0x38, 0x38, 0x38, 0x38, 0x38, 0x38, 0x10, 0x00, 0x00, 0x00, 0x00, 0x00, 0x00,
    0x00, 0x00, 0x00, 0x00, 0x00, 0x00, 0x00, 0x00, 0x00, 0x00, 0x00, 0x00, 0x00, 0x00, 0x00, 0x00,
    0x00, 0x00, 0x00, 0x00, 0x00, 0x00, 0x00, 0x00, 0xe0, 0xc0, 0xc0, 0x00, 0x0c, 0x0c, 0x1c, 0x39,
    0xff, 0x7e, 0xfd, 0xff, 0xef, 0x7f, 0xff, 0xfc, 0x00, 0x00, 0x00, 0x04, 0x2c, 0xb9, 0xe0, 0xc0,
    0x00, 0x00, 0x20, 0x40, 0x40, 0x40, 0x80, 0x80, 0x81, 0x88, 0x80, 0x08, 0x10, 0x30, 0xf8, 0xd0,
    0x80, 0x01, 0x40, 0xe0, 0xf8, 0x7c, 0xf9, 0x73, 0x2e, 0x0f, 0x00, 0xe0, 0xfc, 0xff, 0xff, 0x00,
    0xff, 0x3f, 0x3c, 0xf1, 0x87, 0x0c, 0x3b, 0x23, 0x5c, 0x30, 0x80, 0x01, 0x16, 0xd2, 0x00, 0xfc,
    0xc0, 0x04, 0xf8, 0xd0, 0x00, 0x00, 0x00, 0x40, 0x80, 0x00, 0x80, 0x80, 0x00, 0x10, 0x48, 0x48,
    0x00, 0x04, 0x28, 0x00, 0x40, 0x40, 0xb0, 0x0c, 0x4c, 0x08, 0x00, 0x30, 0x60, 0x00, 0x00, 0x80,
    0x00, 0x00, 0x00, 0x30, 0x60, 0x00, 0x08, 0x00, 0x00, 0x00, 0x00, 0x00, 0x00, 0x00, 0x00, 0x00,
    0x00, 0x00, 0x00, 0x00, 0x00, 0x00, 0xc0, 0x88, 0x11, 0x12, 0x73, 0x67, 0xef, 0xee, 0xfe, 0xfc,
    0xe8, 0xd9, 0xf1, 0xe3, 0x47, 0x8b, 0x1d, 0x6f, 0x98, 0x00, 0x00, 0x00, 0x00, 0x00, 0x01, 0x01,
    0x0a, 0x04, 0x00, 0x20, 0x00, 0x01, 0x01, 0x02, 0x06, 0x0c, 0x01, 0x01, 0x02, 0x00, 0x00, 0x01,
    0x03, 0x87, 0x8f, 0x76, 0x6c, 0x5d, 0x42, 0x40, 0xd0, 0xdc, 0x7f, 0x3f, 0xbf, 0xaa, 0x0b, 0x38,
    0x3f, 0x74, 0xec, 0xaf, 0xa7, 0xad, 0xec, 0xf9, 0xb8, 0x68, 0x65, 0xcc, 0xd0, 0x90, 0x92, 0x1b,
    0x37, 0x3f, 0x78, 0x41, 0xd8, 0xa4, 0x41, 0x00, 0x14, 0x04, 0x11, 0x11, 0x00, 0x01, 0x00, 0xa0,
    0x80, 0x88, 0x00, 0x00, 0x04, 0x00, 0x84, 0x41, 0x42, 0x49, 0x42, 0x00, 0x24, 0x20, 0x20, 0x10,
    0x00, 0x00, 0x08, 0x08, 0x04, 0x00, 0x02, 0x01, 0x00, 0x00, 0x00, 0x00, 0x00, 0x00, 0x00, 0x00,
    0x10, 0x98, 0x88, 0x08, 0x4c, 0x44, 0x24, 0xa0, 0x27, 0x23, 0x13, 0x93, 0x92, 0xc2, 0x2b, 0x3b,
    0x19, 0x81, 0xd7, 0x67, 0x33, 0x17, 0x16, 0x24, 0x19, 0xbc, 0xe8, 0xf0, 0xf8, 0x78, 0xf8, 0x7c,
    0x5c, 0x0c, 0x44, 0x70, 0x78, 0x38, 0x1c, 0x3c, 0x1c, 0x1c, 0x0a, 0x0a, 0x03, 0x07, 0x05, 0x00,
    0x02, 0x03, 0x01, 0xc1, 0xf1, 0xf0, 0xf0, 0xf1, 0xf1, 0xf1, 0xf1, 0x21, 0x01, 0xc0, 0xc0, 0x20,
    0xe0, 0xc0, 0xc0, 0xc0, 0x43, 0x07, 0xec, 0xe9, 0x63, 0xe7, 0x06, 0x00, 0x01, 0x01, 0x00, 0x24,
    0xa0, 0x8b, 0x5b, 0xc5, 0xa4, 0xe4, 0xe9, 0x6b, 0x6b, 0x60, 0x60, 0xe0, 0x40, 0x00, 0x80, 0x00,
    0x80, 0x00, 0xc0, 0x40, 0x40, 0x40, 0x20, 0x20, 0x20, 0x20, 0x20, 0x20, 0xa0, 0xa0, 0x00, 0x40,
    0x40, 0x80, 0x80, 0x00, 0x00, 0x00, 0x00, 0x00, 0x00, 0x00, 0x00, 0x00, 0x00, 0x00, 0x00, 0x00,
    0x00, 0x04, 0x00, 0x02, 0x02, 0x01, 0x00, 0x00, 0x04, 0x02, 0x01, 0x01, 0x08, 0x04, 0x44, 0x27,
    0x21, 0x01, 0x08, 0x04, 0x00, 0x10, 0x18, 0x00, 0x01, 0x00, 0x00, 0x00, 0x00, 0x00, 0x81, 0x3e,
    0x00, 0x00, 0x00, 0x00, 0x00, 0x00, 0x00, 0x00, 0x00, 0x30, 0x00, 0x00, 0x00, 0x00, 0x00, 0x00,
    0x08, 0x04, 0x03, 0x00, 0x01, 0x01, 0x01, 0x01, 0x01, 0x03, 0x01, 0x3c, 0x1f, 0x0f, 0x81, 0x18,
    0x3f, 0x3f, 0x0b, 0x01, 0x00, 0x20, 0x0f, 0x05, 0x00, 0x00, 0x8e, 0x60, 0x00, 0x00, 0x00, 0x00,
    0x00, 0x00, 0x20, 0x04, 0x00, 0x00, 0x00, 0x00, 0x01, 0x01, 0x01, 0x01, 0x01, 0x00, 0x01, 0x01,
    0x01, 0x01, 0x01, 0x03, 0x00, 0x02, 0x02, 0x02, 0x00, 0x00, 0x00, 0x00, 0x00, 0x00, 0x00, 0x05,
    0x0f, 0x06, 0xdc, 0x00, 0x00, 0x00, 0x00, 0x00, 0x00, 0x00, 0x00, 0x00, 0x00, 0x00, 0x00, 0x00
  },
  // Frame 25
  {
    0x00, 0x00, 0x00, 0x00, 0x00, 0x00, 0x00, 0x00, 0x00, 0x00, 0x00, 0x00, 0x00, 0x00, 0x00, 0x00,
    0x00, 0x00, 0x00, 0x40, 0x00, 0x00, 0x20, 0x20, 0x10, 0x30, 0x10, 0x10, 0x08, 0x10, 0x0c, 0x08,
    0x14, 0x0a, 0x08, 0x00, 0x08, 0x09, 0x0d, 0x09, 0x0a, 0x08, 0x05, 0x07, 0x07, 0x03, 0x82, 0x87,
    0x83, 0xc3, 0xc7, 0xc5, 0xc5, 0x05, 0xc5, 0x00, 0x80, 0xc1, 0x84, 0x01, 0x05, 0x04, 0x07, 0x01,
    0x07, 0x05, 0x01, 0x00, 0x01, 0x00, 0x00, 0x00, 0x06, 0x02, 0x00, 0x04, 0x20, 0x00, 0x04, 0x00,
    0x00, 0x00, 0x00, 0x00, 0x20, 0x00, 0x00, 0x90, 0x00, 0x40, 0x00, 0x00, 0x00, 0x00, 0x00, 0x00,
    0x00, 0x00, 0x00, 0x00, 0x18, 0x00, 0x00, 0x00, 0x10, 0x00, 0x10, 0x00, 0x10, 0x10, 0x00, 0x10,
    0x00, 0x10, 0x10, 0x00, 0x00, 0x00, 0x10, 0x00, 0x00, 0x18, 0x00, 0x18, 0x00, 0x00, 0x00, 0x00,
    0x00, 0x00, 0x00, 0x00, 0x00, 0x00, 0x00, 0x00, 0x00, 0x00, 0x00, 0x02, 0x00, 0x00, 0x00, 0x00,
    0x00, 0x00, 0x00, 0x00, 0x00, 0x00, 0x00, 0x00, 0x00, 0x00, 0x00, 0x00, 0x00, 0x00, 0x00, 0x00,
    0x00, 0x00, 0x00, 0x00, 0x00, 0x00, 0x00, 0x00, 0x34, 0x60, 0x62, 0xf2, 0xde, 0xea, 0xf6, 0x7e,
    0x32, 0x1c, 0x9b, 0x0c, 0xff, 0xff, 0xfb, 0xf2, 0xc0, 0x68, 0xd2, 0xd6, 0xfa, 0x6e, 0x3c, 0x00,
    0x00, 0x00, 0x20, 0x40, 0xa0, 0x00, 0x00, 0x00, 0x40, 0x40, 0x00, 0x00, 0x00, 0x00, 0x00, 0x00,
    0x00, 0x00, 0x00, 0x00, 0x00, 0x00, 0x00, 0x10, 0x00, 0x08, 0x04, 0x03, 0x00, 0x00, 0x00, 0x00,
    0x00, 0x00, 0x00, 0x00, 0x00, 0x00, 0x00, 0x00, 0x00, 0x00, 0x00, 0x00, 0x00, 0x00, 0x00, 0x00,
    0x00, 0x00, 0x00, 0x00, 0x00, 0x00, 0x00, 0x00, 0x00, 0x00, 0x00, 0x00, 0x00, 0x00, 0x00, 0x00,
    0x00, 0x00, 0x00, 0x00, 0x00, 0x00, 0x00, 0x00, 0x00, 0x00, 0x00, 0x00, 0x00, 0x00, 0x00, 0x00,
    0x00, 0x00, 0x00, 0x00, 0x00, 0x00, 0x00, 0x00, 0x00, 0x00, 0x00, 0x00, 0x00, 0x00, 0x00, 0x00,
    0x00, 0x00, 0x00, 0x00, 0x00, 0x00, 0x00, 0x00, 0x00, 0x00, 0x00, 0x00, 0x03, 0x01, 0x02, 0x00,
    0x00, 0x60, 0x20, 0x60, 0x62, 0x64, 0x65, 0x70, 0xf8, 0x31, 0x10, 0x03, 0x03, 0x01, 0x00, 0x00,
    0x00, 0x00, 0x02, 0x02, 0x02, 0x00, 0x00, 0x00, 0x00, 0x00, 0x01, 0x00, 0x00, 0x00, 0x00, 0x00,
    0x00, 0x00, 0x00, 0x00, 0x00, 0x00, 0x00, 0x00, 0x00, 0x00, 0x00, 0x00, 0x00, 0x00, 0x00, 0x00,
    0x00, 0x00, 0x00, 0x00, 0x00, 0x00, 0x00, 0x00, 0x00, 0x00, 0x00, 0x00, 0x00, 0x00, 0x00, 0x00,
    0x00, 0x00, 0x00, 0x00, 0x00, 0x00, 0x00, 0x00, 0x00, 0x00, 0x00, 0x00, 0x00, 0x00, 0x00, 0x00,
    0x00, 0x00, 0x00, 0x00, 0x00, 0x00, 0x00, 0x00, 0x00, 0x00, 0x00, 0x00, 0x00, 0x00, 0x40, 0xc0,
    0x80, 0x80, 0xa0, 0xc0, 0xd8, 0xe0, 0x00, 0x00, 0x00, 0x20, 0x00, 0x00, 0x00, 0x00, 0x00, 0x00,
    0x00, 0x00, 0x00, 0x00, 0x00, 0x00, 0x00, 0x00, 0x00, 0x08, 0x10, 0x20, 0x00, 0x30, 0x20, 0x78,
    0x98, 0xd8, 0xa8, 0x5a, 0x0c, 0x06, 0x00, 0x00, 0xd8, 0xf1, 0x83, 0x1b, 0x3a, 0xdc, 0x08, 0x18,
    0xc0, 0x20, 0x60, 0x40, 0x80, 0x00, 0xc0, 0xc0, 0x00, 0x00, 0x00, 0x00, 0x00, 0x00, 0x00, 0x00,
    0x00, 0x00, 0x00, 0x00, 0x00, 0x00, 0x00, 0x00, 0x00, 0x00, 0x00, 0x00, 0x00, 0x00, 0x00, 0x00,
    0x00, 0x00, 0x80, 0x80, 0xc0, 0xc0, 0xc0, 0xc0, 0x80, 0x00, 0x00, 0x00, 0x00, 0x00, 0x00, 0x00,
    0x00, 0x00, 0x00, 0x00, 0x00, 0x00, 0x00, 0x00, 0x00, 0x00, 0x00, 0x00, 0x00, 0x00, 0x00, 0x00,
    0x00, 0x00, 0x00, 0x00, 0x00, 0x00, 0x00, 0x40, 0xe0, 0xe0, 0xe0, 0x86, 0x06, 0x0c, 0x3c, 0x7c,
    0xbf, 0x7f, 0xff, 0xff, 0xef, 0xff, 0xff, 0xfe, 0x00, 0x00, 0x00, 0x01, 0x34, 0x58, 0xf0, 0xc0,
    0x00, 0x00, 0x00, 0x40, 0x80, 0x40, 0x80, 0x80, 0x80, 0x80, 0x02, 0x00, 0x1c, 0x30, 0x70, 0xd0,
    0x80, 0x01, 0x40, 0x62, 0xf0, 0xf8, 0xf9, 0x73, 0x27, 0x0f, 0x03, 0xc0, 0xf8, 0xff, 0xef, 0x3c,
    0xff, 0x7f, 0x7c, 0xd0, 0xc1, 0x0c, 0x28, 0xbb, 0x1e, 0xb0, 0x80, 0x01, 0x06, 0xfa, 0x00, 0xfc,
    0x80, 0x04, 0xf8, 0x90, 0x00, 0x40, 0x00, 0x00, 0x00, 0x00, 0x00, 0x00, 0x00, 0x00, 0x00, 0x00,
    0x00, 0x00, 0x01, 0x01, 0x03, 0x03, 0x03, 0x03, 0x01, 0x00, 0x40, 0x00, 0x00, 0x00, 0x00, 0x00,
    0x00, 0x00, 0x00, 0x00, 0x40, 0x00, 0x00, 0x00, 0x00, 0x00, 0x00, 0x00, 0x00, 0x00, 0x00, 0x00,
    0x00, 0x00, 0x00, 0x00, 0x20, 0x40, 0xc0, 0x88, 0xb9, 0x39, 0x73, 0x77, 0xff, 0xff, 0xf6, 0xec,
    0xd8, 0xf0, 0xa3, 0x07, 0x0f, 0x1f, 0xef, 0x01, 0x00, 0x00, 0x00, 0x00, 0x00, 0x00, 0x01, 0x01,
    0x03, 0x04, 0x10, 0x20, 0x00, 0x01, 0x02, 0x02, 0x06, 0x0c, 0x01, 0x01, 0x00, 0x00, 0x00, 0x01,
    0x03, 0x07, 0x4f, 0x96, 0xac, 0x9d, 0x8a, 0x80, 0x30, 0x78, 0x7f, 0x7f, 0x3b, 0x17, 0xdf, 0xd0,
    0xdf, 0xc0, 0xc0, 0xdf, 0x1f, 0x5d, 0xec, 0x61, 0x60, 0xc0, 0xed, 0xac, 0x20, 0x20, 0x04, 0x4b,
    0x7f, 0x9f, 0xa2, 0xc1, 0x40, 0x80, 0x40, 0x10, 0x10, 0x00, 0x80, 0x20, 0x20, 0x20, 0x20, 0x04,
    0x80, 0x20, 0x84, 0x00, 0x10, 0x00, 0x40, 0x40, 0x20, 0x00, 0x80, 0x10, 0x00, 0xc0, 0xa0, 0x80,
    0xc0, 0x40, 0x40, 0x40, 0x20, 0x20, 0x10, 0x02, 0x08, 0x00, 0x00, 0x00, 0x00, 0x00, 0x00, 0x00,
    0x04, 0x24, 0xa4, 0xa6, 0x92, 0x52, 0x13, 0x17, 0x95, 0x95, 0x45, 0x65, 0x25, 0x36, 0x22, 0x93,
    0xc9, 0x69, 0x37, 0x37, 0x97, 0x44, 0x28, 0x38, 0xd8, 0xe8, 0xf8, 0xf8, 0xf8, 0xf8, 0xf8, 0x78,
    0x0c, 0x4c, 0x64, 0x70, 0x38, 0x30, 0x38, 0x38, 0x1c, 0x1c, 0x0a, 0x0e, 0x0e, 0x0a, 0x05, 0x00,
    0x00, 0x03, 0x03, 0xc3, 0xe1, 0xe1, 0xf0, 0xf1, 0xe3, 0xe3, 0xc3, 0x23, 0x03, 0xc3, 0xd3, 0x01,
    0x81, 0x80, 0x81, 0x87, 0x4f, 0x0d, 0xd3, 0xc7, 0x4e, 0xcc, 0x09, 0x03, 0x13, 0x0b, 0x02, 0x00,
    0xa4, 0xa8, 0x58, 0xd9, 0xa3, 0xe2, 0xe4, 0xe0, 0x60, 0x61, 0x60, 0x40, 0x00, 0x00, 0x01, 0x81,
    0x80, 0x00, 0x82, 0xc2, 0x41, 0x40, 0x40, 0x00, 0x01, 0x01, 0x01, 0x21, 0x21, 0x00, 0x00, 0x40,
    0x40, 0x80, 0x00, 0x00, 0x00, 0x00, 0x00, 0x00, 0x00, 0x00, 0x00, 0x00, 0x00, 0x00, 0x00, 0x00,
    0x01, 0x01, 0x11, 0x08, 0x06, 0x04, 0x02, 0x03, 0x83, 0x42, 0x06, 0x06, 0x03, 0x13, 0x01, 0x08,
    0x04, 0x24, 0x02, 0x11, 0x08, 0x00, 0x00, 0x01, 0x00, 0x01, 0x00, 0x00, 0x81, 0x79, 0x03, 0x00,
    0x00, 0x00, 0x00, 0x00, 0x00, 0x00, 0x20, 0x00, 0x00, 0x00, 0x00, 0x00, 0x00, 0x00, 0x00, 0x00,
    0x08, 0x04, 0x03, 0x00, 0x01, 0x01, 0x01, 0x01, 0x01, 0x03, 0x01, 0x3c, 0x1f, 0x0f, 0x81, 0x18,
    0x3f, 0x3f, 0x0b, 0x02, 0x00, 0x20, 0x0f, 0x05, 0x00, 0x00, 0x9e, 0x60, 0x00, 0x00, 0x00, 0x03,
    0x00, 0x00, 0x20, 0x04, 0x01, 0x00, 0x00, 0x04, 0x01, 0x01, 0x01, 0x00, 0x01, 0x21, 0x01, 0x01,
    0x01, 0x03, 0x01, 0x02, 0x02, 0x00, 0x02, 0x04, 0x00, 0x00, 0x00, 0x00, 0x00, 0x00, 0x00, 0x0b,
    0x16, 0x3a, 0xdc, 0x00, 0x00, 0x00, 0x00, 0x00, 0x00, 0x00, 0x00, 0x00, 0x00, 0x00, 0x00, 0x00
  },
  // Frame 26
  {
    0x00, 0x00, 0x00, 0x00, 0x00, 0x00, 0x00, 0x00, 0x00, 0x00, 0x00, 0x00, 0x00, 0x00, 0x00, 0x00,
    0x00, 0x00, 0x00, 0x00, 0x40, 0x00, 0x20, 0x20, 0x00, 0x10, 0x10, 0x10, 0x18, 0x18, 0x10, 0x0c,
    0x00, 0x14, 0x08, 0x08, 0x08, 0x08, 0x0d, 0x03, 0x09, 0x02, 0x06, 0x00, 0x01, 0x07, 0x03, 0x8a,
    0x8f, 0x87, 0xc6, 0x47, 0x42, 0xc7, 0xc7, 0xc5, 0x85, 0x80, 0x85, 0x05, 0x01, 0x05, 0x05, 0x01,
    0x01, 0x01, 0x01, 0x00, 0x01, 0x00, 0x02, 0x00, 0x02, 0x02, 0x00, 0x04, 0x00, 0x24, 0x00, 0x00,
    0x00, 0x00, 0x00, 0x00, 0x20, 0x00, 0x00, 0x80, 0x00, 0x00, 0x40, 0x00, 0x00, 0x00, 0x00, 0x00,
    0x00, 0x00, 0x00, 0x00, 0x18, 0x00, 0x00, 0x00, 0x10, 0x00, 0x10, 0x00, 0x10, 0x10, 0x00, 0x10,
    0x00, 0x10, 0x10, 0x00, 0x00, 0x00, 0x10, 0x00, 0x00, 0x18, 0x00, 0x18, 0x00, 0x00, 0x00, 0x00,
    0x00, 0x00, 0x00, 0x00, 0x00, 0x00, 0x80, 0x00, 0x00, 0x00, 0x00, 0x00, 0x00, 0x00, 0x01, 0x00,
    0x00, 0x00, 0x00, 0x00, 0x00, 0x00, 0x00, 0x00, 0x00, 0x00, 0x00, 0x00, 0x00, 0x00, 0x00, 0x00,
    0x00, 0x00, 0x00, 0x00, 0x00, 0x00, 0x00, 0x00, 0x00, 0x34, 0x40, 0xe2, 0xd2, 0xc6, 0xe6, 0xf6,
    0x76, 0x34, 0x95, 0x83, 0xfe, 0xfa, 0xf4, 0xf3, 0xe2, 0xc0, 0x72, 0xd2, 0xd2, 0xf6, 0x40, 0x30,
    0x00, 0x00, 0x00, 0x00, 0x80, 0xa0, 0x80, 0x80, 0x40, 0x40, 0x02, 0x40, 0x00, 0x00, 0x00, 0x00,
    0x00, 0x00, 0x00, 0x00, 0x00, 0x00, 0x00, 0x00, 0x00, 0x00, 0x00, 0x00, 0x00, 0x00, 0x00, 0x00,
    0x00, 0x00, 0x00, 0x00, 0x00, 0x00, 0x00, 0x00, 0x00, 0x00, 0x00, 0x00, 0x00, 0x00, 0x00, 0x00,
    0x00, 0x00, 0x00, 0x00, 0x00, 0x00, 0x00, 0x00, 0x00, 0x00, 0x00, 0x00, 0x00, 0x00, 0x00, 0x00,
    0x00, 0x00, 0x00, 0x00, 0x00, 0x00, 0x00, 0x00, 0x00, 0x00, 0x00, 0x00, 0x00, 0x00, 0x00, 0x00,
    0x00, 0x00, 0x00, 0x00, 0x00, 0x00, 0x00, 0x00, 0x00, 0x00, 0x00, 0x00, 0x00, 0x00, 0x00, 0x00,
    0x00, 0x00, 0x00, 0x00, 0x00, 0x00, 0x00, 0x00, 0x00, 0x00, 0x00, 0x00, 0x01, 0x03, 0x03, 0x00,
    0x40, 0x60, 0x20, 0x60, 0x64, 0x60, 0x60, 0xea, 0x78, 0x71, 0x30, 0x00, 0x0b, 0x03, 0x00, 0x00,
    0x00, 0x00, 0x00, 0x02, 0x02, 0x00, 0x02, 0x00, 0x01, 0x01, 0x00, 0x01, 0x00, 0x00, 0x00, 0x00,
    0x00, 0x00, 0x00, 0x00, 0x00, 0x00, 0x00, 0x00, 0x00, 0x00, 0x00, 0x00, 0x00, 0x00, 0x00, 0x00,
    0x00, 0x00, 0x00, 0x00, 0x00, 0x00, 0x00, 0x00, 0x00, 0x00, 0x00, 0x00, 0x00, 0x00, 0x00, 0x00,
    0x00, 0x00, 0x00, 0x00, 0x00, 0x00, 0x00, 0x00, 0x00, 0x00, 0x00, 0x00, 0x00, 0x00, 0x00, 0x00,
    0x00, 0x00, 0x00, 0x00, 0x00, 0x00, 0x00, 0x00, 0x00, 0x00, 0x00, 0x00, 0x00, 0x00, 0x00, 0xc0,
    0xc0, 0x80, 0x80, 0xa0, 0xc8, 0xd0, 0xc0, 0x00, 0x00, 0x00, 0x20, 0x80, 0x00, 0x00, 0x00, 0x00,
    0x00, 0x00, 0x00, 0x00, 0x00, 0x00, 0x00, 0x00, 0x00, 0x08, 0x10, 0x00, 0x00, 0x00, 0x20, 0x78,
    0xb8, 0x98, 0xe8, 0xd8, 0x2c, 0x1e, 0x01, 0x02, 0x8c, 0xb0, 0xc1, 0x0b, 0x3e, 0x78, 0x08, 0x10,
    0xc0, 0x90, 0x20, 0x50, 0xa0, 0x00, 0x40, 0xc0, 0x00, 0x00, 0x00, 0x00, 0x00, 0x00, 0x00, 0x00,
    0x00, 0x00, 0x00, 0x00, 0x00, 0x00, 0x00, 0x00, 0x00, 0x00, 0x00, 0x00, 0x00, 0x00, 0x00, 0x00,
    0x00, 0x00, 0x00, 0x00, 0x00, 0x00, 0x00, 0x00, 0x00, 0x00, 0x00, 0x00, 0x00, 0x00, 0x00, 0x00,
    0x00, 0x00, 0x00, 0x00, 0x00, 0x00, 0x00, 0x00, 0x00, 0x00, 0x00, 0x00, 0x00, 0x00, 0x00, 0x00,
    0x00, 0x00, 0x00, 0x00, 0x00, 0x00, 0x00, 0x00, 0x70, 0xf0, 0xf0, 0xe2, 0x82, 0x86, 0x1e, 0x3c,
    0x7f, 0xff, 0xfe, 0xfd, 0x77, 0xff, 0xff, 0xff, 0x00, 0x00, 0x00, 0x01, 0x12, 0x4c, 0x78, 0xc0,
    0x00, 0x00, 0x00, 0x00, 0x00, 0x40, 0x00, 0x80, 0x80, 0x81, 0x02, 0x04, 0x0c, 0x30, 0x70, 0xc8,
    0x80, 0x80, 0x80, 0x44, 0x70, 0xf8, 0xfd, 0xf3, 0x67, 0x0e, 0x07, 0x80, 0xc0, 0xff, 0xfc, 0xfe,
    0xc7, 0xff, 0x5e, 0xf0, 0xc1, 0x81, 0x1c, 0xf4, 0x0f, 0xb8, 0xc0, 0x00, 0x02, 0xea, 0x00, 0xf8,
    0x30, 0x04, 0xd8, 0x10, 0x00, 0x40, 0x00, 0x00, 0x00, 0x00, 0x00, 0x00, 0x00, 0x00, 0x00, 0x00,
    0x00, 0x10, 0x38, 0x38, 0x38, 0x38, 0x38, 0x38, 0x10, 0x00, 0x00, 0x00, 0x00, 0x00, 0x00, 0x00,
    0x00, 0x00, 0x00, 0x00, 0x00, 0x00, 0x00, 0x00, 0x00, 0x00, 0x00, 0x00, 0x00, 0x00, 0x00, 0x00,
    0x00, 0x00, 0x10, 0xb0, 0xe0, 0xe0, 0xc2, 0xc0, 0xdc, 0xbd, 0xff, 0x7f, 0x7f, 0xfb, 0xf6, 0xec,
    0xd8, 0xa0, 0x43, 0x05, 0x38, 0xe7, 0x0f, 0x03, 0x00, 0x00, 0x00, 0x00, 0x00, 0x00, 0x00, 0x03,
    0x07, 0x0e, 0x08, 0x10, 0x00, 0x00, 0x02, 0x04, 0x04, 0x0e, 0x00, 0x01, 0x02, 0x02, 0x00, 0x00,
    0x03, 0x07, 0x4f, 0x1e, 0x6e, 0x1d, 0x0b, 0x01, 0x60, 0x60, 0x5e, 0x7f, 0x7f, 0xbd, 0xbf, 0x21,
    0x3f, 0x21, 0x00, 0xbf, 0xd7, 0x7f, 0xce, 0xf0, 0xc0, 0xc0, 0xc4, 0x66, 0x00, 0x00, 0xe4, 0xbb,
    0x9c, 0x37, 0xaa, 0x07, 0xd0, 0x10, 0x67, 0x20, 0x20, 0x00, 0x90, 0x90, 0x40, 0x54, 0x48, 0x68,
    0xa0, 0x68, 0xa0, 0x84, 0x04, 0x04, 0x50, 0x4a, 0xa8, 0x0a, 0xa0, 0x00, 0x54, 0x04, 0x00, 0x84,
    0x02, 0x00, 0x00, 0x80, 0x00, 0x80, 0x8c, 0xc0, 0x00, 0x00, 0x00, 0x00, 0x00, 0x00, 0x00, 0x00,
    0xc3, 0xcb, 0x6b, 0x6b, 0xa9, 0xb9, 0xda, 0x4a, 0x22, 0xe2, 0x93, 0xc3, 0xd9, 0xdd, 0x41, 0x6a,
    0x31, 0x31, 0x9b, 0x5e, 0x08, 0x2b, 0x90, 0xdc, 0xec, 0xfc, 0xf8, 0xf8, 0xf8, 0xf8, 0xbc, 0x1c,
    0x4c, 0x64, 0x74, 0x38, 0x30, 0x38, 0x3c, 0x1c, 0x1c, 0x18, 0x08, 0x0e, 0x2e, 0x02, 0x04, 0x04,
    0x03, 0x03, 0x03, 0x03, 0xa1, 0x61, 0xe3, 0xe2, 0xc2, 0xc3, 0x93, 0x03, 0x03, 0xa3, 0x83, 0x01,
    0x81, 0x81, 0x87, 0x85, 0x1f, 0x1f, 0x83, 0x8f, 0x2c, 0x89, 0x03, 0x03, 0x1e, 0x16, 0x04, 0x10,
    0x20, 0xa1, 0x6b, 0xd2, 0xd5, 0x82, 0xea, 0xe1, 0xe2, 0x61, 0x62, 0x42, 0x08, 0x8a, 0x0a, 0x09,
    0x88, 0x8b, 0x8a, 0x8a, 0xc2, 0x40, 0x44, 0x45, 0x47, 0x43, 0x44, 0x04, 0x40, 0x42, 0x42, 0x40,
    0x82, 0x00, 0x01, 0x01, 0x01, 0x00, 0x00, 0x00, 0x00, 0x00, 0x00, 0x00, 0x00, 0x00, 0x00, 0x00,
    0x1e, 0x1e, 0x03, 0x03, 0xc3, 0x01, 0x23, 0x27, 0x03, 0x13, 0x03, 0x01, 0x40, 0x44, 0x24, 0x02,
    0x11, 0x01, 0x08, 0x04, 0x00, 0x02, 0x00, 0x00, 0x00, 0x00, 0x03, 0xc3, 0x0d, 0x02, 0x00, 0x00,
    0x00, 0x00, 0x00, 0x40, 0x10, 0x04, 0x00, 0x00, 0x00, 0x00, 0x00, 0x00, 0x00, 0x00, 0x00, 0x00,
    0x08, 0x04, 0x02, 0x00, 0x01, 0x01, 0x01, 0x01, 0x01, 0x03, 0x01, 0x3c, 0x1f, 0x0f, 0x81, 0x18,
    0x3f, 0x3f, 0x0b, 0x02, 0x00, 0x20, 0x0f, 0x05, 0x00, 0x00, 0x9e, 0x40, 0x00, 0x00, 0x00, 0x00,
    0x00, 0x00, 0x10, 0x04, 0x01, 0x01, 0x00, 0x00, 0x01, 0x01, 0x01, 0x01, 0x01, 0x01, 0x01, 0x03,
    0x03, 0x03, 0x00, 0x02, 0x02, 0x06, 0x00, 0x04, 0x00, 0x00, 0x00, 0x00, 0x00, 0x00, 0x00, 0x0b,
    0x1e, 0x2e, 0x08, 0x00, 0x00, 0x00, 0x00, 0x00, 0x00, 0x00, 0x00, 0x00, 0x00, 0x00, 0x00, 0x00
  },
  // Frame 27
  {
    0x00, 0x00, 0x00, 0x00, 0x00, 0x00, 0x00, 0x00, 0x00, 0x00, 0x00, 0x00, 0x00, 0x00, 0x00, 0x00,
    0x00, 0x00, 0x00, 0x00, 0x40, 0x00, 0x00, 0x20, 0x20, 0x00, 0x30, 0x10, 0x18, 0x08, 0x10, 0x04,
    0x08, 0x10, 0x06, 0x08, 0x08, 0x08, 0x0c, 0x01, 0x09, 0x0d, 0x06, 0x06, 0x01, 0x07, 0x03, 0x82,
    0x86, 0x8f, 0xc2, 0xc7, 0x43, 0xc7, 0x07, 0xc7, 0xc6, 0xc2, 0x87, 0x85, 0x07, 0x01, 0x00, 0x01,
    0x01, 0x01, 0x05, 0x02, 0x07, 0x04, 0x06, 0x04, 0x02, 0x02, 0x04, 0x00, 0x04, 0x20, 0x00, 0x00,
    0x08, 0x00, 0x00, 0x00, 0x20, 0x00, 0x00, 0x80, 0x00, 0x00, 0x60, 0x00, 0x00, 0x00, 0x00, 0x00,
    0x00, 0x00, 0x00, 0x00, 0x18, 0x00, 0x00, 0x00, 0x10, 0x00, 0x10, 0x00, 0x10, 0x10, 0x00, 0x10,
    0x00, 0x00, 0x10, 0x00, 0x00, 0x00, 0x10, 0x00, 0x00, 0x18, 0x00, 0x18, 0x00, 0x00, 0x00, 0x00,
    0x00, 0x00, 0x00, 0x00, 0x00, 0x00, 0x20, 0x00, 0x08, 0x00, 0x00, 0x00, 0x02, 0x00, 0x01, 0x00,
    0x00, 0x00, 0x00, 0x00, 0x00, 0x00, 0x00, 0x00, 0x00, 0x00, 0x00, 0x00, 0x00, 0x00, 0x00, 0x00,
    0x00, 0x00, 0x00, 0x00, 0x00, 0x00, 0x00, 0x00, 0x00, 0x34, 0x40, 0xe2, 0xd2, 0xc6, 0xe6, 0xf6,
    0x76, 0x74, 0x91, 0x83, 0x5c, 0xfb, 0xfe, 0xf3, 0xf2, 0xe0, 0x72, 0xc2, 0xc2, 0x94, 0x70, 0x30,
    0x00, 0x00, 0x00, 0x00, 0x40, 0x80, 0x00, 0x80, 0x80, 0x40, 0x00, 0x00, 0x00, 0x20, 0x00, 0x00,
    0x00, 0x10, 0x08, 0x00, 0x00, 0x00, 0x00, 0x00, 0x11, 0x00, 0x08, 0x00, 0x03, 0x00, 0x00, 0x00,
    0x00, 0x00, 0x00, 0x00, 0x00, 0x00, 0x00, 0x00, 0x00, 0x00, 0x00, 0x00, 0x00, 0x00, 0x00, 0x00,
    0x00, 0x00, 0x00, 0x00, 0x00, 0x00, 0x00, 0x00, 0x00, 0x00, 0x00, 0x00, 0x00, 0x00, 0x00, 0x00,
    0x00, 0x00, 0x00, 0x00, 0x00, 0x00, 0x00, 0x00, 0x00, 0x00, 0x00, 0x00, 0x00, 0x00, 0x00, 0x00,
    0x00, 0x02, 0x00, 0x00, 0x00, 0x00, 0x00, 0x00, 0x00, 0x00, 0x00, 0x00, 0x00, 0x00, 0x00, 0x00,
    0x00, 0x00, 0x00, 0x00, 0x00, 0x00, 0x00, 0x00, 0x00, 0x00, 0x40, 0x00, 0x01, 0x07, 0x01, 0x02,
    0x40, 0x00, 0x20, 0x40, 0x60, 0x60, 0x60, 0xe8, 0x78, 0x71, 0x30, 0x10, 0x03, 0x12, 0x00, 0x00,
    0x00, 0x00, 0x00, 0x02, 0x02, 0x02, 0x02, 0x00, 0x01, 0x00, 0x00, 0x01, 0x00, 0x00, 0x00, 0x00,
    0x00, 0x00, 0x00, 0x00, 0x00, 0x00, 0x00, 0x00, 0x00, 0x00, 0x00, 0x00, 0x00, 0x00, 0x00, 0x00,
    0x00, 0x00, 0x00, 0x00, 0x00, 0x00, 0x00, 0x00, 0x00, 0x00, 0x00, 0x00, 0x00, 0x00, 0x00, 0x00,
    0x00, 0x00, 0x00, 0x00, 0x00, 0x00, 0x00, 0x00, 0x00, 0x00, 0x00, 0x00, 0x00, 0x00, 0x00, 0x00,
    0x00, 0x00, 0x00, 0x00, 0x00, 0x00, 0x00, 0x00, 0x00, 0x00, 0x00, 0x00, 0x00, 0x00, 0x00, 0x40,
    0xc0, 0x00, 0x80, 0x80, 0xc8, 0xd8, 0xe0, 0x80, 0x00, 0x00, 0x20, 0x80, 0x01, 0x00, 0x00, 0x00,
    0x00, 0x00, 0x00, 0x00, 0x00, 0x00, 0x00, 0x00, 0x00, 0x00, 0x00, 0x00, 0x00, 0x00, 0x20, 0x78,
    0xb0, 0x98, 0xd8, 0xf8, 0x2e, 0x1c, 0x08, 0x00, 0x8c, 0xb0, 0xe1, 0x02, 0x1e, 0x2c, 0x1c, 0x10,
    0xe1, 0xd0, 0x20, 0x50, 0xa0, 0x00, 0x40, 0xe0, 0x80, 0x00, 0x00, 0x00, 0x00, 0x00, 0x00, 0x00,
    0x00, 0x00, 0x00, 0x00, 0x00, 0x00, 0x00, 0x00, 0x00, 0x00, 0x00, 0x00, 0x00, 0x00, 0x00, 0x00,
    0x00, 0x00, 0x00, 0x00, 0x00, 0x00, 0x00, 0x00, 0x00, 0x00, 0x00, 0x00, 0x00, 0x00, 0x00, 0x00,
    0x00, 0x00, 0x00, 0x00, 0x00, 0x00, 0x00, 0x00, 0x00, 0x00, 0x00, 0x00, 0x00, 0x00, 0x00, 0x00,
    0x00, 0x00, 0x00, 0x00, 0x00, 0x00, 0x00, 0x00, 0x60, 0x70, 0xf8, 0xf2, 0xc2, 0x82, 0x06, 0x0e,
    0x5d, 0xbf, 0x7f, 0xfd, 0xff, 0xff, 0xff, 0xff, 0x00, 0x00, 0x00, 0x00, 0x0a, 0x2c, 0xb9, 0xe0,
    0x80, 0x00, 0x00, 0x20, 0x00, 0x40, 0xc0, 0x80, 0x80, 0x80, 0x80, 0x00, 0x08, 0x10, 0x70, 0xc8,
    0x90, 0x80, 0x81, 0x44, 0xe0, 0xf0, 0xfc, 0xfa, 0x77, 0x2e, 0x07, 0x80, 0xc0, 0xfc, 0x7c, 0xff,
    0x81, 0xff, 0x5e, 0xf8, 0xc0, 0x81, 0x1c, 0xf4, 0x0f, 0xb8, 0xc0, 0x00, 0x02, 0xee, 0x02, 0xe0,
    0x30, 0xc4, 0x98, 0x20, 0x00, 0x40, 0x00, 0x00, 0x00, 0x00, 0x00, 0x00, 0x00, 0x00, 0x00, 0x00,
    0x00, 0x80, 0xc0, 0xc0, 0xc0, 0xc0, 0xc0, 0x80, 0x00, 0x00, 0x00, 0x00, 0x00, 0x00, 0x00, 0x00,
    0x00, 0x00, 0x00, 0x00, 0x00, 0x00, 0x00, 0x00, 0x00, 0x00, 0x00, 0x00, 0x00, 0x00, 0x00, 0x00,
    0x80, 0x80, 0x90, 0xf0, 0xf0, 0xe0, 0xe2, 0xce, 0xdc, 0xfc, 0xbf, 0xff, 0x7f, 0x7f, 0xf7, 0xec,
    0xd0, 0xa0, 0x03, 0x07, 0xf8, 0x07, 0x1f, 0x07, 0x00, 0x00, 0x00, 0x00, 0x00, 0x00, 0x00, 0x00,
    0x07, 0x0a, 0x08, 0x10, 0x00, 0x00, 0x00, 0x00, 0x00, 0x02, 0x04, 0x01, 0x02, 0x02, 0x04, 0x00,
    0x01, 0x03, 0x4f, 0x9e, 0x3e, 0x3d, 0x0b, 0x81, 0x60, 0x60, 0x5e, 0x77, 0x77, 0x7f, 0x2f, 0x61,
    0x7f, 0x7f, 0x40, 0x7f, 0x37, 0xbf, 0xb6, 0xb0, 0x80, 0x80, 0x02, 0xc6, 0x80, 0x80, 0x60, 0x33,
    0x38, 0x37, 0x5a, 0x0f, 0x00, 0x00, 0x2f, 0x00, 0x00, 0x00, 0x80, 0x90, 0x08, 0x00, 0x00, 0x40,
    0x00, 0x40, 0x01, 0x01, 0x01, 0x01, 0x01, 0x01, 0xa0, 0x00, 0x00, 0x00, 0x00, 0x00, 0x00, 0x00,
    0x00, 0x00, 0x00, 0x00, 0x00, 0x00, 0x00, 0x00, 0x00, 0x00, 0x00, 0x00, 0x00, 0x00, 0x00, 0x00,
    0x69, 0xe9, 0x81, 0xb5, 0xd5, 0xd4, 0xc4, 0xac, 0xa4, 0xd6, 0xc2, 0xda, 0xe2, 0x48, 0x2d, 0x34,
    0x35, 0x9d, 0x1b, 0x48, 0x2b, 0x14, 0x84, 0xdc, 0xec, 0xf4, 0xf8, 0xf8, 0xfc, 0xfc, 0x3c, 0x1c,
    0x0c, 0x24, 0x30, 0x38, 0x38, 0x38, 0x1c, 0x1c, 0x1c, 0x18, 0x0c, 0x0e, 0x0e, 0x06, 0x04, 0x04,
    0x02, 0x03, 0x03, 0x03, 0x23, 0x23, 0x62, 0x62, 0xc2, 0x82, 0x82, 0x32, 0x02, 0x82, 0xa2, 0x02,
    0x04, 0x02, 0x06, 0x8c, 0x1e, 0x1f, 0x83, 0x8f, 0x9c, 0x99, 0x03, 0x07, 0x3e, 0x1c, 0x04, 0x11,
    0x21, 0xa3, 0x62, 0xe6, 0xec, 0xa8, 0xb5, 0xe1, 0xe2, 0xe5, 0x62, 0x42, 0x82, 0x82, 0x04, 0x15,
    0x95, 0x91, 0x91, 0x90, 0xc4, 0x40, 0x48, 0x49, 0x48, 0x4a, 0x48, 0x00, 0x48, 0x48, 0x44, 0x44,
    0x80, 0x04, 0x00, 0x02, 0x02, 0x00, 0x01, 0x01, 0x00, 0x00, 0x00, 0x00, 0x00, 0x00, 0x00, 0x00,
    0x0f, 0x0b, 0x01, 0xc1, 0x21, 0x03, 0x12, 0x13, 0x81, 0x81, 0x01, 0x40, 0x04, 0x20, 0x12, 0x11,
    0x09, 0x08, 0x04, 0x02, 0x00, 0x01, 0x01, 0x01, 0x00, 0x03, 0x83, 0x33, 0x04, 0x01, 0x00, 0x00,
    0x00, 0x00, 0x80, 0x00, 0x04, 0x00, 0x00, 0x00, 0x00, 0x00, 0x00, 0x00, 0x00, 0x00, 0x00, 0x00,
    0x08, 0x04, 0x02, 0x00, 0x00, 0x00, 0x01, 0x00, 0x00, 0x02, 0x01, 0x3c, 0x1f, 0x0f, 0x81, 0x10,
    0x2f, 0x3f, 0x0b, 0x03, 0x00, 0x20, 0x0e, 0x05, 0x00, 0x00, 0x9c, 0x40, 0x00, 0x00, 0x00, 0x00,
    0x00, 0x00, 0x10, 0x04, 0x01, 0x01, 0x00, 0x00, 0x01, 0x01, 0x01, 0x03, 0x00, 0x01, 0x00, 0x03,
    0x03, 0x03, 0x00, 0x02, 0x02, 0x06, 0x04, 0x04, 0x00, 0x00, 0x00, 0x00, 0x00, 0x00, 0x00, 0x0a,
    0x1e, 0x2e, 0x88, 0x00, 0x00, 0x00, 0x00, 0x00, 0x00, 0x00, 0x00, 0x00, 0x00, 0x00, 0x00, 0x00
  },
  // Frame 28
  {
    0x00, 0x00, 0x00, 0x00, 0x00, 0x00, 0x00, 0x00, 0x00, 0x00, 0x00, 0x00, 0x00, 0x00, 0x00, 0x00,
    0x00, 0x00, 0x80, 0x00, 0x00, 0x40, 0x00, 0x20, 0x20, 0x20, 0x10, 0x10, 0x10, 0x18, 0x18, 0x30,
    0x04, 0x08, 0x10, 0x00, 0x08, 0x03, 0x08, 0x0b, 0x01, 0x09, 0x0c, 0x05, 0x06, 0x05, 0x07, 0x03,
    0x87, 0x83, 0x8b, 0xce, 0x47, 0x43, 0x47, 0xc7, 0xc7, 0xc6, 0xc2, 0xc6, 0x87, 0x05, 0x03, 0x03,
    0x07, 0x03, 0x06, 0x06, 0x03, 0x04, 0x06, 0x04, 0x06, 0x06, 0x00, 0x04, 0x00, 0x00, 0x18, 0x00,
    0x00, 0x00, 0x08, 0x00, 0x20, 0x00, 0x00, 0x00, 0x80, 0x00, 0x20, 0x00, 0x00, 0x00, 0x00, 0x00,
    0x00, 0x00, 0x00, 0x00, 0x18, 0x00, 0x00, 0x00, 0x10, 0x00, 0x10, 0x00, 0x10, 0x10, 0x00, 0x10,
    0x00, 0x10, 0x10, 0x00, 0x00, 0x00, 0x10, 0x00, 0x00, 0x18, 0x00, 0x18, 0x00, 0x00, 0x00, 0x00,
    0x00, 0x00, 0x00, 0x00, 0x00, 0x00, 0x00, 0x00, 0x00, 0x00, 0x00, 0x00, 0x00, 0x02, 0x00, 0x01,
    0x00, 0x00, 0x00, 0x00, 0x00, 0x00, 0x00, 0x00, 0x00, 0x00, 0x00, 0x00, 0x00, 0x00, 0x00, 0x00,
    0x00, 0x00, 0x00, 0x00, 0x00, 0x00, 0x00, 0x00, 0x00, 0x00, 0x24, 0x60, 0xc2, 0xc2, 0xc6, 0xe6,
    0xf4, 0x74, 0x3c, 0x9b, 0x03, 0xfc, 0xfb, 0xf0, 0xf3, 0xe0, 0x62, 0xc2, 0xc2, 0xc2, 0xf4, 0x42,
    0x30, 0x00, 0x00, 0x00, 0x40, 0x80, 0x00, 0x80, 0x00, 0x40, 0x00, 0x00, 0x00, 0x00, 0x00, 0x00,
    0x00, 0x00, 0x00, 0x00, 0x00, 0x00, 0x00, 0x00, 0x00, 0x10, 0x00, 0x00, 0x00, 0x01, 0x00, 0x00,
    0x00, 0x00, 0x00, 0x00, 0x00, 0x00, 0x00, 0x00, 0x00, 0x00, 0x00, 0x00, 0x00, 0x00, 0x00, 0x00,
    0x00, 0x00, 0x00, 0x00, 0x00, 0x00, 0x00, 0x00, 0x00, 0x00, 0x00, 0x00, 0x00, 0x00, 0x00, 0x00,
    0x00, 0x00, 0x00, 0x00, 0x00, 0x00, 0x00, 0x00, 0x00, 0x00, 0x00, 0x00, 0x00, 0x00, 0x00, 0x00,
    0x00, 0x00, 0x00, 0x00, 0x00, 0x00, 0x00, 0x00, 0x00, 0x00, 0x00, 0x00, 0x00, 0x20, 0x00, 0x00,
    0x00, 0x00, 0x00, 0x00, 0x00, 0x00, 0x00, 0x00, 0x00, 0x00, 0x00, 0x20, 0x00, 0x01, 0x03, 0x03,
    0x40, 0x00, 0x60, 0x00, 0x40, 0x60, 0xe0, 0x61, 0xe8, 0x70, 0x31, 0x00, 0x03, 0x03, 0x01, 0x00,
    0x00, 0x00, 0x00, 0x03, 0x02, 0x02, 0x00, 0x02, 0x00, 0x00, 0x00, 0x00, 0x00, 0x00, 0x00, 0x00,
    0x00, 0x00, 0x00, 0x00, 0x00, 0x00, 0x00, 0x00, 0x00, 0x00, 0x00, 0x00, 0x00, 0x00, 0x00, 0x00,
    0x00, 0x00, 0x00, 0x00, 0x00, 0x00, 0x00, 0x00, 0x00, 0x00, 0x00, 0x00, 0x00, 0x00, 0x00, 0x00,
    0x00, 0x00, 0x00, 0x00, 0x00, 0x00, 0x00, 0x00, 0x00, 0x00, 0x00, 0x00, 0x00, 0x00, 0x00, 0x00,
    0x00, 0x00, 0x00, 0x00, 0x00, 0x00, 0x00, 0x00, 0x00, 0x00, 0x00, 0x00, 0x00, 0x00, 0x00, 0x00,
    0x40, 0xc0, 0x00, 0x80, 0xa0, 0xc8, 0xd0, 0xc0, 0x00, 0x00, 0x00, 0x00, 0x00, 0x00, 0x00, 0x00,
    0x00, 0x00, 0x00, 0x00, 0x00, 0x00, 0x00, 0x00, 0x00, 0x00, 0x00, 0x10, 0x20, 0x00, 0x30, 0x20,
    0x70, 0x98, 0xd8, 0xb8, 0x5a, 0x2c, 0x06, 0x00, 0x00, 0xd8, 0xe1, 0x82, 0x1e, 0x3a, 0xd4, 0x1c,
    0x08, 0xc0, 0x20, 0x10, 0xa0, 0x80, 0x40, 0x20, 0x80, 0x00, 0x00, 0x00, 0x00, 0x00, 0x00, 0x00,
    0x00, 0x00, 0x00, 0x00, 0x00, 0x00, 0x00, 0x00, 0x00, 0x00, 0x00, 0x00, 0x00, 0x00, 0x00, 0x00,
    0x00, 0x00, 0x00, 0x00, 0x00, 0x00, 0x00, 0x00, 0x00, 0x00, 0x00, 0x00, 0x00, 0x00, 0x00, 0x00,
    0x00, 0x00, 0x00, 0x00, 0x00, 0x00, 0x00, 0x00, 0x00, 0x00, 0x00, 0x00, 0x00, 0x00, 0x00, 0x00,
    0x00, 0x40, 0x00, 0x00, 0x00, 0x00, 0x80, 0x80, 0x90, 0xbc, 0xfc, 0xf8, 0xf1, 0xe3, 0x83, 0x06,
    0x2e, 0x5f, 0xbf, 0xff, 0xfd, 0x37, 0xff, 0xff, 0xff, 0x00, 0x00, 0x00, 0x03, 0x12, 0x58, 0xf0,
    0xc0, 0x00, 0x00, 0x00, 0x40, 0x80, 0x40, 0x80, 0x80, 0x80, 0x80, 0x80, 0x08, 0x1c, 0x30, 0xf0,
    0x90, 0x80, 0x01, 0x40, 0xe0, 0x70, 0x7c, 0xf8, 0x73, 0x27, 0x0f, 0x01, 0xe0, 0xf0, 0xff, 0xff,
    0x00, 0xff, 0x7f, 0xf8, 0xe0, 0x85, 0x0c, 0xd2, 0xcf, 0xfc, 0xe0, 0x00, 0x02, 0x7e, 0x06, 0xc0,
    0x70, 0xe4, 0x00, 0x00, 0x00, 0x00, 0x00, 0x00, 0x00, 0x00, 0x00, 0x00, 0x00, 0x00, 0x00, 0x00,
    0x00, 0x00, 0x00, 0x00, 0x00, 0x00, 0x00, 0x00, 0x00, 0x00, 0x00, 0x00, 0x00, 0x00, 0x00, 0x00,
    0x00, 0x00, 0x00, 0x00, 0x00, 0x00, 0x00, 0x00, 0x00, 0x00, 0x00, 0x00, 0x00, 0x00, 0x00, 0x00,
    0xc0, 0xe0, 0xfc, 0xfc, 0x78, 0x78, 0x71, 0x77, 0x6f, 0x6f, 0x5f, 0x7f, 0x3f, 0xbd, 0x7b, 0xf6,
    0xd0, 0x80, 0x01, 0xfe, 0x01, 0x00, 0x0f, 0x1f, 0x00, 0x00, 0x00, 0x00, 0x00, 0x00, 0x00, 0x01,
    0x01, 0x03, 0x04, 0x00, 0x20, 0x00, 0x01, 0x01, 0x02, 0x04, 0x04, 0x01, 0x01, 0x02, 0x04, 0x00,
    0x01, 0x03, 0x07, 0x9b, 0x3e, 0x2c, 0x19, 0x02, 0xc0, 0xf0, 0xdc, 0xef, 0xff, 0xeb, 0x6e, 0xcf,
    0xfc, 0x7f, 0x00, 0xe1, 0xfb, 0x7e, 0x72, 0xf0, 0x00, 0x00, 0x02, 0xf6, 0x00, 0x00, 0xe0, 0x33,
    0x28, 0x37, 0x1b, 0x4f, 0x60, 0x30, 0x3f, 0x00, 0x00, 0x00, 0x00, 0x00, 0x40, 0x00, 0x40, 0x00,
    0x1c, 0x1c, 0x1c, 0x5c, 0x1c, 0x1c, 0x18, 0x00, 0x00, 0x00, 0x00, 0x00, 0x00, 0x00, 0x00, 0x00,
    0x00, 0x00, 0x00, 0x00, 0x00, 0x00, 0x00, 0x00, 0x00, 0x00, 0x00, 0x00, 0x00, 0x00, 0x00, 0x00,
    0xf0, 0xd8, 0xfa, 0x6a, 0x6a, 0x6e, 0xf6, 0xd6, 0xea, 0x6a, 0x6d, 0x3d, 0x35, 0x34, 0x10, 0x91,
    0x18, 0x5b, 0x0e, 0x2d, 0x14, 0x04, 0xf8, 0xe4, 0xfc, 0xfc, 0xfc, 0xfc, 0xfc, 0xfc, 0x7c, 0x1c,
    0x2c, 0x34, 0x34, 0x38, 0x38, 0x1c, 0x1c, 0x1c, 0x1c, 0x18, 0x0c, 0x0c, 0x1e, 0x1e, 0x16, 0x04,
    0x02, 0x02, 0x02, 0x02, 0x46, 0x20, 0x02, 0x42, 0x02, 0x82, 0x06, 0x06, 0x27, 0x27, 0x27, 0x27,
    0x07, 0x0e, 0x06, 0x08, 0x3f, 0x7f, 0x23, 0x1f, 0x7d, 0x1b, 0x06, 0x4f, 0x3d, 0x3a, 0x0a, 0x02,
    0x02, 0x84, 0x2e, 0xd8, 0xd3, 0xa8, 0x80, 0x80, 0xc1, 0xc1, 0xd0, 0x80, 0x80, 0x02, 0x00, 0x00,
    0x00, 0x82, 0x80, 0x80, 0x80, 0x82, 0x00, 0x00, 0x20, 0x20, 0x60, 0x60, 0x40, 0x44, 0x22, 0xa0,
    0x90, 0x10, 0x14, 0x10, 0x00, 0x08, 0x00, 0x00, 0x00, 0x00, 0x00, 0x00, 0x00, 0x00, 0x00, 0x00,
    0xe2, 0xf2, 0x10, 0x09, 0x09, 0x09, 0x84, 0x44, 0x40, 0x04, 0x22, 0x02, 0x10, 0x01, 0x08, 0x00,
    0x0c, 0x04, 0x02, 0x01, 0x00, 0x00, 0x00, 0x00, 0x04, 0x03, 0x61, 0x19, 0x06, 0x01, 0x00, 0x00,
    0x80, 0x00, 0x00, 0x00, 0x00, 0x00, 0x00, 0x00, 0x00, 0x00, 0x00, 0x00, 0x00, 0x00, 0x00, 0x00,
    0x00, 0x00, 0x00, 0x00, 0x00, 0x00, 0x00, 0x00, 0x00, 0x02, 0x00, 0x38, 0x1e, 0x0f, 0x81, 0x18,
    0x2f, 0x3f, 0x0b, 0x03, 0x00, 0x00, 0x0e, 0x05, 0x00, 0x01, 0xbc, 0x40, 0x00, 0x00, 0x00, 0x01,
    0x00, 0x00, 0x00, 0x00, 0x01, 0x01, 0x00, 0x00, 0x01, 0x01, 0x01, 0x03, 0x02, 0x01, 0x02, 0x03,
    0x03, 0x02, 0x03, 0x06, 0x02, 0x04, 0x04, 0x04, 0x00, 0x00, 0x00, 0x00, 0x00, 0x01, 0x00, 0x0e,
    0x1e, 0x04, 0xb9, 0x00, 0x00, 0x00, 0x00, 0x00, 0x00, 0x00, 0x00, 0x00, 0x00, 0x00, 0x00, 0x00
  },
  // Frame 29
  {
    0x00, 0x00, 0x00, 0x00, 0x00, 0x00, 0x00, 0x00, 0x00, 0x00, 0x00, 0x00, 0x00, 0x00, 0x00, 0x00,
    0x00, 0x00, 0x80, 0x00, 0x00, 0x40, 0x40, 0x00, 0x20, 0x20, 0x00, 0x30, 0x10, 0x10, 0x08, 0x18,
    0x24, 0x0c, 0x10, 0x02, 0x08, 0x0b, 0x0a, 0x08, 0x01, 0x09, 0x09, 0x0d, 0x02, 0x0c, 0x05, 0x07,
    0x80, 0x87, 0x83, 0xc3, 0xcd, 0xc7, 0x4f, 0x47, 0xc7, 0xc2, 0xc4, 0xc6, 0x85, 0x87, 0x03, 0x03,
    0x03, 0x05, 0x02, 0x02, 0x07, 0x02, 0x02, 0x00, 0x06, 0x06, 0x04, 0x00, 0x08, 0x00, 0x10, 0x00,
    0x08, 0x08, 0x00, 0x08, 0x00, 0x20, 0x00, 0x00, 0x80, 0x00, 0x20, 0x40, 0x00, 0x00, 0x00, 0x00,
    0x00, 0x00, 0x00, 0x00, 0x18, 0x00, 0x00, 0x00, 0x10, 0x00, 0x10, 0x00, 0x10, 0x10, 0x00, 0x10,
    0x00, 0x10, 0x10, 0x00, 0x00, 0x00, 0x10, 0x00, 0x00, 0x18, 0x00, 0x18, 0x00, 0x00, 0x00, 0x00,
    0x00, 0x00, 0x00, 0x00, 0x00, 0x00, 0x00, 0x20, 0x00, 0x08, 0x00, 0x00, 0x00, 0x02, 0x00, 0x01,
    0x00, 0x00, 0x00, 0x00, 0x00, 0x00, 0x00, 0x00, 0x00, 0x00, 0x00, 0x00, 0x00, 0x00, 0x00, 0x00,
    0x00, 0x00, 0x00, 0x00, 0x00, 0x00, 0x00, 0x00, 0x00, 0x00, 0x34, 0x20, 0xc2, 0xc2, 0xc6, 0xe6,
    0xf4, 0x74, 0x34, 0x9f, 0x03, 0x58, 0xfa, 0xf6, 0xf3, 0xe0, 0x22, 0xc2, 0xc2, 0xc2, 0xd4, 0x62,
    0x30, 0x00, 0x00, 0x80, 0x40, 0x00, 0x00, 0x80, 0x00, 0x40, 0x00, 0x00, 0x10, 0x00, 0x00, 0x00,
    0x00, 0x00, 0x00, 0x00, 0x48, 0x04, 0x00, 0x00, 0x00, 0x10, 0x00, 0x00, 0x00, 0x03, 0x00, 0x00,
    0x00, 0x00, 0x00, 0x00, 0x00, 0x00, 0x00, 0x00, 0x00, 0x00, 0x00, 0x00, 0x00, 0x00, 0x00, 0x00,
    0x00, 0x00, 0x00, 0x00, 0x00, 0x00, 0x00, 0x00, 0x00, 0x00, 0x00, 0x00, 0x00, 0x00, 0x00, 0x00,
    0x00, 0x00, 0x00, 0x00, 0x00, 0x00, 0x00, 0x00, 0x00, 0x01, 0x00, 0x00, 0x00, 0x00, 0x00, 0x00,
    0x00, 0x00, 0x00, 0x00, 0x00, 0x00, 0x00, 0x00, 0x00, 0x00, 0x00, 0x00, 0x20, 0x00, 0x00, 0x00,
    0x00, 0x00, 0x00, 0x00, 0x00, 0x00, 0x00, 0x00, 0x00, 0x00, 0x00, 0x00, 0x00, 0x01, 0x03, 0x03,
    0x00, 0x40, 0x40, 0x00, 0x40, 0x60, 0xe0, 0x61, 0xe0, 0x70, 0x71, 0x20, 0x00, 0x03, 0x03, 0x00,
    0x00, 0x00, 0x00, 0x01, 0x02, 0x02, 0x00, 0x02, 0x00, 0x00, 0x00, 0x00, 0x00, 0x00, 0x00, 0x00,
    0x00, 0x00, 0x00, 0x00, 0x00, 0x00, 0x00, 0x00, 0x00, 0x00, 0x00, 0x00, 0x00, 0x00, 0x00, 0x00,
    0x00, 0x00, 0x00, 0x00, 0x00, 0x00, 0x00, 0x00, 0x00, 0x00, 0x00, 0x00, 0x00, 0x00, 0x00, 0x00,
    0x00, 0x00, 0x00, 0x00, 0x00, 0x00, 0x00, 0x00, 0x00, 0x00, 0x00, 0x00, 0x00, 0x00, 0x00, 0x00,
    0x00, 0x00, 0x00, 0x00, 0x00, 0x00, 0x00, 0x00, 0x00, 0x00, 0x00, 0x00, 0x00, 0x00, 0x00, 0x00,
    0x40, 0x80, 0xc0, 0x80, 0xe0, 0x60, 0xd8, 0xe0, 0x80, 0x00, 0x00, 0x20, 0x80, 0x00, 0x00, 0x00,
    0x00, 0x00, 0x00, 0x00, 0x00, 0x00, 0x00, 0x00, 0x00, 0x00, 0x08, 0x10, 0x08, 0x00, 0x30, 0x20,
    0x78, 0xb0, 0x98, 0xe8, 0xda, 0x2e, 0x1e, 0x00, 0x02, 0x88, 0xf1, 0x82, 0x1e, 0x3a, 0xb4, 0x18,
    0x38, 0xc0, 0x20, 0x10, 0xa0, 0x80, 0x40, 0x20, 0x80, 0x00, 0x00, 0x00, 0x00, 0x00, 0x00, 0x00,
    0x00, 0x00, 0x00, 0x00, 0x00, 0x00, 0x00, 0x00, 0x00, 0x00, 0x00, 0x00, 0x00, 0x00, 0x00, 0x00,
    0x00, 0x00, 0x00, 0x00, 0x00, 0x00, 0x00, 0x00, 0x00, 0x00, 0x00, 0x00, 0x00, 0x00, 0x00, 0x00,
    0x00, 0x00, 0x00, 0x00, 0x00, 0x00, 0x00, 0x00, 0x00, 0x00, 0x00, 0x00, 0x00, 0x00, 0x00, 0x00,
    0x80, 0x40, 0x20, 0x00, 0x00, 0x00, 0x00, 0xc0, 0xd0, 0xfc, 0xfc, 0x7c, 0xf9, 0xf1, 0xc3, 0x07,
    0x1e, 0x3e, 0xbf, 0xff, 0xff, 0xfb, 0xff, 0xff, 0xff, 0x00, 0x00, 0x00, 0x01, 0x0a, 0x5c, 0x70,
    0xc0, 0x80, 0x00, 0x00, 0x00, 0x00, 0x40, 0x00, 0x80, 0x80, 0x80, 0x02, 0x04, 0x0c, 0x30, 0x70,
    0xd0, 0x80, 0x01, 0x40, 0x64, 0x70, 0xf8, 0xf9, 0xf3, 0x67, 0x0f, 0x03, 0xc0, 0xe0, 0xff, 0xff,
    0x00, 0xff, 0x7f, 0xf8, 0xe1, 0x83, 0x0e, 0x53, 0xcf, 0xfc, 0xe0, 0x00, 0x02, 0x7e, 0x06, 0xc0,
    0x70, 0xc4, 0x00, 0x00, 0x00, 0x80, 0x00, 0x00, 0x00, 0x00, 0x00, 0x00, 0x00, 0x00, 0x00, 0x00,
    0x00, 0x00, 0x00, 0x00, 0x00, 0x00, 0x00, 0x00, 0x00, 0x00, 0x00, 0x00, 0x00, 0x00, 0x00, 0x00,
    0x00, 0x00, 0x00, 0x00, 0x00, 0x00, 0x00, 0x00, 0x00, 0x00, 0x00, 0x00, 0x00, 0x00, 0x00, 0x00,
    0x60, 0x60, 0x7c, 0x6c, 0x7c, 0x78, 0xb8, 0xb3, 0xb3, 0xef, 0xff, 0x5f, 0x7f, 0x3f, 0xff, 0x76,
    0xd8, 0x80, 0x01, 0x7e, 0x07, 0x00, 0x03, 0x1f, 0x07, 0x00, 0x00, 0x00, 0x00, 0x00, 0x00, 0x00,
    0x03, 0x07, 0x06, 0x08, 0x20, 0x00, 0x01, 0x02, 0x02, 0x04, 0x0c, 0x00, 0x01, 0x02, 0x00, 0x00,
    0x01, 0x03, 0x07, 0x8f, 0x36, 0x6c, 0x19, 0x03, 0xc0, 0xe0, 0xd8, 0xef, 0xff, 0xeb, 0x7e, 0x8b,
    0xf8, 0x7f, 0x80, 0xf0, 0xff, 0xff, 0xfa, 0xf0, 0x00, 0x00, 0x02, 0xf6, 0x00, 0x00, 0xe0, 0x33,
    0x28, 0x37, 0x9b, 0xcf, 0xe0, 0x70, 0x7e, 0x00, 0x00, 0x00, 0x00, 0x00, 0x00, 0x00, 0x00, 0x30,
    0x38, 0x38, 0x78, 0x78, 0x70, 0x30, 0x30, 0x00, 0x00, 0x00, 0x00, 0x00, 0x00, 0x00, 0x00, 0x00,
    0x00, 0x00, 0x00, 0x00, 0x00, 0x00, 0x00, 0x00, 0x00, 0x00, 0x00, 0x00, 0x00, 0x00, 0x00, 0x00,
    0x7a, 0x7a, 0x7e, 0x6c, 0xbc, 0xb4, 0xf4, 0x68, 0x68, 0x60, 0x3c, 0x31, 0x3d, 0x1e, 0x92, 0x9b,
    0x5a, 0x5d, 0x2e, 0x0c, 0x14, 0x00, 0xfa, 0xee, 0xfe, 0xfc, 0xfc, 0xfc, 0xfc, 0xfc, 0x7c, 0x1c,
    0x0c, 0x34, 0x30, 0x38, 0x38, 0x1c, 0x1c, 0x1c, 0x1c, 0x18, 0x18, 0x1c, 0x1c, 0x1c, 0x1e, 0x14,
    0x06, 0x06, 0x02, 0x06, 0x46, 0x42, 0x40, 0x41, 0x02, 0x06, 0x06, 0x06, 0x06, 0x06, 0x06, 0x06,
    0x06, 0x0e, 0x04, 0x08, 0x9c, 0x3c, 0x36, 0x9f, 0x7f, 0x3a, 0x06, 0x8f, 0x7a, 0x1b, 0x12, 0x04,
    0x04, 0x8e, 0x0a, 0xd0, 0x80, 0xb8, 0x80, 0x80, 0x80, 0x80, 0x80, 0x81, 0x80, 0x01, 0x41, 0x40,
    0x40, 0x42, 0x40, 0x44, 0x40, 0x40, 0x40, 0x40, 0x00, 0x20, 0x00, 0x40, 0x40, 0x40, 0x40, 0xa0,
    0xa0, 0x20, 0x00, 0x20, 0x10, 0x00, 0x00, 0x00, 0x00, 0x00, 0x00, 0x00, 0x00, 0x00, 0x00, 0x00,
    0xf0, 0xb1, 0x09, 0x00, 0x00, 0x80, 0xc4, 0x44, 0x66, 0x22, 0x00, 0x12, 0x01, 0x08, 0x00, 0x04,
    0x08, 0x06, 0x02, 0x05, 0x00, 0x00, 0x00, 0x00, 0x07, 0x83, 0x61, 0x19, 0x06, 0x01, 0x00, 0x00,
    0x40, 0x00, 0x04, 0x00, 0x00, 0x00, 0x00, 0x00, 0x00, 0x00, 0x00, 0x00, 0x00, 0x00, 0x00, 0x00,
    0x00, 0x00, 0x00, 0x00, 0x00, 0x00, 0x00, 0x00, 0x00, 0x00, 0x02, 0x38, 0x1e, 0x0f, 0x81, 0x18,
    0x2f, 0x3e, 0x0b, 0x02, 0x00, 0x00, 0x0e, 0x04, 0x00, 0x01, 0xb8, 0x40, 0x00, 0x00, 0x02, 0x01,
    0x00, 0x00, 0x08, 0x00, 0x01, 0x01, 0x04, 0x00, 0x01, 0x01, 0x01, 0x03, 0x02, 0x01, 0x02, 0x03,
    0x03, 0x02, 0x03, 0x06, 0x00, 0x04, 0x04, 0x04, 0x00, 0x00, 0x00, 0x00, 0x01, 0x01, 0x00, 0x0e,
    0x1e, 0x24, 0xb9, 0x00, 0x00, 0x00, 0x00, 0x00, 0x00, 0x00, 0x00, 0x00, 0x00, 0x00, 0x00, 0x00
  },
  // Frame 30
  {
    0x00, 0x00, 0x00, 0x00, 0x00, 0x00, 0x00, 0x00, 0x00, 0x00, 0x00, 0x00, 0x00, 0x00, 0x00, 0x00,
    0x00, 0x00, 0x00, 0x80, 0x00, 0x00, 0x40, 0x00, 0x00, 0x20, 0x20, 0x10, 0x30, 0x10, 0x18, 0x08,
    0x10, 0x34, 0x04, 0x10, 0x02, 0x00, 0x0b, 0x0a, 0x08, 0x09, 0x09, 0x09, 0x0d, 0x01, 0x0e, 0x04,
    0x07, 0x81, 0x87, 0x83, 0xc2, 0xc1, 0x47, 0x4f, 0xc7, 0xc7, 0xc2, 0xc4, 0xc6, 0x85, 0x05, 0x03,
    0x07, 0x03, 0x05, 0x03, 0x06, 0x06, 0x00, 0x06, 0x04, 0x06, 0x04, 0x04, 0x00, 0x00, 0x00, 0x00,
    0x00, 0x08, 0x08, 0x00, 0x00, 0x00, 0x00, 0x00, 0x00, 0x00, 0x20, 0x60, 0x00, 0x80, 0x00, 0x00,
    0x00, 0x00, 0x00, 0x00, 0x18, 0x00, 0x00, 0x00, 0x10, 0x00, 0x18, 0x00, 0x10, 0x10, 0x00, 0x10,
    0x00, 0x10, 0x10, 0x00, 0x00, 0x00, 0x10, 0x00, 0x00, 0x18, 0x00, 0x18, 0x00, 0x00, 0x00, 0x00,
    0x00, 0x00, 0x00, 0x00, 0x00, 0x00, 0x00, 0x00, 0x10, 0x00, 0x08, 0x04, 0x00, 0x00, 0x00, 0x00,
    0x01, 0x00, 0x00, 0x00, 0x00, 0x00, 0x00, 0x00, 0x00, 0x00, 0x00, 0x00, 0x00, 0x00, 0x00, 0x00,
    0x00, 0x00, 0x00, 0x00, 0x00, 0x00, 0x00, 0x00, 0x00, 0x00, 0x00, 0x64, 0x60, 0xc2, 0xc2, 0xc6,
    0xe4, 0xf4, 0x74, 0xbc, 0x9b, 0x03, 0xfc, 0xfb, 0xf8, 0xf3, 0xe0, 0x62, 0xc2, 0xc2, 0x86, 0x5c,
    0x5a, 0x30, 0x00, 0x00, 0x80, 0x40, 0x00, 0x80, 0x80, 0x40, 0x00, 0x02, 0x00, 0x00, 0x00, 0x00,
    0x00, 0x00, 0x00, 0x00, 0x08, 0x01, 0x08, 0x00, 0x00, 0x00, 0x00, 0x00, 0x00, 0x00, 0x00, 0x00,
    0x00, 0x00, 0x00, 0x00, 0x00, 0x00, 0x00, 0x00, 0x00, 0x00, 0x00, 0x00, 0x00, 0x00, 0x00, 0x00,
    0x00, 0x00, 0x00, 0x00, 0x00, 0x00, 0x00, 0x00, 0x00, 0x00, 0x00, 0x00, 0x00, 0x00, 0x00, 0x00,
    0x00, 0x00, 0x00, 0x00, 0x00, 0x00, 0x00, 0x00, 0x00, 0x00, 0x00, 0x00, 0x00, 0x00, 0x00, 0x00,
    0x00, 0x00, 0x00, 0x00, 0x00, 0x00, 0x00, 0x00, 0x00, 0x00, 0x00, 0x00, 0x00, 0x00, 0x00, 0x00,
    0x00, 0x00, 0x00, 0x00, 0x00, 0x00, 0x00, 0x00, 0x00, 0x00, 0x00, 0x00, 0x20, 0x00, 0x03, 0x01,
    0x03, 0x00, 0x00, 0x20, 0x40, 0x40, 0xe0, 0xe0, 0xe1, 0xe0, 0x70, 0x30, 0x10, 0x02, 0x13, 0x01,
    0x00, 0x00, 0x00, 0x01, 0x02, 0x02, 0x00, 0x00, 0x00, 0x00, 0x01, 0x00, 0x00, 0x00, 0x00, 0x00,
    0x00, 0x00, 0x00, 0x00, 0x00, 0x00, 0x00, 0x00, 0x00, 0x00, 0x00, 0x00, 0x00, 0x00, 0x00, 0x00,
    0x00, 0x00, 0x00, 0x00, 0x00, 0x00, 0x00, 0x00, 0x00, 0x00, 0x00, 0x00, 0x00, 0x00, 0x00, 0x00,
    0x00, 0x00, 0x00, 0x00, 0x00, 0x00, 0x00, 0x00, 0x00, 0x00, 0x00, 0x00, 0x00, 0x00, 0x00, 0x00,
    0x00, 0x00, 0x00, 0x00, 0x00, 0x00, 0x00, 0x00, 0x00, 0x00, 0x00, 0x00, 0x00, 0x00, 0x00, 0x00,
    0x00, 0x00, 0x80, 0xc0, 0xc0, 0xe0, 0x60, 0xf8, 0xc0, 0x00, 0x00, 0x00, 0x00, 0x80, 0x00, 0x00,
    0x00, 0x00, 0x00, 0x00, 0x00, 0x00, 0x00, 0x00, 0x00, 0x00, 0x00, 0x00, 0x10, 0x20, 0x00, 0x20,
    0x78, 0x70, 0x98, 0xd8, 0xf8, 0x4a, 0x1c, 0x00, 0x02, 0x84, 0xb0, 0xc1, 0x07, 0x3e, 0x3c, 0x08,
    0x18, 0xc1, 0x20, 0x50, 0x20, 0x80, 0x40, 0x20, 0x80, 0x00, 0x00, 0x00, 0x00, 0x00, 0x00, 0x00,
    0x00, 0x00, 0x00, 0x00, 0x00, 0x00, 0x00, 0x00, 0x00, 0x00, 0x00, 0x00, 0x00, 0x00, 0x00, 0x00,
    0x00, 0x00, 0x00, 0x00, 0x00, 0x00, 0x00, 0x00, 0x00, 0x00, 0x00, 0x00, 0x00, 0x00, 0x00, 0x00,
    0x00, 0x00, 0x00, 0x00, 0x00, 0x00, 0x00, 0x00, 0x00, 0x00, 0x00, 0x00, 0x00, 0x00, 0x00, 0x00,
    0x80, 0xc0, 0x60, 0x10, 0x00, 0x00, 0x00, 0x60, 0xf0, 0xe8, 0xde, 0xfe, 0xfc, 0xfc, 0xf9, 0xc3,
    0x03, 0x06, 0x6e, 0x3f, 0xff, 0xfe, 0x7b, 0xff, 0xff, 0xff, 0x00, 0x00, 0x00, 0x03, 0x18, 0x58,
    0xe0, 0xc0, 0x00, 0x00, 0x20, 0x40, 0x80, 0xc0, 0x80, 0x80, 0x80, 0x88, 0x80, 0x00, 0x1c, 0x70,
    0xc8, 0x90, 0x80, 0x81, 0x44, 0xe0, 0xf0, 0xfc, 0xfb, 0x77, 0x0f, 0x07, 0x80, 0xa0, 0xfe, 0xfc,
    0xfc, 0x03, 0x7f, 0xfc, 0xf0, 0xc2, 0x0e, 0x33, 0x67, 0x5c, 0xe0, 0x00, 0x02, 0x7c, 0x04, 0xc0,
    0x70, 0xc0, 0x90, 0x80, 0x40, 0x80, 0x00, 0x00, 0x00, 0x00, 0x00, 0x00, 0x00, 0x00, 0x00, 0x00,
    0x00, 0x00, 0x00, 0x00, 0x00, 0x00, 0x00, 0x00, 0x00, 0x00, 0x00, 0x00, 0x00, 0x00, 0x00, 0x00,
    0x00, 0x00, 0x00, 0x00, 0x00, 0x00, 0x00, 0x00, 0x00, 0x00, 0x00, 0x00, 0x00, 0x00, 0x00, 0x00,
    0x30, 0x30, 0x3a, 0x3e, 0x3e, 0x3e, 0x3c, 0x3c, 0x78, 0x7b, 0x77, 0xbf, 0xaf, 0xbf, 0x7e, 0xbb,
    0x74, 0x90, 0x00, 0x3f, 0x3f, 0x07, 0x00, 0x03, 0x3f, 0x2f, 0x00, 0x00, 0x00, 0x00, 0x00, 0x00,
    0x01, 0x01, 0x03, 0x04, 0x00, 0x20, 0x00, 0x00, 0x01, 0x02, 0x06, 0x04, 0x01, 0x01, 0x02, 0x04,
    0x00, 0x01, 0x03, 0x4f, 0x1e, 0x3e, 0x3d, 0x0b, 0x81, 0xc0, 0xc0, 0xde, 0xff, 0xff, 0xbd, 0x17,
    0xf0, 0xff, 0x80, 0xf8, 0xff, 0xcf, 0xff, 0xf8, 0x10, 0x00, 0x02, 0xf6, 0x00, 0x00, 0xe0, 0x33,
    0x28, 0x37, 0x9a, 0xc3, 0xe0, 0xf0, 0xfc, 0x00, 0x00, 0x00, 0x00, 0x00, 0x00, 0x00, 0x80, 0xc0,
    0xc0, 0xc0, 0x80, 0x80, 0x00, 0x00, 0x00, 0x00, 0x00, 0x00, 0x00, 0x00, 0x00, 0x00, 0x00, 0x00,
    0x00, 0x00, 0x00, 0x00, 0x00, 0x00, 0x00, 0x00, 0x00, 0x00, 0x00, 0x00, 0x00, 0x00, 0x00, 0x00,
    0xbd, 0xbc, 0x3a, 0x16, 0x5a, 0x7a, 0x7a, 0x3a, 0x34, 0x34, 0x30, 0x1a, 0x1a, 0x9a, 0x8e, 0x8e,
    0x4c, 0x0d, 0x2d, 0x1c, 0x96, 0x06, 0xba, 0xde, 0xee, 0xf6, 0xfc, 0xfc, 0xfc, 0xfc, 0xfc, 0x3c,
    0x1c, 0x0c, 0x14, 0x3c, 0x38, 0x38, 0x1c, 0x1c, 0x1c, 0x1c, 0x1c, 0x18, 0x1c, 0x1c, 0x3c, 0x1c,
    0x0c, 0x06, 0x06, 0x04, 0x84, 0xcc, 0xc4, 0xc4, 0x85, 0x0d, 0x0d, 0x0d, 0x4d, 0x4d, 0x4c, 0x4d,
    0x4d, 0x0c, 0x0d, 0x0d, 0xbd, 0xf9, 0x3d, 0x0f, 0xbb, 0x34, 0x0c, 0x8d, 0xf4, 0x75, 0x28, 0x08,
    0x00, 0x11, 0x93, 0x61, 0x43, 0x01, 0x03, 0x02, 0x00, 0x00, 0x00, 0x00, 0x00, 0x80, 0x81, 0x07,
    0x07, 0x07, 0x03, 0x03, 0x07, 0x00, 0x00, 0x00, 0x00, 0x00, 0x00, 0x00, 0x00, 0x00, 0x80, 0x80,
    0x80, 0x80, 0x80, 0x40, 0x00, 0x00, 0x00, 0x00, 0x00, 0x00, 0x00, 0x00, 0x00, 0x00, 0x00, 0x00,
    0xf0, 0x18, 0x84, 0x80, 0x00, 0x40, 0x22, 0x22, 0x33, 0x13, 0x11, 0x00, 0x09, 0x00, 0x04, 0x08,
    0x00, 0x06, 0x02, 0x09, 0x02, 0x01, 0x01, 0x00, 0x08, 0xc6, 0x67, 0x13, 0x0f, 0x03, 0x00, 0x80,
    0x20, 0x08, 0x00, 0x00, 0x00, 0x00, 0x00, 0x00, 0x00, 0x00, 0x00, 0x00, 0x00, 0x00, 0x00, 0x00,
    0x00, 0x00, 0x00, 0x01, 0x00, 0x01, 0x01, 0x01, 0x00, 0x00, 0x00, 0x30, 0x1c, 0x0f, 0x83, 0x00,
    0x3e, 0x3c, 0x0e, 0x02, 0x00, 0x00, 0x0c, 0x04, 0x00, 0x00, 0xb8, 0x00, 0x00, 0x00, 0x00, 0x01,
    0x00, 0x00, 0x09, 0x00, 0x01, 0x01, 0x00, 0x00, 0x02, 0x03, 0x02, 0x02, 0x02, 0x02, 0x02, 0x02,
    0x03, 0x03, 0x03, 0x05, 0x05, 0x05, 0x05, 0x09, 0x01, 0x01, 0x01, 0x01, 0x00, 0x00, 0x00, 0x06,
    0x3c, 0x74, 0xb0, 0x00, 0x00, 0x00, 0x00, 0x00, 0x00, 0x00, 0x00, 0x00, 0x00, 0x00, 0x00, 0x00
  },
  // Frame 31
  {
    0x00, 0x00, 0x00, 0x00, 0x00, 0x00, 0x00, 0x00, 0x00, 0x00, 0x00, 0x00, 0x00, 0x00, 0x00, 0x00,
    0x00, 0x00, 0x00, 0x80, 0x80, 0x00, 0x40, 0x40, 0x00, 0x20, 0x20, 0x10, 0x10, 0x10, 0x18, 0x18,
    0x18, 0x34, 0x04, 0x00, 0x02, 0x02, 0x09, 0x02, 0x08, 0x08, 0x03, 0x09, 0x0c, 0x05, 0x03, 0x04,
    0x07, 0x07, 0x83, 0x81, 0xc3, 0xc6, 0xc7, 0x43, 0x4f, 0xc7, 0xc6, 0xc6, 0xc2, 0xc4, 0x07, 0x07,
    0x07, 0x03, 0x05, 0x03, 0x06, 0x06, 0x02, 0x06, 0x00, 0x06, 0x04, 0x04, 0x08, 0x00, 0x00, 0x10,
    0x08, 0x00, 0x00, 0x00, 0x00, 0x00, 0x00, 0x00, 0x00, 0x00, 0x20, 0x20, 0x40, 0x80, 0x00, 0x00,
    0x00, 0x00, 0x00, 0x00, 0x18, 0x00, 0x00, 0x00, 0x10, 0x00, 0x10, 0x00, 0x10, 0x10, 0x00, 0x10,
    0x00, 0x10, 0x18, 0x00, 0x00, 0x00, 0x10, 0x00, 0x00, 0x18, 0x00, 0x18, 0x00, 0x00, 0x00, 0x00,
    0x00, 0x00, 0x00, 0x00, 0x00, 0x00, 0x00, 0x00, 0x00, 0x00, 0x08, 0x00, 0x00, 0x00, 0x02, 0x00,
    0x01, 0x00, 0x00, 0x00, 0x00, 0x00, 0x00, 0x00, 0x00, 0x00, 0x00, 0x00, 0x00, 0x00, 0x00, 0x00,
    0x00, 0x00, 0x00, 0x00, 0x00, 0x00, 0x00, 0x00, 0x00, 0x00, 0x00, 0x34, 0x60, 0xe2, 0xc2, 0xc6,
    0xe6, 0xe4, 0x74, 0x34, 0x9f, 0x83, 0xf8, 0xfb, 0xf6, 0xf3, 0xe0, 0x62, 0xc2, 0xc2, 0xc6, 0xd4,
    0x6a, 0x30, 0x00, 0x80, 0x80, 0x40, 0x00, 0x80, 0x80, 0x40, 0x00, 0x22, 0x00, 0x00, 0x00, 0x00,
    0x00, 0x00, 0x00, 0x00, 0x08, 0x01, 0x08, 0x00, 0x00, 0x02, 0x10, 0x00, 0x00, 0x00, 0x00, 0x00,
    0x00, 0x00, 0x00, 0x00, 0x00, 0x00, 0x00, 0x00, 0x00, 0x00, 0x00, 0x00, 0x00, 0x00, 0x00, 0x00,
    0x00, 0x00, 0x00, 0x00, 0x00, 0x00, 0x00, 0x00, 0x00, 0x00, 0x00, 0x00, 0x00, 0x00, 0x00, 0x00,
    0x00, 0x00, 0x00, 0x00, 0x00, 0x00, 0x00, 0x00, 0x00, 0x00, 0x00, 0x00, 0x00, 0x00, 0x00, 0x00,
    0x00, 0x04, 0x00, 0x00, 0x00, 0x00, 0x00, 0x00, 0x00, 0x00, 0x00, 0x00, 0x00, 0x00, 0x00, 0x00,
    0x00, 0x00, 0x00, 0x00, 0x00, 0x00, 0x00, 0x00, 0x00, 0x00, 0x00, 0x00, 0x20, 0x00, 0x01, 0x03,
    0x03, 0x00, 0x00, 0x00, 0x00, 0x40, 0xc0, 0xe0, 0xe1, 0xe0, 0x70, 0x30, 0x00, 0x00, 0x03, 0x21,
    0x00, 0x00, 0x00, 0x01, 0x02, 0x02, 0x00, 0x00, 0x00, 0x00, 0x01, 0x00, 0x00, 0x00, 0x00, 0x00,
    0x00, 0x00, 0x00, 0x00, 0x00, 0x00, 0x00, 0x00, 0x00, 0x00, 0x00, 0x00, 0x00, 0x00, 0x00, 0x00,
    0x00, 0x00, 0x00, 0x00, 0x00, 0x00, 0x00, 0x00, 0x00, 0x00, 0x00, 0x00, 0x00, 0x00, 0x00, 0x00,
    0x00, 0x00, 0x00, 0x00, 0x00, 0x00, 0x00, 0x00, 0x00, 0x00, 0x00, 0x00, 0x00, 0x00, 0x00, 0x00,
    0x00, 0x00, 0x00, 0x00, 0x00, 0x00, 0x00, 0x00, 0x00, 0x00, 0x00, 0x00, 0x00, 0x00, 0x00, 0x00,
    0x00, 0x00, 0x40, 0x80, 0x40, 0xe0, 0xe0, 0xc4, 0xe0, 0xc0, 0x00, 0x02, 0x20, 0x80, 0x00, 0x00,
    0x00, 0x00, 0x00, 0x00, 0x00, 0x00, 0x00, 0x00, 0x00, 0x00, 0x00, 0x00, 0x10, 0x08, 0x00, 0x30,
    0x60, 0x70, 0x98, 0xd8, 0xb8, 0x5a, 0x0c, 0x00, 0x00, 0x80, 0xb8, 0xe1, 0x07, 0x1e, 0x7c, 0x08,
    0x18, 0x80, 0xa0, 0x50, 0x20, 0x80, 0x40, 0x20, 0x80, 0x00, 0x00, 0x00, 0x00, 0x00, 0x00, 0x00,
    0x00, 0x00, 0x00, 0x00, 0x00, 0x00, 0x00, 0x00, 0x00, 0x00, 0x00, 0x00, 0x00, 0x00, 0x00, 0x00,
    0x00, 0x00, 0x00, 0x00, 0x00, 0x00, 0x00, 0x00, 0x00, 0x00, 0x00, 0x00, 0x00, 0x00, 0x00, 0x00,
    0x00, 0x00, 0x00, 0x00, 0x00, 0x00, 0x00, 0x00, 0x00, 0x00, 0x00, 0x00, 0x00, 0x00, 0x00, 0x00,
    0x00, 0x80, 0xc0, 0x20, 0x10, 0x00, 0x00, 0x00, 0xe0, 0xf0, 0xec, 0xfe, 0xfc, 0xfc, 0xfc, 0xf1,
    0x83, 0x03, 0x16, 0x5f, 0x7f, 0xff, 0xff, 0x07, 0xff, 0xff, 0xfe, 0x00, 0x00, 0x00, 0x0c, 0x2c,
    0x70, 0xe0, 0x80, 0x00, 0x00, 0x00, 0x80, 0x40, 0x80, 0x80, 0x80, 0x80, 0x82, 0x04, 0x0c, 0x30,
    0xe0, 0xc0, 0x80, 0x01, 0x40, 0x64, 0xf0, 0xfc, 0xfa, 0xf3, 0x2e, 0x0f, 0x00, 0xc0, 0xfc, 0xfc,
    0xfe, 0x01, 0xff, 0x7c, 0xd0, 0xc2, 0x0e, 0x73, 0x67, 0x3c, 0x60, 0x00, 0x02, 0xfc, 0x04, 0xc0,
    0x30, 0x00, 0xf0, 0xa0, 0x40, 0x00, 0x00, 0x00, 0x00, 0x00, 0x00, 0x00, 0x00, 0x00, 0x00, 0x00,
    0x00, 0x00, 0x00, 0x00, 0x00, 0x00, 0x00, 0x00, 0x00, 0x00, 0x00, 0x00, 0x00, 0x00, 0x00, 0x00,
    0x00, 0x00, 0x00, 0x00, 0x00, 0x00, 0x00, 0x00, 0x00, 0x00, 0x00, 0x00, 0x00, 0x00, 0x00, 0x00,
    0x70, 0x30, 0x30, 0x3a, 0x3e, 0x3e, 0x3e, 0x3c, 0x3c, 0x79, 0x7b, 0x77, 0xbf, 0xaf, 0xbf, 0x7e,
    0x3b, 0x74, 0x80, 0x00, 0x1f, 0x13, 0x01, 0x00, 0x1f, 0x3f, 0x00, 0x00, 0x00, 0x00, 0x00, 0x00,
    0x01, 0x02, 0x07, 0x04, 0x00, 0x20, 0x00, 0x01, 0x01, 0x02, 0x04, 0x04, 0x00, 0x01, 0x02, 0x04,
    0x00, 0x01, 0x03, 0x0f, 0x9a, 0x36, 0x3c, 0x09, 0x82, 0xc0, 0xd0, 0xfc, 0xf3, 0xff, 0xbf, 0x3f,
    0xe1, 0xff, 0xc0, 0xd0, 0xfe, 0xc7, 0xff, 0xfc, 0x00, 0x00, 0x00, 0xf6, 0x00, 0x00, 0x60, 0x33,
    0x3c, 0x36, 0x9a, 0xc3, 0xe0, 0xfa, 0x9c, 0x00, 0x00, 0x00, 0x00, 0x00, 0x00, 0x00, 0x00, 0x80,
    0x80, 0x80, 0x80, 0x00, 0x00, 0x00, 0x00, 0x00, 0x00, 0x00, 0x00, 0x00, 0x00, 0x00, 0x00, 0x00,
    0x00, 0x00, 0x00, 0x00, 0x00, 0x00, 0x00, 0x00, 0x00, 0x00, 0x00, 0x00, 0x00, 0x00, 0x00, 0x00,
    0x7c, 0x3d, 0xbd, 0x3e, 0x16, 0x5a, 0x5e, 0x5e, 0x3a, 0x38, 0x36, 0x34, 0x1c, 0x1a, 0x0a, 0x9e,
    0x0e, 0x5e, 0x4d, 0x6d, 0x2c, 0x1c, 0xb4, 0x38, 0xfa, 0xde, 0xee, 0xfc, 0xfc, 0xfc, 0xfc, 0xfc,
    0x7c, 0x3c, 0x1c, 0x2c, 0x34, 0x34, 0x30, 0x30, 0x30, 0x38, 0x38, 0x38, 0x38, 0x38, 0x38, 0x38,
    0x3c, 0x3c, 0x2c, 0x0c, 0x8c, 0x8c, 0x8c, 0x8c, 0x83, 0x07, 0x0f, 0x0f, 0x0f, 0x0f, 0x0c, 0x4f,
    0x4f, 0x0f, 0x1e, 0x1f, 0x1f, 0x3b, 0xfd, 0x3d, 0x1d, 0xbc, 0xf4, 0x09, 0x98, 0xb9, 0x78, 0x48,
    0x16, 0x15, 0x13, 0x21, 0x43, 0xc5, 0x07, 0x02, 0x00, 0x00, 0x00, 0x00, 0x00, 0x00, 0x03, 0x03,
    0x07, 0x07, 0x07, 0x07, 0x07, 0x01, 0x00, 0x00, 0x00, 0x00, 0x00, 0x00, 0x00, 0x00, 0x00, 0x00,
    0x00, 0x00, 0x80, 0x80, 0x00, 0x00, 0x00, 0x00, 0x00, 0x00, 0x00, 0x00, 0x00, 0x00, 0x00, 0x00,
    0x01, 0xe0, 0xf8, 0x8c, 0x84, 0x80, 0x42, 0x22, 0x22, 0x23, 0x13, 0x13, 0x00, 0x09, 0x00, 0x14,
    0x00, 0x08, 0x06, 0x02, 0x01, 0x0b, 0x02, 0x03, 0x01, 0x00, 0x88, 0xcb, 0x3d, 0x1f, 0x07, 0x03,
    0x00, 0x40, 0x10, 0x00, 0x00, 0x00, 0x00, 0x00, 0x00, 0x00, 0x00, 0x00, 0x00, 0x00, 0x00, 0x00,
    0x00, 0x00, 0x00, 0x00, 0x00, 0x01, 0x01, 0x01, 0x01, 0x01, 0x01, 0x20, 0x3c, 0x0f, 0x83, 0x40,
    0x3e, 0x3c, 0x0e, 0x02, 0x01, 0x00, 0x0c, 0x05, 0x01, 0x00, 0xf8, 0x01, 0x01, 0x00, 0x00, 0x01,
    0x00, 0x00, 0x09, 0x00, 0x01, 0x00, 0x00, 0x00, 0x02, 0x02, 0x02, 0x02, 0x02, 0x02, 0x03, 0x03,
    0x03, 0x01, 0x01, 0x01, 0x05, 0x01, 0x05, 0x09, 0x01, 0x01, 0x01, 0x01, 0x00, 0x01, 0x01, 0x13,
    0x2d, 0x55, 0xb0, 0x00, 0x00, 0x00, 0x00, 0x00, 0x00, 0x00, 0x00, 0x00, 0x00, 0x00, 0x00, 0x00
  },
  // Frame 32
  {
    0x00, 0x00, 0x00, 0x00, 0x00, 0x00, 0x00, 0x00, 0x00, 0x00, 0x00, 0x00, 0x00, 0x00, 0x00, 0x00,
    0x00, 0x00, 0x00, 0x80, 0x80, 0x00, 0x40, 0x40, 0x00, 0x20, 0x20, 0x20, 0x10, 0x10, 0x10, 0x18,
    0x18, 0x34, 0x04, 0x08, 0x12, 0x02, 0x09, 0x02, 0x08, 0x08, 0x03, 0x09, 0x08, 0x0d, 0x03, 0x0e,
    0x05, 0x07, 0x83, 0x8b, 0x87, 0xc2, 0xcf, 0x43, 0x4f, 0xc7, 0xc7, 0xc2, 0xc2, 0xc6, 0x87, 0x05,
    0x03, 0x03, 0x01, 0x07, 0x06, 0x06, 0x06, 0x06, 0x04, 0x06, 0x04, 0x04, 0x08, 0x00, 0x08, 0x30,
    0x08, 0x00, 0x00, 0x00, 0x00, 0x00, 0x00, 0x00, 0x00, 0x00, 0x20, 0x20, 0x40, 0x80, 0x00, 0x00,
    0x00, 0x00, 0x00, 0x00, 0x18, 0x00, 0x00, 0x00, 0x10, 0x00, 0x10, 0x00, 0x10, 0x10, 0x00, 0x10,
    0x00, 0x00, 0x10, 0x00, 0x00, 0x00, 0x10, 0x00, 0x00, 0x18, 0x00, 0x18, 0x00, 0x00, 0x00, 0x00,
    0x00, 0x00, 0x00, 0x00, 0x00, 0x00, 0x00, 0x00, 0x00, 0x00, 0x08, 0x00, 0x00, 0x00, 0x02, 0x00,
    0x01, 0x01, 0x00, 0x00, 0x00, 0x00, 0x00, 0x00, 0x00, 0x00, 0x00, 0x00, 0x00, 0x00, 0x00, 0x00,
    0x00, 0x00, 0x00, 0x00, 0x00, 0x00, 0x00, 0x00, 0x00, 0x00, 0x00, 0x30, 0x20, 0xe2, 0xc2, 0xc6,
    0xe6, 0xe4, 0x74, 0x74, 0x9f, 0x83, 0x59, 0xfb, 0xf2, 0xf1, 0xe0, 0x62, 0xc2, 0xc2, 0xc6, 0xd4,
    0x6a, 0x30, 0x00, 0x80, 0x80, 0x40, 0x00, 0x80, 0x80, 0x40, 0x00, 0x22, 0x40, 0x00, 0x00, 0x00,
    0x00, 0x00, 0x00, 0x00, 0x08, 0x01, 0x08, 0x00, 0x00, 0x02, 0x10, 0x00, 0x00, 0x00, 0x01, 0x00,
    0x00, 0x00, 0x00, 0x00, 0x00, 0x00, 0x00, 0x00, 0x00, 0x00, 0x00, 0x00, 0x00, 0x00, 0x00, 0x00,
    0x00, 0x00, 0x00, 0x00, 0x00, 0x00, 0x00, 0x00, 0x00, 0x00, 0x00, 0x00, 0x00, 0x00, 0x00, 0x00,
    0x00, 0x00, 0x00, 0x00, 0x00, 0x00, 0x00, 0x00, 0x00, 0x00, 0x01, 0x00, 0x00, 0x00, 0x00, 0x00,
    0x00, 0x00, 0x00, 0x01, 0x00, 0x00, 0x00, 0x00, 0x00, 0x00, 0x00, 0x00, 0x00, 0x20, 0x20, 0x00,
    0x00, 0x00, 0x00, 0x00, 0x00, 0x00, 0x00, 0x00, 0x00, 0x00, 0x00, 0x00, 0x00, 0x00, 0x01, 0x03,
    0x01, 0x02, 0x00, 0x40, 0x00, 0x40, 0x40, 0xe0, 0xe1, 0xe1, 0x70, 0x30, 0x00, 0x00, 0x03, 0x01,
    0x00, 0x00, 0x00, 0x01, 0x02, 0x02, 0x00, 0x00, 0x00, 0x01, 0x01, 0x00, 0x00, 0x00, 0x00, 0x00,
    0x00, 0x00, 0x00, 0x00, 0x00, 0x00, 0x00, 0x00, 0x00, 0x00, 0x00, 0x00, 0x00, 0x00, 0x00, 0x00,
    0x00, 0x00, 0x00, 0x00, 0x00, 0x00, 0x00, 0x00, 0x00, 0x00, 0x00, 0x00, 0x00, 0x00, 0x00, 0x00,
    0x00, 0x00, 0x00, 0x00, 0x00, 0x00, 0x00, 0x00, 0x00, 0x00, 0x00, 0x00, 0x00, 0x00, 0x00, 0x00,
    0x00, 0x00, 0x00, 0x00, 0x00, 0x00, 0x00, 0x00, 0x00, 0x00, 0x00, 0x00, 0x00, 0x00, 0x00, 0x00,
    0x00, 0x00, 0x40, 0x80, 0xc0, 0x80, 0xe0, 0x44, 0xe0, 0xc0, 0x00, 0x02, 0x20, 0x00, 0x00, 0x00,
    0x00, 0x00, 0x00, 0x00, 0x00, 0x00, 0x00, 0x00, 0x00, 0x00, 0x00, 0x00, 0x10, 0x00, 0x00, 0x30,
    0x60, 0x70, 0x98, 0xd8, 0xb8, 0x5a, 0x2c, 0x06, 0x00, 0x00, 0xb8, 0xe1, 0x03, 0x1e, 0x38, 0x08,
    0x10, 0x80, 0xa0, 0x50, 0x20, 0x80, 0x40, 0x20, 0x80, 0x00, 0x00, 0x00, 0x00, 0x00, 0x00, 0x00,
    0x00, 0x00, 0x00, 0x00, 0x00, 0x00, 0x00, 0x00, 0x00, 0x00, 0x00, 0x00, 0x00, 0x00, 0x00, 0x00,
    0x00, 0x00, 0x00, 0x00, 0x00, 0x00, 0x00, 0x00, 0x00, 0x00, 0x00, 0x00, 0x00, 0x00, 0x00, 0x00,
    0x00, 0x00, 0x00, 0x00, 0x00, 0x00, 0x00, 0x00, 0x00, 0x00, 0x00, 0x00, 0x00, 0x00, 0x00, 0x00,
    0x00, 0x00, 0x80, 0x60, 0x30, 0x08, 0x00, 0x00, 0x60, 0xe0, 0xe4, 0xde, 0xfc, 0xfc, 0xfc, 0xf9,
    0xc3, 0x03, 0x06, 0x2f, 0xbf, 0xff, 0xfe, 0x7b, 0xff, 0xff, 0xff, 0x00, 0x00, 0x00, 0x04, 0x2c,
    0xf8, 0xe0, 0x80, 0x00, 0x00, 0x00, 0x00, 0x40, 0x00, 0x80, 0x80, 0x80, 0x02, 0x04, 0x0c, 0x30,
    0xf0, 0xc0, 0x80, 0x01, 0x40, 0x44, 0x70, 0xfc, 0xfa, 0xf3, 0x2e, 0x0f, 0x00, 0xc0, 0xf8, 0x7c,
    0xfe, 0x00, 0xff, 0x7c, 0xf0, 0xc2, 0x0e, 0x33, 0x67, 0x3e, 0xe0, 0x00, 0x02, 0xfc, 0x04, 0xc0,
    0x30, 0x00, 0xf0, 0xa0, 0x40, 0x00, 0x00, 0x00, 0x00, 0x00, 0x00, 0x00, 0x00, 0x00, 0x00, 0x00,
    0x00, 0x00, 0x00, 0x00, 0x00, 0x00, 0x00, 0x00, 0x00, 0x00, 0x00, 0x00, 0x00, 0x00, 0x00, 0x00,
    0x00, 0x00, 0x00, 0x00, 0x00, 0x00, 0x00, 0x00, 0x00, 0x00, 0x00, 0x00, 0x00, 0x00, 0x00, 0x00,
    0x60, 0x61, 0x70, 0x30, 0x3e, 0x3e, 0x3e, 0x3c, 0x3c, 0x3c, 0x7b, 0x7f, 0x3f, 0xbf, 0xbf, 0x5f,
    0x7d, 0xbb, 0x68, 0x00, 0xc1, 0x0e, 0x03, 0x00, 0x1f, 0x3f, 0x07, 0x00, 0x00, 0x00, 0x00, 0x00,
    0x00, 0x02, 0x07, 0x0e, 0x08, 0x20, 0x00, 0x01, 0x00, 0x04, 0x04, 0x0c, 0x00, 0x01, 0x02, 0x00,
    0x00, 0x01, 0x03, 0x07, 0x9b, 0x36, 0x3c, 0x09, 0x02, 0xc0, 0xf0, 0xfc, 0xe7, 0xff, 0xbf, 0x3f,
    0xe1, 0xfe, 0xc7, 0xd0, 0xfe, 0xc7, 0xff, 0xfc, 0x00, 0x00, 0x02, 0xf6, 0x00, 0x00, 0x60, 0x33,
    0x3c, 0x36, 0x9a, 0xc3, 0xe0, 0xfe, 0x1c, 0x00, 0x00, 0x00, 0x00, 0x00, 0x00, 0x00, 0x00, 0x00,
    0x80, 0x80, 0x80, 0x80, 0x00, 0x00, 0x00, 0x00, 0x00, 0x00, 0x00, 0x00, 0x00, 0x00, 0x00, 0x00,
    0x00, 0x00, 0x00, 0x00, 0x00, 0x00, 0x00, 0x00, 0x00, 0x00, 0x00, 0x00, 0x00, 0x00, 0x00, 0x00,
    0xe8, 0x6d, 0x7d, 0xbd, 0xbd, 0x3c, 0x3a, 0x5e, 0x5a, 0x5a, 0x3a, 0x32, 0x34, 0x30, 0x1c, 0x0a,
    0x10, 0x8e, 0x0e, 0x4d, 0x4c, 0x2c, 0x0c, 0xb4, 0x64, 0xb8, 0xd4, 0xec, 0xfc, 0xfc, 0xfc, 0xfc,
    0xfc, 0xfc, 0x3c, 0x1c, 0x2c, 0x34, 0x30, 0x38, 0x38, 0x30, 0x30, 0x30, 0x30, 0x30, 0x78, 0x38,
    0x38, 0x38, 0x3c, 0x0c, 0x8c, 0x8c, 0x8c, 0x9c, 0x8f, 0x8b, 0x0b, 0x0f, 0x0f, 0x1f, 0x1c, 0x1f,
    0x5f, 0x4f, 0x4e, 0x5f, 0x1b, 0x1b, 0xfb, 0xfb, 0x2d, 0x1c, 0xfc, 0xab, 0x08, 0x19, 0xf8, 0x28,
    0x04, 0x15, 0x13, 0x31, 0x23, 0x45, 0xc7, 0x80, 0x00, 0x00, 0x00, 0x00, 0x00, 0x00, 0x01, 0x03,
    0x07, 0x07, 0x07, 0x07, 0x07, 0x07, 0x02, 0x00, 0x00, 0x00, 0x00, 0x00, 0x00, 0x00, 0x00, 0x00,
    0x00, 0x00, 0x00, 0x80, 0x80, 0x00, 0x00, 0x00, 0x00, 0x00, 0x00, 0x00, 0x00, 0x00, 0x00, 0x00,
    0x01, 0x01, 0xe1, 0xb8, 0x08, 0x84, 0x80, 0x40, 0x60, 0x20, 0x20, 0x33, 0x13, 0x01, 0x00, 0x09,
    0x10, 0x04, 0x0c, 0x04, 0x02, 0x1a, 0x09, 0x02, 0x01, 0x00, 0x00, 0x08, 0xcf, 0x77, 0x17, 0x0f,
    0x03, 0x00, 0x40, 0x10, 0x00, 0x00, 0x00, 0x00, 0x00, 0x00, 0x00, 0x00, 0x00, 0x00, 0x00, 0x02,
    0x00, 0x00, 0x00, 0x00, 0x00, 0x01, 0x01, 0x01, 0x01, 0x01, 0x01, 0x21, 0x3c, 0x0e, 0x82, 0x00,
    0x3e, 0x3c, 0x0e, 0x02, 0x00, 0x01, 0x0c, 0x04, 0x01, 0x01, 0xf8, 0x00, 0x01, 0x01, 0x00, 0x00,
    0x00, 0xc0, 0x08, 0x00, 0x01, 0x01, 0x00, 0x00, 0x02, 0x02, 0x02, 0x02, 0x02, 0x02, 0x03, 0x03,
    0x01, 0x01, 0x01, 0x01, 0x05, 0x01, 0x05, 0x09, 0x01, 0x01, 0x00, 0x00, 0x00, 0x00, 0x00, 0x13,
    0x2d, 0x55, 0xb0, 0x00, 0x00, 0x00, 0x00, 0x00, 0x00, 0x00, 0x00, 0x00, 0x00, 0x00, 0x00, 0x00
  },
  // Frame 33
  {
    0x00, 0x00, 0x00, 0x00, 0x00, 0x00, 0x00, 0x00, 0x00, 0x00, 0x00, 0x00, 0x00, 0x00, 0x00, 0x00,
    0x00, 0x00, 0x00, 0x00, 0x80, 0x00, 0x40, 0x40, 0x00, 0x00, 0x20, 0x20, 0x10, 0x30, 0x10, 0x18,
    0x08, 0x18, 0x04, 0x08, 0x12, 0x02, 0x01, 0x0a, 0x02, 0x08, 0x0b, 0x09, 0x09, 0x0d, 0x01, 0x0f,
    0x04, 0x03, 0x85, 0x87, 0x8f, 0xc3, 0x41, 0x43, 0x4f, 0xcf, 0xc7, 0xc2, 0xc4, 0xc3, 0x85, 0x05,
    0x02, 0x07, 0x07, 0x07, 0x02, 0x06, 0x06, 0x00, 0x04, 0x02, 0x04, 0x00, 0x00, 0x00, 0x00, 0x30,
    0x00, 0x00, 0x08, 0x00, 0x00, 0x00, 0x00, 0x00, 0x10, 0x00, 0x00, 0x20, 0xc0, 0x00, 0x00, 0x00,
    0x00, 0x00, 0x00, 0x00, 0x18, 0x00, 0x00, 0x00, 0x10, 0x00, 0x10, 0x00, 0x10, 0x10, 0x00, 0x10,
    0x00, 0x10, 0x10, 0x00, 0x00, 0x00, 0x10, 0x00, 0x00, 0x18, 0x00, 0x18, 0x00, 0x00, 0x00, 0x00,
    0x00, 0x00, 0x00, 0x00, 0x00, 0x00, 0x00, 0x00, 0x60, 0x90, 0x08, 0x00, 0x00, 0x00, 0x02, 0x00,
    0x01, 0x01, 0x00, 0x00, 0x00, 0x00, 0x00, 0x00, 0x00, 0x00, 0x00, 0x00, 0x00, 0x00, 0x00, 0x00,
    0x00, 0x00, 0x00, 0x00, 0x00, 0x00, 0x00, 0x00, 0x00, 0x00, 0x00, 0x30, 0x20, 0x70, 0xc2, 0xc6,
    0xe6, 0xe4, 0xf4, 0x74, 0x91, 0x8b, 0x1b, 0xdf, 0xfa, 0xf8, 0xf3, 0x20, 0xc2, 0x42, 0xc6, 0xc4,
    0x7e, 0x38, 0x00, 0x80, 0x80, 0x80, 0x00, 0x80, 0x80, 0xc0, 0x40, 0x20, 0x40, 0x00, 0x00, 0x00,
    0x00, 0x08, 0x00, 0x10, 0x00, 0x01, 0x08, 0x04, 0x00, 0x02, 0x00, 0x00, 0x00, 0x00, 0x00, 0x00,
    0x00, 0x00, 0x00, 0x00, 0x00, 0x00, 0x00, 0x00, 0x00, 0x00, 0x00, 0x00, 0x00, 0x00, 0x00, 0x00,
    0x00, 0x00, 0x00, 0x00, 0x00, 0x00, 0x00, 0x00, 0x00, 0x00, 0x00, 0x00, 0x00, 0x00, 0x00, 0x00,
    0x00, 0x00, 0x00, 0x00, 0x00, 0x00, 0x00, 0x00, 0x00, 0x00, 0x00, 0x00, 0x00, 0x00, 0x00, 0x00,
    0x00, 0x04, 0x00, 0x01, 0x00, 0x00, 0x00, 0x00, 0x00, 0x00, 0x00, 0x00, 0x00, 0x00, 0x20, 0x00,
    0x00, 0x00, 0x00, 0x00, 0x00, 0x00, 0x00, 0x00, 0x00, 0x00, 0x00, 0x00, 0x00, 0x00, 0x00, 0x07,
    0x01, 0x02, 0x40, 0x40, 0x00, 0x00, 0xc0, 0xe0, 0xe3, 0xf1, 0x70, 0x70, 0x20, 0x10, 0x03, 0x23,
    0x00, 0x00, 0x00, 0x01, 0x02, 0x02, 0x00, 0x00, 0x00, 0x01, 0x01, 0x00, 0x00, 0x00, 0x00, 0x00,
    0x00, 0x00, 0x00, 0x00, 0x00, 0x00, 0x00, 0x00, 0x00, 0x00, 0x00, 0x00, 0x00, 0x00, 0x00, 0x00,
    0x00, 0x00, 0x00, 0x00, 0x00, 0x00, 0x00, 0x00, 0x00, 0x00, 0x00, 0x00, 0x00, 0x00, 0x00, 0x00,
    0x00, 0x00, 0x00, 0x00, 0x00, 0x00, 0x00, 0x00, 0x00, 0x00, 0x00, 0x00, 0x00, 0x00, 0x00, 0x00,
    0x00, 0x00, 0x00, 0x00, 0x00, 0x00, 0x00, 0x00, 0x00, 0x00, 0x00, 0x00, 0x00, 0x00, 0x00, 0x00,
    0x00, 0x00, 0x00, 0x80, 0xc0, 0x00, 0xe0, 0x84, 0xe0, 0xc0, 0x00, 0x02, 0x00, 0x00, 0x00, 0x00,
    0x00, 0x00, 0x00, 0x00, 0x00, 0x00, 0x00, 0x00, 0x00, 0x00, 0x00, 0x08, 0x10, 0x00, 0x00, 0x30,
    0x20, 0x70, 0x90, 0xd8, 0xf4, 0xd8, 0x2c, 0x06, 0x00, 0x00, 0x98, 0xe1, 0x03, 0x1e, 0x38, 0x08,
    0x10, 0x80, 0xa0, 0x50, 0x20, 0x80, 0x40, 0x20, 0x80, 0x00, 0x00, 0x00, 0x00, 0x00, 0x00, 0x00,
    0x00, 0x00, 0x00, 0x00, 0x00, 0x00, 0x00, 0x00, 0x00, 0x00, 0x00, 0x00, 0x00, 0x00, 0x00, 0x00,
    0x00, 0x00, 0x00, 0x00, 0x00, 0x00, 0x00, 0x00, 0x00, 0x00, 0x00, 0x00, 0x00, 0x00, 0x00, 0x00,
    0x00, 0x00, 0x00, 0x00, 0x00, 0x00, 0x00, 0x00, 0x00, 0x00, 0x00, 0x00, 0x00, 0x00, 0x00, 0x00,
    0x00, 0x00, 0x00, 0xc0, 0x20, 0x30, 0x00, 0x00, 0x00, 0x40, 0xe0, 0xfc, 0xfc, 0xfc, 0xfc, 0xf9,
    0xf1, 0xc3, 0x06, 0x1e, 0x5f, 0xbf, 0xff, 0xfd, 0x87, 0xff, 0xff, 0x00, 0x00, 0x00, 0x02, 0x14,
    0xb8, 0xe0, 0xc0, 0x00, 0x00, 0x20, 0x00, 0x40, 0x00, 0x80, 0x80, 0x81, 0x02, 0x00, 0x08, 0x30,
    0x70, 0xc0, 0x80, 0x01, 0x00, 0x44, 0x70, 0xf8, 0xf8, 0xf3, 0x26, 0x0f, 0x00, 0xc0, 0xf8, 0xfc,
    0xfe, 0x00, 0xff, 0x7c, 0xd0, 0xc0, 0x0e, 0x3b, 0x67, 0x3e, 0xe0, 0x00, 0x02, 0xec, 0x00, 0xc0,
    0x20, 0x00, 0xf0, 0xa0, 0x00, 0x00, 0x00, 0x00, 0x00, 0x00, 0x00, 0x00, 0x00, 0x00, 0x00, 0x00,
    0x00, 0x00, 0x00, 0x00, 0x00, 0x00, 0x00, 0x00, 0x00, 0x00, 0x00, 0x00, 0x00, 0x00, 0x00, 0x00,
    0x00, 0x00, 0x00, 0x00, 0x00, 0x00, 0x00, 0x00, 0x00, 0x00, 0x00, 0x00, 0x00, 0x00, 0x00, 0x00,
    0x9c, 0xca, 0x41, 0x60, 0x70, 0x74, 0x7c, 0x7c, 0x7c, 0x7c, 0x39, 0x3a, 0x37, 0xbf, 0xaf, 0xff,
    0x5e, 0x7d, 0xbb, 0x68, 0x00, 0x00, 0x1c, 0x00, 0x0f, 0x3f, 0x0f, 0x00, 0x00, 0x00, 0x00, 0x00,
    0x00, 0x01, 0x05, 0x0e, 0x08, 0x10, 0x00, 0x00, 0x02, 0x00, 0x04, 0x0c, 0x00, 0x01, 0x00, 0x00,
    0x00, 0x00, 0x03, 0x07, 0x8f, 0x36, 0x2c, 0x19, 0x02, 0xc1, 0xf0, 0xfc, 0xef, 0xff, 0xbf, 0x2f,
    0xe1, 0xfe, 0xcf, 0xc0, 0xff, 0xc7, 0xff, 0xfc, 0x10, 0x00, 0x02, 0xf6, 0x00, 0x01, 0x60, 0x33,
    0x3c, 0x36, 0x8a, 0xc3, 0xe0, 0xfd, 0x1c, 0x00, 0x00, 0x00, 0x00, 0x00, 0x00, 0x00, 0x00, 0x00,
    0x80, 0x80, 0x80, 0x80, 0x80, 0x80, 0x80, 0x00, 0x00, 0x00, 0x00, 0x00, 0x00, 0x00, 0x00, 0x00,
    0x00, 0x00, 0x00, 0x00, 0x00, 0x00, 0x00, 0x00, 0x00, 0x00, 0x00, 0x00, 0x00, 0x00, 0x00, 0x00,
    0xb4, 0xfa, 0xfa, 0xfa, 0x7c, 0x7c, 0x7c, 0x34, 0xbc, 0xb4, 0xb0, 0x70, 0x69, 0x78, 0x32, 0x34,
    0x30, 0x1c, 0x1e, 0x9a, 0x8b, 0x18, 0x4c, 0x1c, 0x2c, 0x0c, 0xb4, 0xfc, 0xd8, 0xfc, 0xfc, 0xf8,
    0xf8, 0xf8, 0xf8, 0xf8, 0x78, 0x38, 0x08, 0x38, 0x30, 0x30, 0x30, 0x38, 0x38, 0x38, 0x38, 0x78,
    0x38, 0x38, 0x78, 0x38, 0xa8, 0x8d, 0x88, 0x88, 0x8b, 0x9b, 0x03, 0x0b, 0x0b, 0x1b, 0x18, 0x1b,
    0x9b, 0x1b, 0x1a, 0x1b, 0x1b, 0x3b, 0x1b, 0x3b, 0xff, 0x7d, 0x78, 0x3d, 0xf4, 0x69, 0x08, 0x18,
    0xbc, 0xed, 0x0b, 0x13, 0x11, 0x35, 0x27, 0x40, 0x80, 0x80, 0x00, 0x00, 0x00, 0x00, 0x00, 0x00,
    0x01, 0x03, 0x03, 0x03, 0x03, 0x03, 0x03, 0x03, 0x00, 0x00, 0x00, 0x00, 0x00, 0x00, 0x00, 0x00,
    0x00, 0x00, 0x00, 0x80, 0x80, 0x80, 0x80, 0x00, 0x00, 0x00, 0x00, 0x00, 0x00, 0x00, 0x00, 0x00,
    0x01, 0x03, 0x03, 0x02, 0xc1, 0xf1, 0x18, 0x08, 0x04, 0x84, 0xc4, 0x44, 0x62, 0x22, 0x22, 0x10,
    0x12, 0x01, 0x29, 0x11, 0x00, 0x0c, 0x04, 0x22, 0x04, 0x02, 0x02, 0x03, 0x03, 0x11, 0x97, 0xeb,
    0x3b, 0x19, 0x07, 0x01, 0x00, 0x00, 0x00, 0x00, 0x00, 0x00, 0x00, 0x00, 0x00, 0x00, 0x00, 0x00,
    0x00, 0x00, 0x00, 0x00, 0x00, 0x01, 0x01, 0x01, 0x01, 0x01, 0x01, 0x20, 0x3c, 0x0f, 0x82, 0x00,
    0x3e, 0x1c, 0x0e, 0x02, 0x00, 0x00, 0x0c, 0x04, 0x01, 0x00, 0xf8, 0x01, 0x00, 0x00, 0x00, 0x01,
    0x00, 0xc0, 0x09, 0x00, 0x01, 0x01, 0x00, 0x00, 0x02, 0x02, 0x02, 0x02, 0x02, 0x02, 0x02, 0x03,
    0x03, 0x03, 0x01, 0x05, 0x05, 0x01, 0x05, 0x0d, 0x01, 0x01, 0x01, 0x01, 0x01, 0x01, 0x01, 0x13,
    0x1f, 0x05, 0xf0, 0x00, 0x00, 0x00, 0x00, 0x00, 0x00, 0x00, 0x00, 0x00, 0x00, 0x00, 0x00, 0x00
  },
  // Frame 34
  {
    0x00, 0x00, 0x00, 0x00, 0x00, 0x00, 0x00, 0x00, 0x00, 0x00, 0x00, 0x00, 0x00, 0x00, 0x00, 0x00,
    0x00, 0x00, 0x00, 0x00, 0x80, 0x00, 0x40, 0x40, 0x00, 0x00, 0x20, 0x20, 0x10, 0x30, 0x10, 0x18,
    0x08, 0x18, 0x04, 0x08, 0x12, 0x02, 0x00, 0x0a, 0x02, 0x00, 0x0b, 0x01, 0x09, 0x08, 0x05, 0x0f,
    0x0e, 0x02, 0x85, 0x87, 0x8d, 0xc1, 0xc5, 0x43, 0x47, 0xcf, 0xc6, 0xc2, 0xc4, 0xc2, 0x85, 0x05,
    0x03, 0x07, 0x07, 0x07, 0x0a, 0x0e, 0x06, 0x06, 0x04, 0x02, 0x04, 0x00, 0x00, 0x00, 0x04, 0x30,
    0x08, 0x08, 0x08, 0x00, 0x00, 0x00, 0x00, 0x00, 0x00, 0x00, 0x00, 0x00, 0x80, 0x00, 0x00, 0x00,
    0x00, 0x00, 0x00, 0x00, 0x18, 0x00, 0x00, 0x00, 0x10, 0x00, 0x10, 0x00, 0x10, 0x10, 0x00, 0x10,
    0x00, 0x10, 0x10, 0x00, 0x00, 0x00, 0x10, 0x00, 0x00, 0x18, 0x00, 0x18, 0x00, 0x00, 0x00, 0x00,
    0x00, 0x00, 0x00, 0x00, 0x00, 0x00, 0x00, 0x00, 0x60, 0x90, 0x08, 0x00, 0x00, 0x00, 0x00, 0x00,
    0x01, 0x01, 0x00, 0x00, 0x00, 0x00, 0x00, 0x00, 0x00, 0x00, 0x00, 0x00, 0x00, 0x00, 0x00, 0x00,
    0x00, 0x00, 0x00, 0x00, 0x00, 0x00, 0x00, 0x00, 0x00, 0x00, 0x00, 0x30, 0x20, 0x70, 0xc2, 0xc6,
    0xc6, 0xe4, 0xf4, 0x74, 0x91, 0x8b, 0x1b, 0xdf, 0xfb, 0xf8, 0xf3, 0x20, 0xc2, 0x42, 0xc6, 0xc4,
    0x7e, 0x38, 0x00, 0x80, 0x80, 0x80, 0x00, 0x80, 0x80, 0x80, 0x00, 0x20, 0x40, 0x00, 0x00, 0x00,
    0x00, 0x08, 0x00, 0x00, 0x00, 0x01, 0x08, 0x04, 0x20, 0x02, 0x00, 0x00, 0x00, 0x00, 0x00, 0x00,
    0x00, 0x00, 0x00, 0x00, 0x00, 0x00, 0x00, 0x00, 0x00, 0x00, 0x00, 0x00, 0x00, 0x00, 0x00, 0x00,
    0x00, 0x00, 0x00, 0x00, 0x00, 0x00, 0x00, 0x00, 0x00, 0x00, 0x00, 0x00, 0x00, 0x00, 0x00, 0x00,
    0x00, 0x00, 0x00, 0x00, 0x00, 0x00, 0x00, 0x00, 0x00, 0x00, 0x00, 0x00, 0x00, 0x00, 0x00, 0x00,
    0x00, 0x04, 0x00, 0x01, 0x00, 0x00, 0x00, 0x00, 0x00, 0x00, 0x00, 0x00, 0x00, 0x00, 0x20, 0x00,
    0x00, 0x00, 0x00, 0x00, 0x00, 0x00, 0x00, 0x00, 0x00, 0x00, 0x00, 0x00, 0x00, 0x00, 0x00, 0x07,
    0x01, 0x03, 0x40, 0x40, 0x00, 0x00, 0xc0, 0xe0, 0xe3, 0xf1, 0x70, 0x70, 0x20, 0x00, 0x03, 0x23,
    0x00, 0x00, 0x00, 0x01, 0x02, 0x02, 0x00, 0x00, 0x00, 0x01, 0x01, 0x00, 0x01, 0x00, 0x00, 0x00,
    0x00, 0x00, 0x00, 0x00, 0x00, 0x00, 0x00, 0x00, 0x00, 0x00, 0x00, 0x00, 0x00, 0x00, 0x00, 0x00,
    0x00, 0x00, 0x00, 0x00, 0x00, 0x00, 0x00, 0x00, 0x00, 0x00, 0x00, 0x00, 0x00, 0x00, 0x00, 0x00,
    0x00, 0x00, 0x00, 0x00, 0x00, 0x00, 0x00, 0x00, 0x00, 0x00, 0x00, 0x00, 0x00, 0x00, 0x00, 0x00,
    0x00, 0x00, 0x00, 0x00, 0x00, 0x00, 0x00, 0x00, 0x00, 0x00, 0x00, 0x00, 0x00, 0x00, 0x00, 0x00,
    0x00, 0x00, 0x00, 0x80, 0xc0, 0x00, 0xe0, 0x84, 0xf0, 0xc0, 0x80, 0x02, 0x00, 0x00, 0x00, 0x00,
    0x00, 0x00, 0x00, 0x00, 0x00, 0x00, 0x00, 0x00, 0x00, 0x00, 0x00, 0x08, 0x10, 0x00, 0x00, 0x30,
    0x20, 0x70, 0x90, 0xd8, 0xf4, 0x58, 0x2c, 0x06, 0x00, 0x00, 0x98, 0xe1, 0x03, 0x1e, 0x38, 0x08,
    0x18, 0x80, 0xa0, 0x40, 0x20, 0x80, 0x40, 0x20, 0x80, 0x00, 0x00, 0x00, 0x00, 0x00, 0x00, 0x00,
    0x00, 0x00, 0x00, 0x00, 0x00, 0x00, 0x00, 0x00, 0x00, 0x00, 0x00, 0x00, 0x00, 0x00, 0x00, 0x00,
    0x00, 0x00, 0x00, 0x00, 0x00, 0x00, 0x00, 0x00, 0x00, 0x00, 0x00, 0x00, 0x00, 0x00, 0x00, 0x00,
    0x00, 0x00, 0x00, 0x00, 0x00, 0x00, 0x00, 0x00, 0x00, 0x00, 0x00, 0x00, 0x00, 0x00, 0x00, 0x00,
    0x00, 0x00, 0x00, 0x80, 0x60, 0x30, 0x00, 0x00, 0x00, 0x00, 0xe0, 0xe0, 0xfc, 0xfc, 0xfc, 0xf9,
    0xf1, 0xc3, 0x02, 0x06, 0x3f, 0xbf, 0x7f, 0xfd, 0x07, 0xff, 0xff, 0x00, 0x00, 0x00, 0x02, 0x10,
    0xb8, 0xe0, 0xc0, 0x00, 0x00, 0x20, 0x40, 0x40, 0x00, 0x80, 0x80, 0x81, 0x02, 0x00, 0x08, 0x30,
    0x70, 0xc0, 0x80, 0x01, 0x00, 0x44, 0x70, 0xf8, 0xf8, 0xf3, 0x2e, 0x0f, 0x00, 0xc0, 0xf8, 0xfc,
    0xfe, 0x00, 0xff, 0x7c, 0xd0, 0xc2, 0x0e, 0x32, 0x6f, 0x3c, 0xc0, 0x00, 0x02, 0xec, 0x04, 0xe0,
    0x20, 0x08, 0xf0, 0xa0, 0x00, 0x00, 0x00, 0x00, 0x00, 0x00, 0x00, 0x00, 0x00, 0x00, 0x00, 0x00,
    0x00, 0x00, 0x00, 0x00, 0x00, 0x00, 0x00, 0x00, 0x00, 0x00, 0x00, 0x00, 0x00, 0x00, 0x00, 0x00,
    0x00, 0x00, 0x00, 0x00, 0x00, 0x00, 0x00, 0x00, 0x00, 0x00, 0x00, 0x00, 0x00, 0x00, 0x00, 0x00,
    0x10, 0x9c, 0xc1, 0xc0, 0xe0, 0x60, 0x7c, 0x7c, 0x7c, 0x7c, 0x78, 0x3b, 0xb7, 0xbf, 0xef, 0xff,
    0x5f, 0x7f, 0x3f, 0xf4, 0xd0, 0x00, 0x83, 0x01, 0x00, 0x3f, 0x3f, 0x00, 0x00, 0x00, 0x00, 0x00,
    0x00, 0x01, 0x05, 0x0e, 0x08, 0x10, 0x00, 0x00, 0x02, 0x00, 0x04, 0x0c, 0x00, 0x01, 0x00, 0x00,
    0x00, 0x00, 0x03, 0x07, 0x8f, 0x36, 0x2c, 0x19, 0x02, 0xc1, 0xf0, 0xfc, 0xef, 0xff, 0xbf, 0x2f,
    0xe1, 0xfe, 0xcf, 0xc0, 0xff, 0xc7, 0xff, 0xfc, 0x10, 0x00, 0x02, 0xf6, 0x00, 0x01, 0x60, 0x3b,
    0x3c, 0x16, 0x8a, 0xc3, 0xf0, 0xfd, 0x08, 0x00, 0x00, 0x00, 0x00, 0x00, 0x00, 0x00, 0x00, 0x00,
    0x00, 0x80, 0x80, 0xc0, 0xc0, 0xc0, 0xc0, 0x80, 0x00, 0x00, 0x00, 0x00, 0x00, 0x00, 0x00, 0x00,
    0x00, 0x00, 0x00, 0x00, 0x00, 0x00, 0x00, 0x00, 0x00, 0x00, 0x00, 0x00, 0x00, 0x00, 0x00, 0x00,
    0xac, 0xf4, 0xf4, 0xf0, 0xfa, 0xfa, 0x7a, 0x7c, 0x7c, 0x64, 0xbc, 0xbc, 0xb0, 0x70, 0x78, 0x68,
    0x3c, 0x35, 0x15, 0x1c, 0x1b, 0x99, 0x99, 0xd8, 0x1c, 0x6c, 0x2c, 0x34, 0x74, 0xfc, 0xfc, 0xfc,
    0xf8, 0xf8, 0xf8, 0xf8, 0xf8, 0x78, 0x38, 0x08, 0x78, 0x70, 0x30, 0x38, 0x38, 0x38, 0x38, 0x38,
    0x38, 0x38, 0x38, 0x78, 0x38, 0xa9, 0x8c, 0x8c, 0x8f, 0x8f, 0x9f, 0x8b, 0x0b, 0x0b, 0x18, 0x1b,
    0x1b, 0x9b, 0x9a, 0x1b, 0x1b, 0x1b, 0x3b, 0x1b, 0x3b, 0xb8, 0x7c, 0x4d, 0x3c, 0x7d, 0x6c, 0x0a,
    0x10, 0xb9, 0xeb, 0x0b, 0x01, 0x11, 0x33, 0x20, 0x40, 0xc0, 0x80, 0x00, 0x00, 0x00, 0x00, 0x00,
    0x00, 0x00, 0x01, 0x01, 0x03, 0x03, 0x03, 0x01, 0x01, 0x00, 0x00, 0x00, 0x00, 0x00, 0x00, 0x00,
    0x00, 0x00, 0x00, 0x80, 0x80, 0x80, 0x00, 0x80, 0x00, 0x00, 0x00, 0x00, 0x00, 0x00, 0x00, 0x00,
    0x01, 0x01, 0x03, 0x03, 0x02, 0x02, 0xe0, 0x31, 0x08, 0x08, 0x00, 0xc0, 0xc0, 0x40, 0x44, 0x22,
    0x22, 0x00, 0x12, 0x01, 0x08, 0x11, 0x04, 0x04, 0x32, 0x1a, 0x0b, 0x02, 0x03, 0x01, 0x01, 0x0f,
    0xcb, 0x77, 0x1f, 0x07, 0x01, 0x00, 0x00, 0x08, 0x00, 0x00, 0x00, 0x00, 0x00, 0x00, 0x00, 0x00,
    0x00, 0x00, 0x00, 0x00, 0x00, 0x01, 0x01, 0x01, 0x01, 0x01, 0x00, 0x20, 0x3c, 0x0f, 0x83, 0x00,
    0x3e, 0x1c, 0x0e, 0x02, 0x00, 0x00, 0x0c, 0x04, 0x00, 0x01, 0xd8, 0x00, 0x01, 0x00, 0x00, 0x00,
    0x01, 0x00, 0x09, 0x00, 0x01, 0x01, 0x04, 0x00, 0x01, 0x03, 0x00, 0x01, 0x02, 0x02, 0x02, 0x02,
    0x02, 0x03, 0x03, 0x01, 0x05, 0x01, 0x05, 0x05, 0x05, 0x01, 0x01, 0x01, 0x01, 0x01, 0x01, 0x01,
    0x1f, 0x1f, 0xe0, 0x00, 0x00, 0x00, 0x00, 0x00, 0x00, 0x00, 0x00, 0x00, 0x00, 0x00, 0x00, 0x00
  },
  // Frame 35
  {
    0x00, 0x00, 0x00, 0x00, 0x00, 0x00, 0x00, 0x00, 0x00, 0x00, 0x00, 0x00, 0x00, 0x00, 0x00, 0x00,
    0x00, 0x00, 0x00, 0x00, 0x80, 0x00, 0x40, 0x40, 0x00, 0x00, 0x20, 0x20, 0x10, 0x30, 0x10, 0x18,
    0x08, 0x18, 0x14, 0x08, 0x12, 0x02, 0x01, 0x0a, 0x02, 0x00, 0x0b, 0x09, 0x09, 0x09, 0x05, 0x09,
    0x0a, 0x02, 0x85, 0x07, 0x8f, 0x83, 0x45, 0x43, 0x47, 0xcf, 0xc2, 0xc2, 0xc6, 0x82, 0x87, 0x05,
    0x02, 0x07, 0x05, 0x07, 0x0a, 0x0e, 0x04, 0x02, 0x06, 0x02, 0x00, 0x00, 0x00, 0x00, 0x04, 0x10,
    0x00, 0x00, 0x00, 0x00, 0x00, 0x20, 0x00, 0x00, 0x80, 0x00, 0x20, 0x00, 0xc0, 0x00, 0x00, 0x00,
    0x00, 0x00, 0x00, 0x00, 0x18, 0x00, 0x00, 0x00, 0x10, 0x00, 0x10, 0x00, 0x10, 0x10, 0x00, 0x10,
    0x00, 0x00, 0x10, 0x00, 0x00, 0x00, 0x10, 0x00, 0x00, 0x18, 0x00, 0x18, 0x00, 0x00, 0x00, 0x00,
    0x00, 0x00, 0x00, 0x00, 0x00, 0x00, 0x00, 0x00, 0x00, 0x10, 0x08, 0x00, 0x00, 0x00, 0x02, 0x00,
    0x01, 0x01, 0x00, 0x00, 0x00, 0x00, 0x00, 0x00, 0x00, 0x00, 0x00, 0x00, 0x00, 0x00, 0x00, 0x00,
    0x00, 0x00, 0x00, 0x00, 0x00, 0x00, 0x00, 0x00, 0x00, 0x00, 0x00, 0x30, 0x20, 0x62, 0xc2, 0xc6,
    0xe4, 0xe4, 0x74, 0x74, 0x9f, 0x83, 0x5b, 0xfe, 0xf2, 0xf1, 0xe1, 0x60, 0xc0, 0xc2, 0xc6, 0xc4,
    0x6a, 0x30, 0x00, 0x80, 0x80, 0x40, 0x00, 0x80, 0x80, 0x40, 0x80, 0x00, 0x00, 0x00, 0x00, 0x00,
    0x08, 0x10, 0x00, 0x00, 0x01, 0x08, 0x00, 0x02, 0x00, 0x02, 0x11, 0x00, 0x00, 0x00, 0x00, 0x00,
    0x00, 0x00, 0x00, 0x00, 0x00, 0x00, 0x00, 0x00, 0x00, 0x00, 0x00, 0x00, 0x00, 0x00, 0x00, 0x00,
    0x00, 0x00, 0x00, 0x00, 0x00, 0x00, 0x00, 0x00, 0x00, 0x00, 0x00, 0x00, 0x00, 0x00, 0x00, 0x00,
    0x00, 0x00, 0x00, 0x00, 0x00, 0x00, 0x00, 0x00, 0x00, 0x00, 0x01, 0x00, 0x00, 0x00, 0x00, 0x00,
    0x00, 0x00, 0x00, 0x00, 0x00, 0x00, 0x00, 0x00, 0x00, 0x00, 0x00, 0x00, 0x00, 0x00, 0x00, 0x00,
    0x00, 0x00, 0x00, 0x00, 0x00, 0x00, 0x00, 0x00, 0x00, 0x00, 0x00, 0x00, 0x20, 0x00, 0x01, 0x07,
    0x01, 0x02, 0x00, 0x00, 0x00, 0x40, 0xc0, 0xa0, 0xe1, 0xf1, 0x30, 0x30, 0x00, 0x00, 0x03, 0x01,
    0x00, 0x00, 0x00, 0x03, 0x02, 0x02, 0x00, 0x02, 0x00, 0x00, 0x00, 0x00, 0x00, 0x00, 0x00, 0x00,
    0x00, 0x00, 0x00, 0x00, 0x00, 0x00, 0x00, 0x00, 0x00, 0x00, 0x00, 0x00, 0x00, 0x00, 0x00, 0x00,
    0x00, 0x00, 0x00, 0x00, 0x00, 0x00, 0x00, 0x00, 0x00, 0x00, 0x00, 0x00, 0x00, 0x00, 0x00, 0x00,
    0x00, 0x00, 0x00, 0x00, 0x00, 0x00, 0x00, 0x00, 0x00, 0x00, 0x00, 0x00, 0x00, 0x00, 0x00, 0x00,
    0x00, 0x00, 0x00, 0x00, 0x00, 0x00, 0x00, 0x00, 0x00, 0x00, 0x00, 0x00, 0x00, 0x00, 0x00, 0x00,
    0x00, 0x00, 0x40, 0xc0, 0x80, 0x80, 0xe0, 0x4c, 0xe0, 0xc0, 0x00, 0x02, 0x20, 0x00, 0x00, 0x00,
    0x00, 0x00, 0x00, 0x00, 0x00, 0x00, 0x00, 0x00, 0x00, 0x00, 0x00, 0x00, 0x10, 0x00, 0x00, 0x30,
    0x70, 0x70, 0x98, 0xd8, 0xbc, 0x5a, 0x1c, 0x00, 0x02, 0x84, 0xb0, 0xc0, 0x0e, 0x3a, 0x3c, 0x08,
    0x18, 0xd1, 0x20, 0x40, 0xa0, 0x80, 0x40, 0x40, 0x80, 0x00, 0x00, 0x00, 0x00, 0x00, 0x00, 0x00,
    0x00, 0x00, 0x00, 0x00, 0x00, 0x00, 0x00, 0x00, 0x00, 0x00, 0x00, 0x00, 0x00, 0x00, 0x00, 0x00,
    0x00, 0x00, 0x00, 0x00, 0x00, 0x00, 0x00, 0x00, 0x00, 0x00, 0x00, 0x00, 0x00, 0x00, 0x00, 0x00,
    0x00, 0x00, 0x00, 0x00, 0x00, 0x00, 0x00, 0x00, 0x00, 0x00, 0x00, 0x00, 0x00, 0x00, 0x00, 0x00,
    0x00, 0x00, 0x00, 0x00, 0x40, 0x60, 0x00, 0x00, 0x00, 0x00, 0x00, 0xb0, 0xfc, 0xfc, 0xf9, 0x71,
    0xe3, 0xc3, 0x86, 0x1e, 0x3f, 0x5f, 0xbe, 0xfd, 0x07, 0xff, 0xff, 0x00, 0x00, 0x00, 0x00, 0x14,
    0xb8, 0xe0, 0x80, 0x00, 0x00, 0x20, 0x00, 0x40, 0x00, 0x80, 0x80, 0x80, 0x02, 0x04, 0x0c, 0x30,
    0xf0, 0xc0, 0x80, 0x01, 0x40, 0x44, 0x70, 0x7c, 0xfa, 0xf7, 0x2e, 0x07, 0x00, 0xe0, 0xff, 0x7c,
    0xfc, 0x03, 0x7f, 0xfc, 0xe0, 0x83, 0x0e, 0x70, 0x4f, 0xb8, 0xc0, 0x01, 0x06, 0xec, 0x00, 0xf0,
    0x04, 0x08, 0xf0, 0xa0, 0x00, 0x00, 0x00, 0x00, 0x00, 0x00, 0x00, 0x00, 0x00, 0x00, 0x00, 0x00,
    0x00, 0x00, 0x00, 0x00, 0x00, 0x00, 0x00, 0x00, 0x00, 0x00, 0x00, 0x00, 0x00, 0x00, 0x00, 0x00,
    0x00, 0x00, 0x00, 0x00, 0x00, 0x00, 0x00, 0x00, 0x00, 0x00, 0x00, 0x00, 0x00, 0x00, 0x00, 0x00,
    0x60, 0x30, 0x04, 0x00, 0x80, 0xc0, 0xc0, 0xc8, 0xf8, 0xf8, 0xf8, 0xf3, 0x77, 0x6f, 0x6f, 0x7f,
    0x5f, 0x7f, 0xfd, 0xba, 0xf4, 0x68, 0xc0, 0x02, 0x1f, 0x3f, 0x1f, 0x00, 0x00, 0x00, 0x00, 0x00,
    0x00, 0x00, 0x07, 0x0e, 0x08, 0x10, 0x00, 0x01, 0x02, 0x04, 0x04, 0x0c, 0x00, 0x01, 0x00, 0x00,
    0x00, 0x01, 0x03, 0x07, 0x9b, 0x36, 0x2c, 0x09, 0x02, 0xc0, 0xf0, 0xdc, 0xe3, 0xff, 0xbf, 0x3f,
    0xe0, 0xff, 0xc0, 0xf8, 0xff, 0xcf, 0xff, 0xf8, 0x00, 0x00, 0x04, 0xe4, 0x00, 0x41, 0x64, 0x7b,
    0x3f, 0x16, 0x8a, 0xc3, 0xf0, 0xfd, 0x08, 0x00, 0x00, 0x00, 0x00, 0x00, 0x00, 0x00, 0x00, 0x00,
    0x00, 0x80, 0x00, 0x00, 0x20, 0x70, 0x70, 0x70, 0x70, 0x70, 0x70, 0x70, 0xa0, 0x80, 0x80, 0x00,
    0x80, 0x00, 0x00, 0x00, 0x00, 0x00, 0x00, 0x00, 0x00, 0x00, 0x00, 0x00, 0x00, 0x00, 0x00, 0x00,
    0xf0, 0xb0, 0xd0, 0xc9, 0x69, 0xe9, 0xe1, 0xf4, 0xf4, 0xf0, 0xf0, 0xe8, 0x78, 0x78, 0x60, 0xf3,
    0xf5, 0xc1, 0xf9, 0x60, 0x3e, 0x70, 0x34, 0x31, 0x38, 0x98, 0x58, 0x58, 0x28, 0x04, 0xb4, 0xbc,
    0xdc, 0xfc, 0xf8, 0xf8, 0xf8, 0xf8, 0xfc, 0xfc, 0x3c, 0x1c, 0x6c, 0x70, 0x30, 0x30, 0x30, 0x30,
    0x34, 0x34, 0x34, 0x3c, 0x3c, 0xbd, 0xbc, 0x88, 0x8f, 0x8f, 0x8f, 0xcd, 0x0d, 0x05, 0x8c, 0x05,
    0x0d, 0x0d, 0x0c, 0x8d, 0x1d, 0x1d, 0x1d, 0x0c, 0x1e, 0x1c, 0x0c, 0x39, 0x70, 0x7c, 0x0f, 0x3f,
    0xf2, 0x25, 0x0f, 0x9b, 0xf1, 0xb5, 0x87, 0x84, 0xc8, 0xc8, 0x10, 0x22, 0xc0, 0x20, 0x01, 0x00,
    0x00, 0x02, 0x80, 0x80, 0x02, 0x00, 0x00, 0x00, 0x00, 0x00, 0x00, 0x02, 0x03, 0x01, 0x01, 0x07,
    0x83, 0x8f, 0x07, 0x06, 0x43, 0x4f, 0x03, 0x4f, 0x02, 0x2e, 0x0c, 0x00, 0x00, 0x00, 0x00, 0x00,
    0x00, 0x00, 0x00, 0x00, 0x03, 0x03, 0x03, 0x01, 0x05, 0xe0, 0x80, 0x00, 0x10, 0x00, 0x01, 0x89,
    0x88, 0xcc, 0x44, 0x40, 0x00, 0x22, 0x00, 0x13, 0x08, 0x08, 0x04, 0x04, 0x16, 0x08, 0x02, 0x03,
    0x03, 0x01, 0x0f, 0x8b, 0xf3, 0x3d, 0x0f, 0x00, 0x00, 0x00, 0x00, 0x04, 0x00, 0x00, 0x00, 0x00,
    0x00, 0x00, 0x00, 0x00, 0x00, 0x00, 0x00, 0x00, 0x00, 0x00, 0x00, 0x20, 0x3c, 0x0f, 0x83, 0x40,
    0x3f, 0x1d, 0x1e, 0x02, 0x00, 0x00, 0x0c, 0x06, 0x00, 0x00, 0x98, 0x01, 0x00, 0x00, 0x02, 0x00,
    0x00, 0x00, 0x10, 0x04, 0x01, 0x01, 0x00, 0x00, 0x01, 0x01, 0x01, 0x01, 0x00, 0x00, 0x01, 0x00,
    0x01, 0x03, 0x03, 0x02, 0x02, 0x06, 0x02, 0x04, 0x04, 0x04, 0x00, 0x00, 0x00, 0x00, 0x00, 0x00,
    0x01, 0x1e, 0x3e, 0x58, 0x00, 0x00, 0x00, 0x00, 0x00, 0x00, 0x00, 0x00, 0x00, 0x00, 0x00, 0x00
  },
  // Frame 36
  {
    0x00, 0x00, 0x00, 0x00, 0x00, 0x00, 0x00, 0x00, 0x00, 0x00, 0x00, 0x00, 0x00, 0x00, 0x00, 0x00,
    0x00, 0x00, 0x00, 0x80, 0x80, 0x00, 0x40, 0x40, 0x00, 0x20, 0x20, 0x20, 0x10, 0x30, 0x10, 0x18,
    0x08, 0x1c, 0x14, 0x08, 0x12, 0x02, 0x01, 0x0a, 0x02, 0x00, 0x0b, 0x09, 0x09, 0x09, 0x01, 0x09,
    0x0a, 0x02, 0x85, 0x87, 0x8f, 0xc2, 0xc1, 0x43, 0x4f, 0x46, 0xc2, 0xc2, 0xc6, 0x88, 0x07, 0x07,
    0x03, 0x07, 0x05, 0x07, 0x0a, 0x0e, 0x04, 0x00, 0x02, 0x02, 0x00, 0x00, 0x00, 0x04, 0x04, 0x08,
    0x08, 0x00, 0x08, 0x00, 0x00, 0x00, 0x00, 0x00, 0x00, 0x00, 0x20, 0x80, 0xc0, 0x80, 0x00, 0x00,
    0x00, 0x00, 0x00, 0x00, 0x18, 0x00, 0x00, 0x00, 0x10, 0x00, 0x10, 0x00, 0x10, 0x10, 0x00, 0x10,
    0x00, 0x10, 0x10, 0x00, 0x00, 0x00, 0x10, 0x00, 0x00, 0x18, 0x00, 0x18, 0x00, 0x00, 0x00, 0x00,
    0x00, 0x00, 0x00, 0x00, 0x00, 0x00, 0x00, 0x00, 0x90, 0x00, 0x08, 0x00, 0x00, 0x00, 0x02, 0x00,
    0x01, 0x01, 0x00, 0x00, 0x00, 0x00, 0x00, 0x00, 0x00, 0x00, 0x00, 0x00, 0x00, 0x00, 0x00, 0x00,
    0x00, 0x00, 0x00, 0x00, 0x00, 0x00, 0x00, 0x00, 0x00, 0x00, 0x00, 0x20, 0x60, 0x42, 0xc2, 0xc6,
    0xe4, 0xe4, 0x74, 0xb4, 0x9f, 0x83, 0xf8, 0xfa, 0xf4, 0xf1, 0xe1, 0x42, 0xc4, 0xc2, 0x86, 0x5e,
    0x7a, 0x30, 0x00, 0x80, 0x80, 0x00, 0x00, 0xa0, 0x80, 0x40, 0xa0, 0x00, 0x00, 0x00, 0x00, 0x00,
    0x00, 0x00, 0x10, 0x00, 0x00, 0x08, 0x04, 0x00, 0x02, 0x00, 0x01, 0x00, 0x00, 0x01, 0x00, 0x00,
    0x00, 0x00, 0x00, 0x00, 0x00, 0x00, 0x00, 0x00, 0x00, 0x00, 0x00, 0x00, 0x00, 0x00, 0x00, 0x00,
    0x00, 0x00, 0x00, 0x00, 0x00, 0x00, 0x00, 0x00, 0x00, 0x00, 0x00, 0x00, 0x00, 0x00, 0x00, 0x00,
    0x00, 0x00, 0x00, 0x00, 0x00, 0x00, 0x00, 0x00, 0x00, 0x00, 0x00, 0x00, 0x00, 0x00, 0x00, 0x00,
    0x00, 0x00, 0x00, 0x00, 0x00, 0x00, 0x00, 0x00, 0x00, 0x00, 0x00, 0x00, 0x00, 0x00, 0x00, 0x00,
    0x00, 0x00, 0x00, 0x00, 0x00, 0x00, 0x00, 0x00, 0x00, 0x00, 0x00, 0x00, 0x20, 0x00, 0x01, 0x03,
    0x03, 0x00, 0x00, 0x20, 0x40, 0x40, 0xc0, 0xe0, 0xe1, 0xf0, 0x70, 0x30, 0x10, 0x03, 0x13, 0x01,
    0x00, 0x00, 0x00, 0x03, 0x02, 0x00, 0x02, 0x02, 0x01, 0x01, 0x00, 0x01, 0x00, 0x01, 0x00, 0x00,
    0x00, 0x00, 0x00, 0x00, 0x00, 0x00, 0x00, 0x00, 0x00, 0x00, 0x00, 0x00, 0x00, 0x00, 0x00, 0x00,
    0x00, 0x00, 0x00, 0x00, 0x00, 0x00, 0x00, 0x00, 0x00, 0x00, 0x00, 0x00, 0x00, 0x00, 0x00, 0x00,
    0x00, 0x00, 0x00, 0x00, 0x00, 0x00, 0x00, 0x00, 0x00, 0x00, 0x00, 0x00, 0x00, 0x00, 0x00, 0x00,
    0x00, 0x00, 0x00, 0x00, 0x00, 0x00, 0x00, 0x00, 0x00, 0x00, 0x00, 0x00, 0x00, 0x00, 0x00, 0x00,
    0x00, 0x00, 0x40, 0xc0, 0x00, 0xa0, 0x88, 0xf4, 0xe0, 0xc0, 0x00, 0x00, 0x00, 0x80, 0x00, 0x00,
    0x00, 0x00, 0x00, 0x00, 0x00, 0x00, 0x00, 0x00, 0x00, 0x00, 0x00, 0x00, 0x10, 0x20, 0x00, 0x20,
    0x70, 0x70, 0x98, 0xf8, 0xd8, 0x0a, 0x1c, 0x00, 0x02, 0x8c, 0xb1, 0xc2, 0x1e, 0x3a, 0xb4, 0x18,
    0x20, 0xd1, 0x20, 0x00, 0x80, 0x00, 0xc0, 0xc0, 0x00, 0x00, 0x00, 0x00, 0x00, 0x00, 0x00, 0x00,
    0x00, 0x00, 0x00, 0x00, 0x00, 0x00, 0x00, 0x00, 0x00, 0x00, 0x00, 0x00, 0x00, 0x00, 0x00, 0x00,
    0x00, 0x00, 0x00, 0x00, 0x00, 0x00, 0x00, 0x00, 0x00, 0x00, 0x00, 0x00, 0x00, 0x00, 0x00, 0x00,
    0x00, 0x00, 0x00, 0x00, 0x00, 0x00, 0x00, 0x00, 0x00, 0x00, 0x00, 0x00, 0x00, 0x00, 0x00, 0x00,
    0x00, 0x00, 0x00, 0x00, 0x80, 0x40, 0x00, 0x00, 0x00, 0x00, 0x00, 0x20, 0xf8, 0xb8, 0xf9, 0xf3,
    0xe2, 0xc2, 0x86, 0x0f, 0x1f, 0x7f, 0xff, 0xff, 0x0f, 0xff, 0xff, 0x00, 0x00, 0x00, 0x04, 0x04,
    0xb0, 0xe0, 0x80, 0x00, 0x00, 0x00, 0x80, 0x40, 0x80, 0x80, 0x80, 0x80, 0x80, 0x04, 0x1c, 0x30,
    0xe0, 0xc0, 0x80, 0x01, 0x44, 0xe0, 0xf0, 0xfc, 0xfb, 0x77, 0x0f, 0x07, 0x80, 0x80, 0xff, 0xde,
    0x78, 0x8f, 0x77, 0xf8, 0xe0, 0x87, 0x0c, 0x55, 0xcf, 0xb0, 0x00, 0x01, 0x06, 0xdc, 0x00, 0xf8,
    0xc4, 0x08, 0xf0, 0x00, 0x00, 0x00, 0x00, 0x00, 0x00, 0x00, 0x00, 0x00, 0x00, 0x00, 0x00, 0x00,
    0x00, 0x00, 0x00, 0x00, 0x00, 0x00, 0x00, 0x00, 0x00, 0x00, 0x00, 0x00, 0x00, 0x00, 0x00, 0x00,
    0x00, 0x00, 0x00, 0x00, 0x00, 0x00, 0x00, 0x00, 0x00, 0x00, 0x00, 0x00, 0x00, 0x00, 0x00, 0x00,
    0x00, 0x20, 0x00, 0x00, 0x00, 0x00, 0x80, 0x80, 0xd0, 0xf0, 0xf0, 0xf2, 0xe6, 0xef, 0xff, 0xdf,
    0xff, 0xff, 0xbd, 0xfb, 0x74, 0x78, 0xf0, 0xe1, 0x05, 0x1f, 0x0f, 0x00, 0x00, 0x00, 0x00, 0x00,
    0x00, 0x02, 0x07, 0x04, 0x00, 0x20, 0x00, 0x01, 0x01, 0x02, 0x06, 0x04, 0x01, 0x01, 0x02, 0x04,
    0x00, 0x01, 0x03, 0x07, 0x9a, 0x36, 0x3c, 0x09, 0x81, 0xc0, 0xf0, 0xde, 0xf7, 0x7f, 0x3d, 0x37,
    0x70, 0x7f, 0x00, 0x7c, 0x7f, 0x4f, 0x7a, 0x70, 0x80, 0x00, 0x84, 0x6c, 0x00, 0x40, 0x04, 0xab,
    0x3f, 0x96, 0x8b, 0x43, 0xf0, 0xfd, 0x88, 0x00, 0x00, 0x00, 0x00, 0x00, 0x00, 0x00, 0x00, 0x20,
    0x20, 0x80, 0x20, 0x40, 0x08, 0x04, 0x0e, 0x0e, 0x1e, 0x1e, 0x1e, 0x1e, 0x4c, 0x88, 0xb0, 0x20,
    0x60, 0x20, 0x48, 0x60, 0x20, 0x00, 0x60, 0x40, 0x80, 0x00, 0x80, 0x40, 0x00, 0x00, 0x00, 0x00,
    0xe0, 0xe0, 0xe0, 0xb2, 0x93, 0xd3, 0xc3, 0xc9, 0xe9, 0xe1, 0xf1, 0xf5, 0xf4, 0xd4, 0xc5, 0xcd,
    0xa5, 0xe1, 0xf2, 0xda, 0xea, 0xe8, 0x7d, 0x24, 0x35, 0x36, 0xb8, 0x18, 0x08, 0x28, 0x14, 0x04,
    0xbc, 0xdc, 0xf4, 0xf8, 0xfc, 0xfc, 0xfc, 0xfc, 0xfc, 0x3c, 0x04, 0x30, 0x38, 0x3c, 0x3c, 0x3c,
    0x1c, 0x1c, 0x1e, 0x1e, 0x1e, 0x1e, 0x1e, 0x0e, 0x44, 0x47, 0xc7, 0xc7, 0x67, 0x0f, 0xc3, 0x63,
    0x87, 0x87, 0x87, 0x0f, 0x2f, 0x0f, 0x0f, 0x0d, 0x0d, 0x0d, 0x0d, 0x06, 0x12, 0xb9, 0x3f, 0x07,
    0x3f, 0x7d, 0x33, 0x86, 0xcd, 0xbd, 0xd9, 0xe3, 0x62, 0x62, 0x44, 0x0c, 0x18, 0x10, 0x08, 0x00,
    0x88, 0x82, 0x80, 0x80, 0x80, 0x00, 0x40, 0x40, 0x60, 0x60, 0x41, 0x62, 0x40, 0x40, 0x41, 0x43,
    0x43, 0x03, 0x82, 0xa0, 0x20, 0x20, 0x20, 0x20, 0x00, 0x10, 0x10, 0x00, 0x00, 0x02, 0x00, 0x00,
    0x00, 0x01, 0x00, 0x00, 0x00, 0x01, 0x06, 0x07, 0x0b, 0x0b, 0x01, 0x81, 0x00, 0x00, 0x02, 0x02,
    0x81, 0x81, 0x09, 0x80, 0x8c, 0xc4, 0x40, 0x20, 0x20, 0x11, 0x10, 0x08, 0x04, 0x00, 0x10, 0x06,
    0x03, 0x01, 0x00, 0x0f, 0x03, 0x85, 0xfd, 0x1f, 0x00, 0x00, 0x00, 0x00, 0x00, 0x00, 0x00, 0x00,
    0x00, 0x00, 0x00, 0x00, 0x00, 0x00, 0x00, 0x00, 0x00, 0x00, 0x00, 0x20, 0x3c, 0x0f, 0x83, 0x40,
    0x3f, 0x1d, 0x1f, 0x03, 0x00, 0x00, 0x0c, 0x05, 0x00, 0x00, 0x9c, 0x00, 0x00, 0x00, 0x00, 0x01,
    0x00, 0x00, 0xe0, 0x04, 0x01, 0x01, 0x00, 0x00, 0x01, 0x01, 0x01, 0x01, 0x00, 0x01, 0x01, 0x01,
    0x01, 0x01, 0x01, 0x03, 0x03, 0x02, 0x00, 0x02, 0x02, 0x00, 0x00, 0x00, 0x00, 0x00, 0x00, 0x00,
    0x01, 0x17, 0x0f, 0x70, 0x00, 0x00, 0x00, 0x00, 0x00, 0x00, 0x00, 0x00, 0x00, 0x00, 0x00, 0x00
  },
  // Frame 37
  {
    0x00, 0x00, 0x00, 0x00, 0x00, 0x00, 0x00, 0x00, 0x00, 0x00, 0x00, 0x00, 0x00, 0x00, 0x00, 0x00,
    0x00, 0x00, 0x00, 0x80, 0x00, 0x00, 0x40, 0x00, 0x00, 0x20, 0x20, 0x10, 0x30, 0x10, 0x18, 0x18,
    0x1c, 0x14, 0x00, 0x12, 0x02, 0x01, 0x0b, 0x06, 0x00, 0x0b, 0x01, 0x09, 0x09, 0x0d, 0x09, 0x0f,
    0x02, 0x85, 0x83, 0x8f, 0xc2, 0x45, 0x47, 0x03, 0x4f, 0xc6, 0xc6, 0xc6, 0x80, 0x85, 0x05, 0x06,
    0x07, 0x05, 0x07, 0x02, 0x06, 0x06, 0x02, 0x04, 0x06, 0x04, 0x00, 0x00, 0x08, 0x00, 0x10, 0x00,
    0x00, 0x08, 0x00, 0x00, 0x20, 0x00, 0x00, 0xc0, 0x00, 0x00, 0x00, 0x40, 0x80, 0x00, 0x00, 0x00,
    0x00, 0x00, 0x00, 0x00, 0x18, 0x00, 0x00, 0x00, 0x10, 0x00, 0x10, 0x00, 0x10, 0x10, 0x00, 0x10,
    0x00, 0x10, 0x10, 0x00, 0x00, 0x00, 0x10, 0x00, 0x00, 0x18, 0x00, 0x18, 0x00, 0x00, 0x00, 0x00,
    0x00, 0x00, 0x00, 0x00, 0x00, 0x00, 0x00, 0x20, 0x00, 0x00, 0x00, 0x00, 0x00, 0x00, 0x00, 0x00,
    0x01, 0x00, 0x00, 0x00, 0x00, 0x00, 0x00, 0x00, 0x00, 0x00, 0x00, 0x00, 0x00, 0x00, 0x00, 0x00,
    0x00, 0x00, 0x00, 0x00, 0x00, 0x00, 0x00, 0x00, 0x00, 0x00, 0x30, 0x20, 0x72, 0x52, 0xc6, 0xe6,
    0xe4, 0xf4, 0x74, 0x91, 0x83, 0x1b, 0xfb, 0xfa, 0xf1, 0xf3, 0x20, 0xc2, 0xc2, 0xc6, 0xd4, 0x6a,
    0x30, 0x00, 0x80, 0x80, 0x00, 0x00, 0x80, 0x80, 0x00, 0x80, 0x00, 0x00, 0x00, 0x00, 0x00, 0x08,
    0x00, 0x00, 0x00, 0x01, 0x08, 0x00, 0x02, 0x00, 0x00, 0x00, 0x00, 0x00, 0x00, 0x00, 0x00, 0x00,
    0x00, 0x00, 0x00, 0x00, 0x00, 0x00, 0x00, 0x00, 0x00, 0x00, 0x00, 0x00, 0x00, 0x00, 0x00, 0x00,
    0x00, 0x00, 0x00, 0x00, 0x00, 0x00, 0x00, 0x00, 0x00, 0x00, 0x00, 0x00, 0x00, 0x00, 0x00, 0x00,
    0x00, 0x00, 0x00, 0x00, 0x00, 0x00, 0x00, 0x00, 0x00, 0x00, 0x00, 0x00, 0x00, 0x00, 0x00, 0x00,
    0x00, 0x00, 0x01, 0x00, 0x00, 0x00, 0x00, 0x00, 0x00, 0x00, 0x00, 0x00, 0x00, 0x20, 0x00, 0x00,
    0x00, 0x00, 0x00, 0x00, 0x00, 0x00, 0x00, 0x00, 0x00, 0x00, 0x00, 0x00, 0x00, 0x00, 0x03, 0x01,
    0x02, 0x40, 0x40, 0x00, 0x40, 0x40, 0xe0, 0xe3, 0xe0, 0x70, 0x71, 0x00, 0x02, 0x03, 0x21, 0x00,
    0x00, 0x00, 0x03, 0x02, 0x02, 0x02, 0x02, 0x00, 0x00, 0x00, 0x00, 0x00, 0x00, 0x00, 0x00, 0x00,
    0x00, 0x00, 0x00, 0x00, 0x00, 0x00, 0x00, 0x00, 0x00, 0x00, 0x00, 0x00, 0x00, 0x00, 0x00, 0x00,
    0x00, 0x00, 0x00, 0x00, 0x00, 0x00, 0x00, 0x00, 0x00, 0x00, 0x00, 0x00, 0x00, 0x00, 0x00, 0x00,
    0x00, 0x00, 0x00, 0x00, 0x00, 0x00, 0x00, 0x00, 0x00, 0x00, 0x00, 0x00, 0x00, 0x00, 0x00, 0x00,
    0x00, 0x00, 0x00, 0x00, 0x00, 0x00, 0x00, 0x00, 0x00, 0x00, 0x00, 0x00, 0x00, 0x00, 0x00, 0x00,
    0x40, 0x40, 0x80, 0x80, 0xa0, 0xc8, 0xc8, 0xe0, 0xc0, 0x00, 0x00, 0x20, 0x00, 0x00, 0x00, 0x00,
    0x00, 0x00, 0x00, 0x00, 0x00, 0x00, 0x00, 0x00, 0x00, 0x00, 0x08, 0x10, 0x08, 0x00, 0x30, 0x20,
    0x70, 0x90, 0xd8, 0xb8, 0x4a, 0x2c, 0x02, 0x00, 0x44, 0x98, 0xe1, 0x03, 0x3e, 0x38, 0x08, 0x10,
    0x81, 0x80, 0x70, 0x60, 0x80, 0x40, 0xa0, 0x80, 0x00, 0x00, 0x00, 0x00, 0x00, 0x00, 0x00, 0x00,
    0x00, 0x00, 0x00, 0x00, 0x00, 0x00, 0x00, 0x00, 0x00, 0x00, 0x00, 0x00, 0x00, 0x00, 0x00, 0x00,
    0x00, 0x00, 0x00, 0x00, 0x00, 0x00, 0x00, 0x00, 0x00, 0x00, 0x00, 0x00, 0x00, 0x00, 0x00, 0x00,
    0x00, 0x00, 0x00, 0x00, 0x00, 0x00, 0x00, 0x00, 0x00, 0x00, 0x00, 0x00, 0x00, 0x00, 0x00, 0x00,
    0x00, 0x00, 0x00, 0x00, 0x00, 0x00, 0x00, 0x00, 0x00, 0x00, 0x00, 0x70, 0xf0, 0xf0, 0xe2, 0xc2,
    0x8e, 0x8c, 0x0c, 0x1f, 0x7f, 0xbf, 0x7d, 0xf7, 0xff, 0xff, 0xfc, 0x00, 0x00, 0x01, 0x00, 0x58,
    0x60, 0xc0, 0x00, 0x00, 0x20, 0x40, 0x40, 0x00, 0x80, 0x80, 0x81, 0x02, 0x04, 0x08, 0x10, 0x70,
    0xc0, 0x80, 0x01, 0x80, 0x44, 0xe0, 0xf8, 0xf8, 0xf3, 0x67, 0x0f, 0x01, 0xc0, 0xf0, 0xff, 0xff,
    0x01, 0xff, 0x7e, 0xf0, 0xc0, 0x86, 0x3d, 0xa3, 0x1c, 0x60, 0x00, 0x00, 0x3e, 0x06, 0x00, 0xf8,
    0xc0, 0x08, 0x50, 0x00, 0x80, 0x00, 0x00, 0x00, 0x00, 0x00, 0x00, 0x00, 0x00, 0x00, 0x80, 0x00,
    0x00, 0x00, 0x00, 0x30, 0x38, 0x78, 0x78, 0xf8, 0x78, 0x70, 0xb0, 0x00, 0x00, 0x00, 0x40, 0x00,
    0x00, 0x20, 0x40, 0xd0, 0x20, 0x80, 0x00, 0x40, 0xa0, 0x80, 0x80, 0x00, 0x00, 0x00, 0x00, 0x00,
    0x00, 0x00, 0x00, 0x00, 0x00, 0x00, 0x00, 0x00, 0x20, 0x20, 0x60, 0x40, 0xcc, 0xcd, 0xd9, 0xbe,
    0xbf, 0xfd, 0x7f, 0x7a, 0xf4, 0xfc, 0xf8, 0xd0, 0x81, 0x87, 0x1f, 0xc0, 0x00, 0x00, 0x00, 0x00,
    0x01, 0x01, 0x0b, 0x0c, 0x00, 0x20, 0x00, 0x00, 0x00, 0x02, 0x02, 0x04, 0x01, 0x01, 0x02, 0x00,
    0x00, 0x01, 0x03, 0x4f, 0x9e, 0xbe, 0x9d, 0x8b, 0xc1, 0xe0, 0xe0, 0xde, 0xdf, 0xfb, 0xfe, 0xeb,
    0xfc, 0xff, 0xe0, 0xe1, 0xef, 0xee, 0x9e, 0x81, 0xc0, 0xc0, 0xdf, 0x9c, 0xb0, 0xf0, 0xa2, 0xe7,
    0xf7, 0xfe, 0x7f, 0xd2, 0xd0, 0xbf, 0x20, 0x20, 0x20, 0x70, 0x40, 0xe0, 0xad, 0x08, 0x9a, 0x12,
    0x20, 0x2a, 0x02, 0x44, 0x00, 0x04, 0x00, 0x03, 0x02, 0x08, 0x03, 0x20, 0x42, 0x02, 0xb8, 0x00,
    0x0a, 0x4a, 0x00, 0x52, 0x84, 0x84, 0x00, 0x61, 0xa8, 0x04, 0x88, 0x47, 0x43, 0x01, 0x06, 0x00,
    0x00, 0x00, 0x00, 0x80, 0xcc, 0x4c, 0x64, 0x06, 0x26, 0x86, 0x93, 0xd1, 0x51, 0x41, 0x29, 0x0b,
    0x8b, 0xcb, 0x41, 0x21, 0x91, 0x99, 0x99, 0xc8, 0x69, 0x61, 0x33, 0x98, 0x88, 0x48, 0x24, 0x14,
    0x0c, 0xdc, 0xf4, 0xf8, 0xfc, 0xfc, 0xfc, 0xfe, 0xfe, 0x7e, 0x06, 0x38, 0x3c, 0x3f, 0x1e, 0x1e,
    0x1f, 0x0f, 0x0f, 0x0f, 0x07, 0x07, 0xc7, 0xe3, 0xe2, 0xe2, 0xf1, 0xf1, 0x31, 0x01, 0xf0, 0x78,
    0x98, 0xf1, 0xf1, 0xe1, 0x41, 0x2b, 0x63, 0xe2, 0x62, 0xe0, 0x03, 0x01, 0x00, 0x01, 0x0f, 0x0f,
    0xa3, 0xa3, 0x57, 0xc4, 0xa0, 0xe9, 0xe7, 0x61, 0x60, 0x60, 0x60, 0x40, 0x01, 0x01, 0x02, 0x80,
    0x00, 0x80, 0xc0, 0x40, 0x40, 0x00, 0x41, 0x21, 0x20, 0x20, 0x20, 0x20, 0x20, 0x20, 0x20, 0x22,
    0xa2, 0x02, 0x42, 0x40, 0x01, 0x00, 0x01, 0x00, 0x00, 0x00, 0x00, 0x00, 0x00, 0x00, 0x00, 0x00,
    0x00, 0x00, 0x00, 0x03, 0x02, 0x02, 0x00, 0x01, 0x01, 0x01, 0x08, 0x04, 0x07, 0x02, 0x03, 0x01,
    0x01, 0x00, 0x01, 0x03, 0x01, 0x11, 0x00, 0x80, 0x04, 0x40, 0x22, 0x21, 0x10, 0x18, 0x0c, 0x00,
    0x0e, 0x01, 0x01, 0x00, 0x00, 0x03, 0x01, 0x05, 0xe1, 0x00, 0x00, 0x00, 0x00, 0x00, 0x00, 0x00,
    0x00, 0x00, 0x00, 0x00, 0x00, 0x00, 0x01, 0x01, 0x01, 0x01, 0x03, 0x21, 0x3c, 0x0f, 0x83, 0x40,
    0x3f, 0x1d, 0x17, 0x03, 0x00, 0x00, 0x0c, 0x01, 0x00, 0x00, 0x8e, 0x40, 0x00, 0x00, 0x00, 0x00,
    0x00, 0x00, 0x00, 0x04, 0x01, 0x00, 0x00, 0x00, 0x01, 0x01, 0x01, 0x01, 0x00, 0x01, 0x01, 0x00,
    0x01, 0x01, 0x01, 0x01, 0x00, 0x03, 0x01, 0x02, 0x00, 0x02, 0x00, 0x00, 0x00, 0x00, 0x00, 0x00,
    0x00, 0x05, 0x0f, 0x54, 0x00, 0x00, 0x00, 0x00, 0x00, 0x00, 0x00, 0x00, 0x00, 0x00, 0x00, 0x00
  },
  // Frame 38
  {
    0x00, 0x00, 0x00, 0x00, 0x00, 0x00, 0x00, 0x00, 0x00, 0x00, 0x00, 0x00, 0x00, 0x00, 0x00, 0x00,
    0x00, 0x00, 0x00, 0x80, 0x00, 0x00, 0x40, 0x00, 0x20, 0x20, 0x20, 0x10, 0x10, 0x10, 0x18, 0x18,
    0x34, 0x14, 0x00, 0x12, 0x00, 0x03, 0x0a, 0x00, 0x0b, 0x0b, 0x09, 0x0a, 0x09, 0x01, 0x0d, 0x02,
    0x85, 0x83, 0x8b, 0xcf, 0xc5, 0xc3, 0x43, 0xcf, 0xc6, 0xc6, 0xc2, 0xc6, 0x85, 0x07, 0x07, 0x03,
    0x07, 0x05, 0x06, 0x06, 0x06, 0x06, 0x06, 0x04, 0x06, 0x04, 0x00, 0x00, 0x00, 0x20, 0x08, 0x08,
    0x00, 0x00, 0x00, 0x00, 0x20, 0x00, 0x00, 0xc0, 0x00, 0x20, 0x40, 0x80, 0x00, 0x00, 0x00, 0x00,
    0x00, 0x00, 0x00, 0x00, 0x18, 0x00, 0x00, 0x00, 0x10, 0x00, 0x10, 0x00, 0x10, 0x10, 0x00, 0x10,
    0x00, 0x10, 0x10, 0x00, 0x00, 0x00, 0x10, 0x00, 0x00, 0x18, 0x00, 0x18, 0x00, 0x00, 0x00, 0x00,
    0x00, 0x00, 0x00, 0x00, 0x00, 0x00, 0x00, 0x00, 0x00, 0x08, 0x00, 0x00, 0x00, 0x02, 0x00, 0x01,
    0x00, 0x00, 0x00, 0x00, 0x00, 0x00, 0x00, 0x00, 0x00, 0x00, 0x00, 0x00, 0x00, 0x00, 0x00, 0x00,
    0x00, 0x00, 0x00, 0x00, 0x00, 0x00, 0x00, 0x00, 0x00, 0x00, 0x24, 0x60, 0x42, 0xc2, 0xc6, 0xe6,
    0xf4, 0x74, 0x34, 0x9b, 0x03, 0xfc, 0xfb, 0xf4, 0xf3, 0xe0, 0x72, 0xc2, 0xc2, 0x86, 0x74, 0x72,
    0x00, 0x80, 0x80, 0x40, 0x00, 0x00, 0xa0, 0xc0, 0x00, 0x00, 0x00, 0x00, 0x00, 0x00, 0x00, 0x00,
    0x00, 0x10, 0x00, 0x05, 0x08, 0x00, 0x02, 0x00, 0x00, 0x00, 0x00, 0x00, 0x01, 0x00, 0x00, 0x00,
    0x00, 0x00, 0x00, 0x00, 0x00, 0x00, 0x00, 0x00, 0x00, 0x00, 0x00, 0x00, 0x00, 0x00, 0x00, 0x00,
    0x00, 0x00, 0x00, 0x00, 0x00, 0x00, 0x00, 0x00, 0x00, 0x00, 0x00, 0x00, 0x00, 0x00, 0x00, 0x00,
    0x00, 0x00, 0x00, 0x00, 0x00, 0x00, 0x00, 0x00, 0x01, 0x00, 0x00, 0x00, 0x00, 0x00, 0x04, 0x00,
    0x00, 0x00, 0x00, 0x00, 0x00, 0x00, 0x00, 0x00, 0x00, 0x00, 0x00, 0x00, 0x00, 0x00, 0x00, 0x00,
    0x00, 0x00, 0x00, 0x00, 0x00, 0x00, 0x00, 0x00, 0x00, 0x00, 0x00, 0x20, 0x00, 0x01, 0x03, 0x03,
    0x00, 0x00, 0x60, 0x00, 0x40, 0x40, 0xe0, 0xe1, 0xe0, 0x70, 0x30, 0x00, 0x03, 0x03, 0x20, 0x00,
    0x00, 0x01, 0x02, 0x02, 0x00, 0x02, 0x00, 0x01, 0x01, 0x00, 0x01, 0x01, 0x00, 0x00, 0x00, 0x00,
    0x00, 0x00, 0x00, 0x00, 0x00, 0x00, 0x00, 0x00, 0x00, 0x00, 0x00, 0x00, 0x00, 0x00, 0x00, 0x00,
    0x00, 0x00, 0x00, 0x00, 0x00, 0x00, 0x00, 0x00, 0x00, 0x00, 0x00, 0x00, 0x00, 0x00, 0x00, 0x00,
    0x00, 0x00, 0x00, 0x00, 0x00, 0x00, 0x00, 0x00, 0x00, 0x00, 0x00, 0x00, 0x00, 0x00, 0x00, 0x00,
    0x00, 0x00, 0x00, 0x00, 0x00, 0x00, 0x00, 0x00, 0x00, 0x00, 0x00, 0x00, 0x00, 0x00, 0x00, 0x00,
    0x40, 0xc0, 0x00, 0x80, 0xe0, 0x48, 0xc0, 0xc0, 0x00, 0x00, 0x02, 0x00, 0x80, 0x00, 0x00, 0x00,
    0x00, 0x00, 0x00, 0x00, 0x00, 0x00, 0x00, 0x00, 0x00, 0x00, 0x00, 0x14, 0x20, 0x00, 0x20, 0x70,
    0x70, 0x98, 0xd8, 0xbc, 0x2a, 0x1c, 0x00, 0x02, 0x88, 0xb0, 0xc1, 0x0b, 0x3a, 0x3c, 0x08, 0x18,
    0xc1, 0xa0, 0x50, 0x60, 0x00, 0x40, 0x20, 0x80, 0x00, 0x00, 0x00, 0x00, 0x00, 0x00, 0x00, 0x00,
    0x00, 0x00, 0x00, 0x00, 0x00, 0x00, 0x00, 0x00, 0x00, 0x00, 0x00, 0x00, 0x00, 0x00, 0x00, 0x00,
    0x00, 0x00, 0x00, 0x00, 0x00, 0x00, 0x00, 0x00, 0x00, 0x00, 0x00, 0x00, 0x00, 0x00, 0x00, 0x00,
    0x00, 0x00, 0x00, 0x00, 0x00, 0x00, 0x00, 0x00, 0x00, 0x00, 0x00, 0x00, 0x00, 0x00, 0x00, 0x00,
    0x00, 0x00, 0x00, 0x00, 0x00, 0x00, 0x00, 0x00, 0x00, 0x00, 0x00, 0xf0, 0xf0, 0xe0, 0xc6, 0x8e,
    0x0c, 0x0c, 0x3d, 0x7f, 0x3e, 0xff, 0xff, 0xef, 0x7f, 0xff, 0xf8, 0x00, 0x00, 0x00, 0x04, 0x78,
    0xe0, 0x80, 0x00, 0x00, 0x00, 0x00, 0x40, 0x00, 0x80, 0x80, 0x80, 0x02, 0x04, 0x0c, 0x30, 0x70,
    0xc0, 0x80, 0x01, 0x00, 0x60, 0x70, 0xfc, 0xfa, 0x77, 0x2e, 0x0f, 0x00, 0xa0, 0xf8, 0xfc, 0xfe,
    0x07, 0xff, 0x7c, 0xf0, 0x41, 0x0c, 0x3b, 0xa7, 0x38, 0x60, 0x00, 0x02, 0xee, 0x02, 0x00, 0xf8,
    0x00, 0x08, 0x00, 0x00, 0x80, 0x00, 0x00, 0x00, 0x00, 0x00, 0x00, 0x00, 0x00, 0x00, 0x00, 0x00,
    0x20, 0x00, 0x00, 0x07, 0x07, 0x0f, 0x0f, 0x8f, 0x0f, 0x0e, 0x26, 0x00, 0x00, 0x00, 0x02, 0x00,
    0x00, 0x00, 0x00, 0x02, 0x00, 0x80, 0x00, 0x00, 0x00, 0x80, 0x00, 0x00, 0x00, 0x00, 0x00, 0x00,
    0x00, 0x00, 0x00, 0x00, 0x00, 0x00, 0x00, 0x00, 0x00, 0x60, 0x40, 0x40, 0xc8, 0x99, 0xbb, 0xb3,
    0x7f, 0x7f, 0x7f, 0xfe, 0xf4, 0xfc, 0xf9, 0xd2, 0xa1, 0xc7, 0x1f, 0x20, 0x00, 0x00, 0x00, 0x00,
    0x02, 0x05, 0x0e, 0x08, 0x10, 0x00, 0x00, 0x02, 0x04, 0x00, 0x0c, 0x00, 0x01, 0x00, 0x02, 0x00,
    0x01, 0x03, 0x87, 0x8f, 0x96, 0xfc, 0xdd, 0xc3, 0x40, 0x60, 0xf8, 0xff, 0xef, 0xfb, 0xff, 0xe5,
    0xaf, 0xaf, 0xf0, 0xff, 0xf7, 0xf7, 0xfe, 0xe1, 0xe0, 0xe8, 0xeb, 0xe8, 0xd8, 0xdc, 0xf3, 0xb4,
    0xd7, 0xff, 0x37, 0x68, 0x68, 0xcf, 0xc8, 0x90, 0x10, 0x14, 0x20, 0x28, 0x40, 0xe0, 0xaa, 0x00,
    0x00, 0x0a, 0x00, 0x01, 0x00, 0x00, 0x00, 0x00, 0x00, 0x00, 0x00, 0x00, 0x42, 0x00, 0x20, 0x84,
    0x88, 0x00, 0x00, 0x40, 0x00, 0x00, 0x00, 0x21, 0x20, 0x00, 0x10, 0x00, 0x08, 0x00, 0x00, 0x00,
    0x00, 0x00, 0x00, 0x00, 0x88, 0x88, 0xc8, 0x4c, 0x44, 0x24, 0x26, 0xa2, 0x93, 0xd2, 0x51, 0x01,
    0x01, 0x8d, 0xcd, 0x25, 0x15, 0x35, 0x9c, 0x8b, 0x49, 0x69, 0x33, 0x1a, 0x9d, 0x48, 0x24, 0x14,
    0x1c, 0x9c, 0xf4, 0xfc, 0xfc, 0xfc, 0xfe, 0xfe, 0x7e, 0x3e, 0x03, 0x39, 0x3e, 0x3e, 0x1f, 0x1f,
    0x0f, 0x0f, 0x0f, 0x07, 0x87, 0xc3, 0xe3, 0xe3, 0xe1, 0xf1, 0xf1, 0xf0, 0x38, 0x08, 0xf0, 0x78,
    0x98, 0xf8, 0xf8, 0xf0, 0x60, 0x21, 0x71, 0xf1, 0x71, 0xf0, 0x10, 0x00, 0x00, 0x00, 0x03, 0x27,
    0xa0, 0x89, 0x5b, 0xc2, 0xa0, 0xe0, 0xea, 0x68, 0x60, 0x60, 0xe0, 0xc0, 0xc0, 0x80, 0x00, 0x80,
    0x00, 0x80, 0xc0, 0xc0, 0x40, 0x40, 0x20, 0x20, 0x20, 0x20, 0x20, 0x20, 0x20, 0x00, 0x20, 0x20,
    0x20, 0xa0, 0x40, 0x00, 0x00, 0x00, 0x00, 0x00, 0x00, 0x00, 0x00, 0x00, 0x00, 0x00, 0x00, 0x00,
    0x00, 0x00, 0x00, 0x01, 0x01, 0x00, 0x00, 0x02, 0x02, 0x02, 0x01, 0x02, 0x04, 0x04, 0x02, 0x03,
    0x01, 0x01, 0x00, 0x02, 0x03, 0x03, 0x01, 0x10, 0x80, 0x84, 0x40, 0x01, 0x20, 0x30, 0x18, 0x04,
    0x00, 0x07, 0x01, 0x00, 0x00, 0x01, 0x03, 0x03, 0x01, 0xfe, 0x00, 0x00, 0x00, 0x00, 0x00, 0x00,
    0x00, 0x0f, 0x00, 0x00, 0x00, 0x01, 0x01, 0x01, 0x01, 0x01, 0x03, 0x21, 0x3c, 0x0f, 0x83, 0x40,
    0x3f, 0x1d, 0x17, 0x02, 0x00, 0x00, 0x08, 0x01, 0x00, 0x00, 0x8e, 0x60, 0x00, 0x00, 0x00, 0x02,
    0x00, 0x00, 0x00, 0x08, 0x01, 0x00, 0x00, 0x00, 0x00, 0x00, 0x01, 0x00, 0x40, 0x01, 0x00, 0x00,
    0x00, 0x01, 0x01, 0x01, 0x00, 0x01, 0x01, 0x03, 0x00, 0x02, 0x00, 0x00, 0x00, 0x00, 0x00, 0x00,
    0x00, 0x04, 0x0b, 0x56, 0x28, 0x00, 0x00, 0x00, 0x00, 0x00, 0x00, 0x00, 0x00, 0x00, 0x00, 0x00
  },
  // Frame 39
  {
    0x00, 0x00, 0x00, 0x00, 0x00, 0x00, 0x00, 0x00, 0x00, 0x00, 0x00, 0x00, 0x00, 0x00, 0x00, 0x00,
    0x00, 0x00, 0x80, 0x00, 0x00, 0x40, 0x00, 0x20, 0x20, 0x20, 0x30, 0x10, 0x10, 0x18, 0x18, 0x3c,
    0x04, 0x10, 0x10, 0x01, 0x0b, 0x06, 0x00, 0x0b, 0x01, 0x09, 0x09, 0x01, 0x0d, 0x0f, 0x02, 0x85,
    0x83, 0x8b, 0xc2, 0xc5, 0x47, 0x43, 0xc7, 0xc7, 0xc6, 0xc6, 0x83, 0x85, 0x05, 0x07, 0x03, 0x03,
    0x07, 0x03, 0x02, 0x06, 0x04, 0x02, 0x00, 0x06, 0x02, 0x00, 0x04, 0x00, 0x00, 0x00, 0x00, 0x00,
    0x00, 0x00, 0x00, 0x20, 0x00, 0x00, 0x80, 0x00, 0x00, 0x60, 0x00, 0x00, 0x00, 0x00, 0x00, 0x00,
    0x00, 0x00, 0x00, 0x00, 0x18, 0x00, 0x00, 0x00, 0x10, 0x00, 0x10, 0x00, 0x10, 0x10, 0x00, 0x10,
    0x00, 0x00, 0x10, 0x00, 0x00, 0x00, 0x10, 0x00, 0x00, 0x18, 0x00, 0x18, 0x00, 0x00, 0x00, 0x00,
    0x00, 0x00, 0x00, 0x00, 0x00, 0x00, 0x00, 0x00, 0x00, 0x00, 0x00, 0x00, 0x02, 0x00, 0x00, 0x00,
    0x00, 0x00, 0x00, 0x00, 0x00, 0x00, 0x00, 0x00, 0x00, 0x00, 0x00, 0x00, 0x00, 0x00, 0x00, 0x00,
    0x00, 0x00, 0x00, 0x00, 0x00, 0x00, 0x00, 0x00, 0x00, 0x24, 0x20, 0x42, 0xc2, 0xc6, 0xe6, 0xf6,
    0x74, 0x34, 0x9f, 0x83, 0xfe, 0xfb, 0xf4, 0xf3, 0xe2, 0x60, 0xd2, 0xc2, 0xd2, 0x74, 0x52, 0x30,
    0x80, 0x80, 0x00, 0x80, 0x00, 0x00, 0x00, 0x40, 0x00, 0x00, 0x00, 0x20, 0x00, 0x00, 0x00, 0x10,
    0x08, 0x00, 0x00, 0x00, 0x00, 0x00, 0x00, 0x00, 0x00, 0x00, 0x00, 0x00, 0x00, 0x00, 0x00, 0x00,
    0x00, 0x00, 0x00, 0x00, 0x00, 0x00, 0x00, 0x00, 0x00, 0x00, 0x00, 0x00, 0x00, 0x00, 0x00, 0x00,
    0x00, 0x00, 0x00, 0x00, 0x00, 0x00, 0x00, 0x00, 0x00, 0x00, 0x00, 0x00, 0x00, 0x00, 0x00, 0x00,
    0x00, 0x00, 0x00, 0x00, 0x00, 0x00, 0x00, 0x00, 0x00, 0x00, 0x00, 0x00, 0x00, 0x04, 0x00, 0x00,
    0x00, 0x00, 0x00, 0x00, 0x00, 0x00, 0x00, 0x00, 0x00, 0x00, 0x00, 0x00, 0x00, 0x00, 0x00, 0x00,
    0x00, 0x00, 0x00, 0x00, 0x00, 0x00, 0x00, 0x00, 0x00, 0x00, 0x00, 0x00, 0x01, 0x03, 0x01, 0x00,
    0x40, 0x40, 0x00, 0x40, 0x60, 0xe0, 0xe1, 0xe8, 0x71, 0x31, 0x00, 0x03, 0x03, 0x01, 0x00, 0x80,
    0x00, 0x02, 0x02, 0x02, 0x00, 0x00, 0x00, 0x00, 0x00, 0x01, 0x00, 0x00, 0x00, 0x00, 0x00, 0x00,
    0x00, 0x00, 0x00, 0x00, 0x00, 0x00, 0x00, 0x00, 0x00, 0x00, 0x00, 0x00, 0x00, 0x00, 0x00, 0x00,
    0x00, 0x00, 0x00, 0x00, 0x00, 0x00, 0x00, 0x00, 0x00, 0x00, 0x00, 0x00, 0x00, 0x00, 0x00, 0x00,
    0x00, 0x00, 0x00, 0x00, 0x00, 0x00, 0x00, 0x00, 0x00, 0x00, 0x00, 0x00, 0x00, 0x00, 0x00, 0x00,
    0x00, 0x00, 0x00, 0x00, 0x00, 0x00, 0x00, 0x00, 0x00, 0x00, 0x00, 0x00, 0x00, 0x00, 0x00, 0x40,
    0x80, 0x00, 0x00, 0x60, 0x48, 0xc0, 0xc0, 0x00, 0x00, 0x00, 0x00, 0x00, 0x00, 0x00, 0x00, 0x00,
    0x00, 0x00, 0x00, 0x00, 0x00, 0x00, 0x00, 0x00, 0x00, 0x08, 0x10, 0x08, 0x00, 0x30, 0x20, 0x70,
    0x94, 0x98, 0xb8, 0x5a, 0x1c, 0x02, 0x00, 0x04, 0xb0, 0xe1, 0x82, 0x1e, 0x2c, 0xd0, 0x10, 0x00,
    0x80, 0x20, 0x50, 0xa0, 0x00, 0x40, 0xc0, 0x00, 0x00, 0x00, 0x00, 0x00, 0x00, 0x00, 0x00, 0x00,
    0x00, 0x00, 0x00, 0x00, 0x00, 0x00, 0x00, 0x00, 0x00, 0x00, 0x00, 0x00, 0x00, 0x00, 0x00, 0x00,
    0x00, 0x00, 0x70, 0x30, 0x78, 0x78, 0x70, 0x70, 0x60, 0x20, 0x00, 0x40, 0x80, 0x00, 0x80, 0x00,
    0x00, 0x00, 0x00, 0x00, 0x00, 0x00, 0x00, 0x00, 0x00, 0x00, 0x00, 0x00, 0x00, 0x00, 0x00, 0x00,
    0x00, 0x00, 0x00, 0x00, 0x00, 0x00, 0x00, 0x00, 0x00, 0x00, 0x00, 0xe0, 0xc0, 0xc4, 0x8c, 0x0c,
    0x1c, 0x1d, 0x7f, 0x3e, 0x7d, 0xfe, 0xf7, 0xbf, 0xff, 0xfc, 0xe0, 0x00, 0x00, 0x00, 0x08, 0x70,
    0xc0, 0x00, 0x00, 0x20, 0x40, 0x80, 0x40, 0x80, 0x80, 0x81, 0x00, 0x00, 0x08, 0x10, 0x30, 0xc8,
    0x80, 0x80, 0x00, 0x44, 0xe0, 0xf8, 0xf9, 0xf3, 0x67, 0x0f, 0x03, 0xc0, 0xe8, 0xff, 0xcf, 0x30,
    0xff, 0x77, 0xf8, 0xe0, 0x85, 0x0c, 0x71, 0x4f, 0xb0, 0xc0, 0x00, 0x02, 0xda, 0x00, 0xfc, 0x30,
    0x00, 0xf8, 0x40, 0x00, 0x80, 0x00, 0x00, 0x00, 0x00, 0x00, 0x20, 0x00, 0x40, 0x20, 0x00, 0x88,
    0x11, 0x80, 0x00, 0x23, 0x06, 0x23, 0x02, 0xcc, 0x00, 0x44, 0x20, 0x00, 0x40, 0x00, 0x00, 0x83,
    0x00, 0x03, 0x00, 0x03, 0x8c, 0x02, 0x84, 0x00, 0xb0, 0x0c, 0x00, 0x02, 0x00, 0x00, 0x00, 0x00,
    0x00, 0x00, 0x00, 0x00, 0x00, 0x00, 0x00, 0x00, 0x00, 0x00, 0xc0, 0x80, 0x91, 0x33, 0x33, 0x77,
    0x67, 0xee, 0xfe, 0xf4, 0xfc, 0xe8, 0xf0, 0xe3, 0x87, 0xc3, 0x9f, 0x20, 0x80, 0x00, 0x00, 0x01,
    0x03, 0x07, 0x04, 0x00, 0x20, 0x00, 0x00, 0x00, 0x02, 0x06, 0x0c, 0x11, 0x01, 0x02, 0x04, 0x00,
    0x01, 0x83, 0x87, 0x8a, 0xfe, 0xec, 0x88, 0x61, 0x60, 0xc0, 0xfe, 0xf7, 0xbf, 0x75, 0x77, 0x78,
    0x7f, 0x38, 0x58, 0x0b, 0x7f, 0x7d, 0x78, 0x50, 0x7c, 0x74, 0x74, 0x44, 0x42, 0x5e, 0xdf, 0x62,
    0xee, 0xd9, 0x95, 0x34, 0x24, 0x67, 0x44, 0x0c, 0x0c, 0x08, 0x18, 0x14, 0x08, 0x20, 0x00, 0x04,
    0x01, 0x04, 0x00, 0x01, 0x00, 0x03, 0x00, 0x00, 0x00, 0x00, 0x00, 0x23, 0x20, 0x00, 0x00, 0x10,
    0x00, 0x00, 0x00, 0x04, 0x00, 0x00, 0x04, 0x00, 0x02, 0x00, 0x01, 0x00, 0x00, 0x00, 0x00, 0x00,
    0x00, 0x00, 0x00, 0x00, 0x00, 0x10, 0x10, 0x08, 0x88, 0x40, 0x44, 0x04, 0x20, 0x20, 0x23, 0x13,
    0x17, 0x17, 0x87, 0x46, 0x67, 0x33, 0x03, 0x99, 0xc9, 0x6b, 0x3b, 0x16, 0x8c, 0x4b, 0x20, 0x0c,
    0x1c, 0xec, 0xf8, 0xfc, 0xfc, 0xfc, 0xfe, 0xfe, 0x96, 0x07, 0x38, 0x1e, 0x3d, 0x3f, 0x1f, 0x1f,
    0x0f, 0x0f, 0x07, 0x07, 0x83, 0xc3, 0xe3, 0xe1, 0xf1, 0xf0, 0xf8, 0xf8, 0x1c, 0x84, 0xfc, 0x3c,
    0xcc, 0xfc, 0xfc, 0xf8, 0x70, 0x30, 0x70, 0xf8, 0x78, 0xe0, 0x00, 0x00, 0x00, 0x01, 0x03, 0x23,
    0x88, 0xd8, 0xc5, 0xb4, 0xf4, 0xf0, 0xfb, 0x59, 0x58, 0xc0, 0xc0, 0xc0, 0xc0, 0x00, 0x80, 0x80,
    0x00, 0xc0, 0xc0, 0xc0, 0x00, 0x20, 0x20, 0x20, 0x20, 0x20, 0x20, 0x00, 0x10, 0x10, 0x10, 0x20,
    0x20, 0xa0, 0x20, 0x40, 0x40, 0x00, 0x00, 0x00, 0x00, 0x00, 0x00, 0x00, 0x00, 0x00, 0x00, 0x00,
    0x00, 0x00, 0x00, 0x00, 0x04, 0x03, 0x01, 0x00, 0x04, 0x00, 0x00, 0x00, 0x00, 0x00, 0x00, 0x04,
    0x02, 0x01, 0x00, 0x00, 0x06, 0x02, 0x21, 0x11, 0x18, 0x08, 0x04, 0x00, 0x00, 0x30, 0x18, 0x0c,
    0x00, 0x07, 0x00, 0x00, 0x00, 0x03, 0x03, 0x01, 0x03, 0x48, 0xc0, 0x00, 0x00, 0x00, 0x00, 0x00,
    0x00, 0x00, 0x0c, 0x02, 0x00, 0x01, 0x01, 0x01, 0x01, 0x01, 0x03, 0x30, 0x3e, 0x0f, 0x83, 0x40,
    0x3f, 0x1c, 0x17, 0x02, 0x00, 0x00, 0x08, 0x01, 0x00, 0x00, 0x8f, 0x60, 0x00, 0x00, 0x00, 0x01,
    0x00, 0x00, 0x00, 0x08, 0x00, 0x00, 0x00, 0x02, 0x00, 0x00, 0x00, 0x00, 0x40, 0x00, 0x00, 0x00,
    0x00, 0x00, 0x01, 0x01, 0x00, 0x00, 0x01, 0x01, 0x01, 0x02, 0x00, 0x00, 0x00, 0x00, 0x00, 0x00,
    0x00, 0x01, 0x07, 0x58, 0x20, 0x00, 0x00, 0x00, 0x00, 0x00, 0x00, 0x00, 0x00, 0x00, 0x00, 0x00
  },
  // Frame 40
  {
    0x00, 0x00, 0x00, 0x00, 0x00, 0x00, 0x00, 0x00, 0x00, 0x00, 0x00, 0x00, 0x00, 0x00, 0x00, 0x00,
    0x00, 0x00, 0x00, 0x00, 0x40, 0x40, 0x00, 0x20, 0x20, 0x00, 0x10, 0x10, 0x18, 0x18, 0x3c, 0x14,
    0x00, 0x12, 0x04, 0x03, 0x06, 0x12, 0x08, 0x03, 0x09, 0x09, 0x09, 0x05, 0x0e, 0x08, 0x01, 0x83,
    0x8b, 0xc3, 0xc5, 0xc7, 0x43, 0x07, 0xc7, 0xc6, 0xc6, 0x82, 0x87, 0x07, 0x07, 0x03, 0x03, 0x01,
    0x02, 0x07, 0x02, 0x03, 0x00, 0x02, 0x04, 0x02, 0x04, 0x00, 0x00, 0x00, 0x00, 0x00, 0x00, 0x00,
    0x00, 0x00, 0x00, 0x20, 0x00, 0x00, 0x80, 0x00, 0x00, 0x40, 0x00, 0x00, 0x00, 0x00, 0x00, 0x00,
    0x00, 0x00, 0x00, 0x00, 0x18, 0x00, 0x00, 0x00, 0x10, 0x00, 0x10, 0x00, 0x10, 0x10, 0x00, 0x10,
    0x00, 0x10, 0x10, 0x00, 0x00, 0x00, 0x10, 0x00, 0x00, 0x18, 0x00, 0x18, 0x00, 0x00, 0x00, 0x00,
    0x00, 0x00, 0x00, 0x00, 0x00, 0x40, 0x00, 0x00, 0x00, 0x00, 0x00, 0x08, 0x00, 0x00, 0x01, 0x00,
    0x00, 0x00, 0x00, 0x00, 0x00, 0x00, 0x00, 0x00, 0x00, 0x00, 0x00, 0x00, 0x00, 0x00, 0x00, 0x00,
    0x00, 0x00, 0x00, 0x00, 0x00, 0x00, 0x00, 0x00, 0x30, 0x60, 0x72, 0x52, 0xc6, 0xc6, 0xe6, 0xfe,
    0x74, 0x35, 0x9b, 0x19, 0xfb, 0xfb, 0xf9, 0xf2, 0xe0, 0x72, 0xd2, 0xd2, 0xf6, 0x64, 0x30, 0x00,
    0x00, 0x00, 0x40, 0xa0, 0x40, 0x00, 0x00, 0x40, 0x00, 0x00, 0x00, 0x20, 0x00, 0x00, 0x04, 0x10,
    0x08, 0x00, 0x00, 0x00, 0x00, 0x00, 0x10, 0x00, 0x00, 0x00, 0x00, 0x00, 0x00, 0x00, 0x00, 0x00,
    0x00, 0x00, 0x00, 0x00, 0x00, 0x00, 0x00, 0x00, 0x00, 0x00, 0x00, 0x00, 0x00, 0x00, 0x00, 0x00,
    0x00, 0x00, 0x00, 0x00, 0x00, 0x00, 0x00, 0x00, 0x00, 0x00, 0x00, 0x00, 0x00, 0x00, 0x00, 0x00,
    0x00, 0x00, 0x00, 0x00, 0x00, 0x00, 0x00, 0x00, 0x00, 0x00, 0x00, 0x00, 0x00, 0x00, 0x00, 0x00,
    0x00, 0x03, 0x00, 0x00, 0x00, 0x00, 0x00, 0x00, 0x00, 0x00, 0x00, 0x00, 0x00, 0x00, 0x00, 0x00,
    0x00, 0x00, 0x00, 0x00, 0x00, 0x00, 0x00, 0x00, 0x00, 0x00, 0x20, 0x00, 0x03, 0x03, 0x03, 0x00,
    0x00, 0x60, 0x40, 0x40, 0x60, 0xe0, 0xe1, 0xf8, 0x71, 0x30, 0x00, 0x03, 0x13, 0x28, 0x00, 0x00,
    0x00, 0x02, 0x02, 0x02, 0x00, 0x00, 0x01, 0x00, 0x01, 0x00, 0x00, 0x00, 0x00, 0x00, 0x00, 0x00,
    0x00, 0x00, 0x00, 0x00, 0x00, 0x00, 0x00, 0x00, 0x00, 0x00, 0x00, 0x00, 0x00, 0x00, 0x00, 0x00,
    0x00, 0x00, 0x00, 0x00, 0x00, 0x00, 0x00, 0x00, 0x00, 0x00, 0x00, 0x00, 0x00, 0x00, 0x00, 0x00,
    0x00, 0x00, 0x00, 0x00, 0x00, 0x00, 0x00, 0x00, 0x00, 0x00, 0x00, 0x00, 0x00, 0x00, 0x00, 0x00,
    0x00, 0x00, 0x00, 0x00, 0x00, 0x00, 0x00, 0x00, 0x00, 0x00, 0x00, 0x00, 0x00, 0x00, 0x00, 0xc0,
    0x00, 0x80, 0xa0, 0xc0, 0xc8, 0xc0, 0xc0, 0x80, 0x00, 0x00, 0x00, 0x80, 0x00, 0x00, 0x00, 0x00,
    0x00, 0x00, 0x00, 0x00, 0x00, 0x00, 0x00, 0x00, 0x00, 0x00, 0x10, 0x20, 0x00, 0x20, 0x70, 0x70,
    0x18, 0xd8, 0xbc, 0x0a, 0x1c, 0x00, 0x02, 0x4c, 0xb1, 0xe1, 0x0b, 0x1e, 0x3c, 0x08, 0x10, 0xe1,
    0x80, 0x20, 0x40, 0x80, 0x00, 0xc0, 0xc0, 0x00, 0x00, 0x00, 0x00, 0x00, 0x00, 0x00, 0x00, 0x00,
    0x00, 0x00, 0x00, 0x00, 0x00, 0x00, 0x00, 0x00, 0x00, 0x00, 0x00, 0x00, 0x00, 0x00, 0x00, 0x00,
    0x20, 0x08, 0x1c, 0x1c, 0x3c, 0x3c, 0x3c, 0x18, 0x20, 0x00, 0x00, 0x40, 0x80, 0x00, 0x80, 0x00,
    0x00, 0x00, 0x00, 0x00, 0x00, 0x00, 0x00, 0x00, 0x00, 0x00, 0x00, 0x00, 0x00, 0x00, 0x00, 0x00,
    0x00, 0x00, 0x00, 0x00, 0x00, 0x00, 0x00, 0x00, 0x00, 0x00, 0xc0, 0xc0, 0xc0, 0x80, 0x0c, 0x0c,
    0x19, 0x3f, 0x3e, 0xff, 0xfe, 0xfb, 0xef, 0xff, 0xfe, 0xf8, 0x00, 0x00, 0x00, 0x04, 0x58, 0xe0,
    0x80, 0x00, 0x00, 0x00, 0x00, 0x40, 0x00, 0x80, 0x80, 0x80, 0x02, 0x04, 0x0c, 0x30, 0x70, 0xc0,
    0x80, 0x01, 0x80, 0x44, 0x70, 0xf8, 0xf8, 0xf3, 0x26, 0x0f, 0x00, 0xc0, 0xfc, 0xff, 0xf7, 0x00,
    0xff, 0x7e, 0xf8, 0xa0, 0x84, 0x04, 0x55, 0xcf, 0xb0, 0xc0, 0x01, 0x06, 0xd2, 0x00, 0xfc, 0x00,
    0x00, 0xf8, 0xc0, 0x00, 0x80, 0x00, 0x00, 0x00, 0x00, 0x00, 0x00, 0x00, 0x44, 0x20, 0x01, 0x88,
    0x00, 0x80, 0x00, 0x23, 0x06, 0x23, 0x00, 0x08, 0x00, 0x4c, 0x20, 0x00, 0x40, 0x00, 0x00, 0xc3,
    0x00, 0x03, 0x00, 0x02, 0x8c, 0x02, 0x04, 0x00, 0x30, 0x88, 0x00, 0x00, 0x00, 0x00, 0x00, 0x00,
    0x00, 0x00, 0x00, 0x00, 0x00, 0x00, 0x00, 0x00, 0x00, 0x00, 0x80, 0x89, 0x11, 0x33, 0x73, 0x67,
    0xee, 0xea, 0xfc, 0xfc, 0xf8, 0xf9, 0xd3, 0xe1, 0xc6, 0x0b, 0x14, 0x60, 0x80, 0x00, 0x00, 0x01,
    0x01, 0x0a, 0x08, 0x10, 0x00, 0x00, 0x00, 0x00, 0x00, 0x02, 0x04, 0x11, 0x00, 0x02, 0x04, 0x00,
    0x01, 0x83, 0xcf, 0x9e, 0xfe, 0xdd, 0xeb, 0x61, 0xc0, 0xf0, 0xfa, 0xbf, 0x33, 0x77, 0x7f, 0x78,
    0x7f, 0x18, 0x18, 0x4b, 0x5f, 0x7b, 0x54, 0x14, 0x34, 0x24, 0x74, 0x42, 0x5e, 0xd6, 0x63, 0xee,
    0xda, 0x99, 0x35, 0x34, 0x64, 0x65, 0xc4, 0x0c, 0x08, 0x0c, 0x10, 0x38, 0x28, 0x02, 0x00, 0x04,
    0x01, 0x04, 0x00, 0x01, 0x00, 0x01, 0x00, 0x30, 0x20, 0x30, 0x20, 0x02, 0x00, 0x10, 0x00, 0x00,
    0x00, 0x0a, 0x00, 0x04, 0x04, 0x00, 0x00, 0x00, 0x00, 0x00, 0x00, 0x00, 0x00, 0x00, 0x00, 0x00,
    0x00, 0x00, 0x00, 0x00, 0x20, 0x10, 0x10, 0x08, 0x88, 0x40, 0x44, 0x44, 0x21, 0x25, 0x23, 0x03,
    0x13, 0x12, 0x82, 0x43, 0x2b, 0x3b, 0x01, 0x91, 0x47, 0x6b, 0x33, 0x14, 0x0c, 0x0a, 0x10, 0x1c,
    0xcc, 0xf4, 0xfc, 0xfc, 0xfc, 0xfc, 0xfe, 0xee, 0x02, 0x33, 0x3d, 0x1e, 0x3f, 0x0f, 0x1f, 0x1f,
    0x0f, 0x0f, 0x07, 0x07, 0xc3, 0xe3, 0xe1, 0xf1, 0xf0, 0xf0, 0xf8, 0xf8, 0x1c, 0x80, 0xfc, 0x3c,
    0xcc, 0xfc, 0xf8, 0xf4, 0x70, 0x30, 0x78, 0xf8, 0x78, 0xe0, 0x00, 0x00, 0x01, 0x01, 0x03, 0x06,
    0x98, 0xd1, 0x54, 0xb4, 0xf1, 0xf1, 0x7b, 0x59, 0x58, 0xd0, 0xa0, 0x80, 0xc0, 0x00, 0x80, 0x80,
    0xc0, 0xc0, 0xc0, 0xc0, 0x60, 0x20, 0x20, 0x20, 0x40, 0x20, 0x00, 0x00, 0x10, 0x10, 0x10, 0x00,
    0x20, 0xa0, 0x20, 0x40, 0x40, 0x00, 0x00, 0x00, 0x00, 0x00, 0x00, 0x00, 0x00, 0x00, 0x00, 0x00,
    0x00, 0x00, 0x00, 0x00, 0x0a, 0x08, 0x01, 0x00, 0x04, 0x00, 0x00, 0x00, 0x00, 0x08, 0x04, 0x02,
    0x03, 0x01, 0x00, 0x00, 0x04, 0x03, 0x21, 0x10, 0x18, 0x04, 0x02, 0x01, 0x00, 0x30, 0x1c, 0x00,
    0x07, 0x01, 0x01, 0x00, 0x01, 0x03, 0x03, 0x01, 0x48, 0xe0, 0x00, 0x00, 0x00, 0x00, 0x00, 0x00,
    0x00, 0x01, 0x30, 0x03, 0x00, 0x01, 0x01, 0x01, 0x01, 0x01, 0x03, 0x30, 0x3e, 0x0f, 0x83, 0x40,
    0x3f, 0x1c, 0x17, 0x02, 0x00, 0x00, 0x08, 0x01, 0x00, 0x00, 0x8f, 0x70, 0x00, 0x00, 0x00, 0x00,
    0x00, 0x00, 0x00, 0x0c, 0x00, 0x00, 0x00, 0x02, 0x00, 0x00, 0x00, 0x00, 0x40, 0x00, 0x00, 0x00,
    0x00, 0x00, 0x00, 0x01, 0x01, 0x01, 0x01, 0x01, 0x01, 0x02, 0x00, 0x00, 0x00, 0x00, 0x00, 0x00,
    0x00, 0x01, 0x07, 0x08, 0x20, 0x00, 0x00, 0x00, 0x00, 0x00, 0x00, 0x00, 0x00, 0x00, 0x00, 0x00
  },
  // Frame 41
  {
    0x00, 0x00, 0x00, 0x00, 0x00, 0x00, 0x00, 0x00, 0x00, 0x00, 0x00, 0x00, 0x00, 0x00, 0x00, 0x00,
    0x00, 0x80, 0x00, 0x00, 0x40, 0x40, 0x20, 0x20, 0x20, 0x30, 0x10, 0x18, 0x28, 0x18, 0x14, 0x10,
    0x10, 0x00, 0x01, 0x0f, 0x10, 0x00, 0x03, 0x09, 0x09, 0x01, 0x09, 0x08, 0x00, 0x01, 0x83, 0x8f,
    0xc2, 0xcd, 0xc7, 0x43, 0x07, 0xc7, 0x46, 0x86, 0x83, 0x84, 0x87, 0x03, 0x03, 0x01, 0x01, 0x03,
    0x01, 0x01, 0x03, 0x01, 0x02, 0x06, 0x00, 0x02, 0x00, 0x00, 0x00, 0x04, 0x00, 0x00, 0x00, 0x00,
    0x00, 0x00, 0x00, 0x20, 0x40, 0x00, 0x90, 0x00, 0x60, 0x00, 0x00, 0x00, 0x00, 0x00, 0x00, 0x00,
    0x00, 0x00, 0x00, 0x00, 0x18, 0x00, 0x00, 0x00, 0x10, 0x00, 0x10, 0x00, 0x10, 0x10, 0x00, 0x10,
    0x00, 0x10, 0x10, 0x00, 0x00, 0x00, 0x10, 0x00, 0x00, 0x18, 0x00, 0x18, 0x00, 0x00, 0x00, 0x00,
    0x00, 0x00, 0x00, 0x00, 0x40, 0x20, 0x00, 0x00, 0x00, 0x04, 0x00, 0x02, 0x00, 0x00, 0x01, 0x00,
    0x00, 0x00, 0x00, 0x00, 0x00, 0x00, 0x00, 0x00, 0x00, 0x00, 0x00, 0x00, 0x00, 0x00, 0x00, 0x00,
    0x00, 0x00, 0x00, 0x00, 0x00, 0x00, 0x00, 0x00, 0x60, 0x60, 0x42, 0xc6, 0xc6, 0xe6, 0xf6, 0x74,
    0x35, 0x9b, 0x83, 0xff, 0xfb, 0xf2, 0xf2, 0xe2, 0x60, 0x52, 0x56, 0xf2, 0x6c, 0x3c, 0x30, 0x00,
    0x00, 0x20, 0xc0, 0xa0, 0x40, 0x40, 0x00, 0x40, 0x00, 0x00, 0x00, 0x20, 0x00, 0x04, 0x00, 0x00,
    0x08, 0x00, 0x04, 0x00, 0x00, 0x01, 0x00, 0x00, 0x00, 0x00, 0x01, 0x00, 0x00, 0x00, 0x00, 0x00,
    0x00, 0x00, 0x00, 0x00, 0x00, 0x00, 0x00, 0x00, 0x00, 0x00, 0x00, 0x00, 0x00, 0x00, 0x00, 0x00,
    0x00, 0x00, 0x00, 0x00, 0x00, 0x00, 0x00, 0x00, 0x00, 0x00, 0x00, 0x00, 0x00, 0x00, 0x00, 0x00,
    0x00, 0x00, 0x00, 0x00, 0x00, 0x00, 0x00, 0x00, 0x00, 0x00, 0x00, 0x00, 0x00, 0x00, 0x00, 0x00,
    0x00, 0x00, 0x00, 0x00, 0x00, 0x00, 0x00, 0x00, 0x00, 0x00, 0x00, 0x00, 0x00, 0x00, 0x00, 0x00,
    0x00, 0x00, 0x00, 0x00, 0x00, 0x00, 0x00, 0x00, 0x00, 0x40, 0x00, 0x01, 0x03, 0x01, 0x00, 0x40,
    0x40, 0x00, 0x40, 0x60, 0xe0, 0xe1, 0xe8, 0x70, 0x31, 0x10, 0x00, 0x03, 0x00, 0x00, 0x80, 0x00,
    0x00, 0x02, 0x02, 0x00, 0x00, 0x00, 0x01, 0x01, 0x00, 0x00, 0x00, 0x00, 0x00, 0x00, 0x00, 0x00,
    0x00, 0x00, 0x00, 0x00, 0x00, 0x00, 0x00, 0x00, 0x00, 0x00, 0x00, 0x00, 0x00, 0x00, 0x00, 0x00,
    0x00, 0x00, 0x00, 0x00, 0x00, 0x00, 0x00, 0x00, 0x00, 0x00, 0x00, 0x00, 0x00, 0x00, 0x00, 0x00,
    0x00, 0x00, 0x00, 0x00, 0x00, 0x00, 0x00, 0x00, 0x00, 0x00, 0x00, 0x00, 0x00, 0x00, 0x00, 0x00,
    0x00, 0x00, 0x00, 0x00, 0x00, 0x00, 0x00, 0x00, 0x00, 0x00, 0x00, 0x00, 0x00, 0x00, 0x80, 0x00,
    0x80, 0x80, 0x40, 0xc8, 0x80, 0xd0, 0x80, 0x00, 0x00, 0x20, 0x40, 0x00, 0x00, 0x00, 0x00, 0x00,
    0x00, 0x00, 0x00, 0x00, 0x00, 0x00, 0x00, 0x00, 0x00, 0x10, 0x00, 0x00, 0x30, 0x20, 0x70, 0xb0,
    0x98, 0xf8, 0xd8, 0x2c, 0x02, 0x00, 0x02, 0x98, 0xa1, 0xc2, 0x0b, 0x3a, 0x9c, 0x08, 0x18, 0xc8,
    0x20, 0x20, 0x40, 0x80, 0x40, 0xe0, 0xc0, 0x00, 0x00, 0x00, 0x00, 0x00, 0x00, 0x00, 0x00, 0x00,
    0x00, 0x00, 0x00, 0x00, 0x00, 0x00, 0x00, 0x00, 0x00, 0x00, 0x00, 0x00, 0x00, 0x00, 0x00, 0x08,
    0x14, 0x0e, 0x0e, 0x0e, 0x0e, 0x0e, 0x0c, 0x04, 0x00, 0x00, 0x00, 0x40, 0x00, 0x00, 0x80, 0x00,
    0x00, 0x00, 0x00, 0x00, 0x00, 0x00, 0x00, 0x00, 0x00, 0x00, 0x00, 0x00, 0x00, 0x00, 0x00, 0x00,
    0x00, 0x00, 0x00, 0x00, 0x00, 0x00, 0x00, 0x00, 0x00, 0x40, 0xc0, 0x80, 0x00, 0x0c, 0x1c, 0x19,
    0x7b, 0x7e, 0x7f, 0xff, 0xff, 0xff, 0xbe, 0xfe, 0xf8, 0xe0, 0x00, 0x00, 0x08, 0x08, 0x70, 0xc0,
    0x00, 0x00, 0x00, 0x40, 0xc0, 0x40, 0x80, 0x80, 0x80, 0x88, 0x80, 0x08, 0x10, 0x30, 0x60, 0x90,
    0x80, 0x01, 0x44, 0xe0, 0xf0, 0x7c, 0xfb, 0x77, 0x0f, 0x07, 0x00, 0x80, 0xff, 0xfc, 0xfe, 0x03,
    0x7f, 0x7e, 0xf0, 0xc1, 0x88, 0x1d, 0xf3, 0x0e, 0x30, 0x80, 0x01, 0x06, 0xd2, 0x00, 0xfc, 0x00,
    0x00, 0x78, 0xd0, 0x20, 0x00, 0x00, 0x00, 0x00, 0x00, 0x00, 0x00, 0x00, 0x4d, 0x20, 0x41, 0x88,
    0x10, 0x80, 0x10, 0x03, 0x06, 0x23, 0x40, 0x08, 0x00, 0x0c, 0x20, 0x00, 0x00, 0x00, 0x40, 0x83,
    0x20, 0x03, 0x00, 0x02, 0x8c, 0x02, 0x04, 0x00, 0x00, 0x00, 0x00, 0x00, 0x00, 0x00, 0x00, 0x00,
    0x00, 0x00, 0x00, 0x00, 0x00, 0x00, 0x00, 0x00, 0x80, 0x80, 0x11, 0x13, 0x63, 0x67, 0xe6, 0xca,
    0xdc, 0xfc, 0xfc, 0xe9, 0xd0, 0xf3, 0xa7, 0xc2, 0x8f, 0x16, 0x60, 0x80, 0x00, 0x00, 0x01, 0x03,
    0x03, 0x04, 0x00, 0x20, 0x00, 0x01, 0x00, 0x02, 0x06, 0x0c, 0x01, 0x11, 0x02, 0x00, 0x00, 0x01,
    0x83, 0x87, 0xcf, 0xd6, 0xec, 0xdd, 0x62, 0xe0, 0xe0, 0xfc, 0xff, 0xff, 0x7f, 0x3f, 0xf1, 0xfe,
    0xff, 0x78, 0x71, 0x6b, 0xff, 0xfa, 0x7c, 0x54, 0x94, 0x94, 0xd4, 0xf4, 0x7c, 0xdc, 0xdd, 0xb4,
    0x37, 0x67, 0x67, 0x44, 0x4e, 0xca, 0xcc, 0x90, 0x34, 0x20, 0x10, 0x52, 0x00, 0x02, 0x00, 0x00,
    0x00, 0x04, 0x00, 0x08, 0x00, 0x01, 0x08, 0x00, 0x20, 0x00, 0x01, 0x02, 0x00, 0x10, 0x00, 0x00,
    0x08, 0x00, 0x00, 0x04, 0x00, 0x00, 0x00, 0x01, 0x00, 0x00, 0x00, 0x00, 0x00, 0x00, 0x00, 0x00,
    0x00, 0x00, 0x00, 0x20, 0x30, 0x10, 0x10, 0x08, 0x88, 0x40, 0x41, 0x45, 0x25, 0x2f, 0x2a, 0x0a,
    0x0a, 0x8b, 0x4b, 0x69, 0x3b, 0x17, 0x97, 0x43, 0x27, 0x36, 0x14, 0x01, 0x2c, 0x18, 0x18, 0xec,
    0xf8, 0xf8, 0xfc, 0xfc, 0xfc, 0x3c, 0x16, 0x66, 0x3a, 0x7c, 0x3f, 0x3e, 0x3f, 0x1f, 0x1f, 0x0f,
    0x0f, 0x07, 0x07, 0x03, 0xc3, 0xe0, 0xe0, 0xf0, 0xf0, 0xf8, 0xf8, 0x78, 0x00, 0xc0, 0xf8, 0x38,
    0xe8, 0x70, 0xf0, 0xf4, 0x70, 0x30, 0x78, 0xf0, 0x70, 0xf0, 0x80, 0x03, 0x03, 0x02, 0x00, 0x01,
    0x99, 0x50, 0x56, 0xb4, 0xf9, 0xf8, 0x5b, 0x59, 0x78, 0xf0, 0xb0, 0x80, 0x00, 0xc0, 0x80, 0x00,
    0xc0, 0xc0, 0xc0, 0xc0, 0x60, 0x60, 0x20, 0x20, 0x00, 0x20, 0x00, 0x10, 0x10, 0x10, 0x10, 0x00,
    0xa0, 0xa0, 0x00, 0x40, 0x00, 0x00, 0x00, 0x00, 0x00, 0x00, 0x00, 0x00, 0x00, 0x00, 0x00, 0x00,
    0x00, 0x00, 0x04, 0x08, 0x09, 0x09, 0x00, 0x00, 0x04, 0x00, 0x00, 0x00, 0x08, 0x04, 0x00, 0x02,
    0x01, 0x00, 0x00, 0x04, 0x02, 0x21, 0x30, 0x08, 0x04, 0x02, 0x01, 0x00, 0x10, 0x18, 0x02, 0x01,
    0x01, 0x00, 0x01, 0x07, 0x01, 0x00, 0x0c, 0x80, 0x00, 0x00, 0x00, 0x00, 0x00, 0x00, 0x00, 0x01,
    0xe0, 0x00, 0x04, 0x03, 0x00, 0x01, 0x01, 0x01, 0x01, 0x01, 0x03, 0x38, 0x3f, 0x0f, 0x83, 0x40,
    0x3f, 0x1c, 0x1f, 0x02, 0x00, 0x00, 0x08, 0x05, 0x00, 0x00, 0x87, 0x70, 0x00, 0x00, 0x00, 0x00,
    0x00, 0x00, 0x00, 0x04, 0x00, 0x00, 0x00, 0x00, 0x00, 0x00, 0x00, 0x00, 0x00, 0x00, 0x00, 0x00,
    0x00, 0x00, 0x01, 0x00, 0x01, 0x01, 0x00, 0x01, 0x02, 0x00, 0x00, 0x00, 0x00, 0x00, 0x00, 0x00,
    0x04, 0x07, 0x01, 0x3e, 0x00, 0x00, 0x00, 0x00, 0x00, 0x00, 0x00, 0x00, 0x00, 0x00, 0x00, 0x00
  },
  // Frame 42
  {
    0x00, 0x00, 0x00, 0x00, 0x00, 0x00, 0x00, 0x00, 0x00, 0x00, 0x00, 0x00, 0x00, 0x00, 0x00, 0x00,
    0x00, 0x80, 0x00, 0x40, 0x40, 0x00, 0x20, 0x20, 0x30, 0x70, 0x10, 0x08, 0x18, 0x14, 0x04, 0x10,
    0x00, 0x04, 0x01, 0x1e, 0x10, 0x02, 0x09, 0x09, 0x09, 0x01, 0x09, 0x08, 0x07, 0x02, 0x89, 0x87,
    0xc4, 0xc7, 0xc3, 0x47, 0x47, 0xc7, 0xc2, 0x82, 0x86, 0x85, 0x07, 0x03, 0x01, 0x01, 0x01, 0x06,
    0x01, 0x00, 0x07, 0x04, 0x06, 0x02, 0x00, 0x02, 0x04, 0x00, 0x00, 0x00, 0x00, 0x00, 0x00, 0x00,
    0x00, 0x00, 0x00, 0x00, 0x40, 0x00, 0x90, 0x00, 0x20, 0x40, 0x00, 0x00, 0x00, 0x00, 0x00, 0x00,
    0x00, 0x00, 0x00, 0x00, 0x18, 0x00, 0x00, 0x00, 0x10, 0x00, 0x10, 0x00, 0x10, 0x10, 0x00, 0x10,
    0x00, 0x00, 0x10, 0x00, 0x00, 0x00, 0x10, 0x00, 0x00, 0x18, 0x00, 0x18, 0x00, 0x00, 0x00, 0x00,
    0x00, 0x00, 0x00, 0x00, 0x80, 0x00, 0x00, 0x08, 0x00, 0x00, 0x00, 0x02, 0x00, 0x00, 0x01, 0x00,
    0x00, 0x00, 0x00, 0x00, 0x00, 0x00, 0x00, 0x00, 0x00, 0x00, 0x00, 0x00, 0x00, 0x00, 0x00, 0x00,
    0x00, 0x00, 0x00, 0x00, 0x00, 0x00, 0x00, 0x30, 0x60, 0x62, 0x42, 0xc6, 0xe6, 0xe6, 0xfc, 0x74,
    0x91, 0x1b, 0x19, 0xfb, 0xfe, 0xf9, 0xf2, 0xe0, 0x72, 0xd2, 0xd6, 0xba, 0x68, 0x3c, 0x00, 0x00,
    0x00, 0x60, 0xe0, 0xa0, 0x40, 0x40, 0x00, 0x40, 0x40, 0x00, 0x00, 0x00, 0x00, 0x04, 0x00, 0x02,
    0x00, 0x00, 0x04, 0x00, 0x00, 0x01, 0x00, 0x00, 0x00, 0x00, 0x00, 0x00, 0x00, 0x00, 0x00, 0x00,
    0x00, 0x00, 0x00, 0x00, 0x00, 0x00, 0x00, 0x00, 0x00, 0x00, 0x00, 0x00, 0x00, 0x00, 0x00, 0x00,
    0x00, 0x00, 0x00, 0x00, 0x00, 0x00, 0x00, 0x00, 0x00, 0x00, 0x00, 0x00, 0x00, 0x00, 0x00, 0x00,
    0x00, 0x00, 0x00, 0x00, 0x00, 0x00, 0x00, 0x00, 0x00, 0x00, 0x00, 0x00, 0x00, 0x00, 0x00, 0x00,
    0x00, 0x00, 0x00, 0x00, 0x00, 0x00, 0x00, 0x00, 0x00, 0x00, 0x20, 0x00, 0x00, 0x00, 0x00, 0x00,
    0x00, 0x00, 0x00, 0x00, 0x00, 0x00, 0x00, 0x00, 0x00, 0x00, 0x00, 0x03, 0x01, 0x03, 0x00, 0x00,
    0x60, 0x00, 0x40, 0x60, 0xe0, 0x61, 0xe8, 0x71, 0x30, 0x00, 0x03, 0x03, 0x28, 0x00, 0x80, 0x00,
    0x00, 0x02, 0x00, 0x00, 0x00, 0x00, 0x01, 0x01, 0x00, 0x00, 0x00, 0x00, 0x00, 0x00, 0x00, 0x00,
    0x00, 0x00, 0x00, 0x00, 0x00, 0x00, 0x00, 0x00, 0x00, 0x00, 0x00, 0x00, 0x00, 0x00, 0x00, 0x00,
    0x00, 0x00, 0x00, 0x00, 0x00, 0x00, 0x00, 0x00, 0x00, 0x00, 0x00, 0x00, 0x00, 0x00, 0x00, 0x00,
    0x00, 0x00, 0x00, 0x00, 0x00, 0x00, 0x00, 0x00, 0x00, 0x00, 0x00, 0x00, 0x00, 0x00, 0x00, 0x00,
    0x00, 0x00, 0x00, 0x00, 0x00, 0x00, 0x00, 0x00, 0x00, 0x00, 0x00, 0x00, 0x00, 0x00, 0xc0, 0x80,
    0x00, 0x00, 0x40, 0xc8, 0xa0, 0xd0, 0x80, 0x00, 0x00, 0x00, 0x80, 0x00, 0x00, 0x00, 0x00, 0x00,
    0x00, 0x00, 0x00, 0x00, 0x00, 0x00, 0x00, 0x00, 0x00, 0x10, 0x00, 0x00, 0x30, 0x20, 0x70, 0xb4,
    0x98, 0xf8, 0x58, 0x0c, 0x02, 0x00, 0x04, 0xd8, 0xe1, 0x82, 0x1b, 0x3a, 0xf4, 0x08, 0x18, 0xc8,
    0x20, 0x20, 0x40, 0x80, 0x40, 0x80, 0xc0, 0x00, 0x00, 0x00, 0x00, 0x00, 0x00, 0x00, 0x00, 0x00,
    0x00, 0x00, 0x00, 0x00, 0x00, 0x00, 0x00, 0x00, 0x00, 0x00, 0x00, 0x00, 0x00, 0x00, 0x00, 0x00,
    0x06, 0x0e, 0x0e, 0x0e, 0x0e, 0x0e, 0x0c, 0x00, 0x00, 0x40, 0x00, 0x00, 0x00, 0x00, 0x80, 0x00,
    0x00, 0x00, 0x00, 0x00, 0x00, 0x00, 0x00, 0x00, 0x00, 0x00, 0x00, 0x00, 0x00, 0x00, 0x00, 0x00,
    0x00, 0x00, 0x00, 0x00, 0x00, 0x00, 0x00, 0x00, 0x00, 0x80, 0x80, 0x80, 0x04, 0x0c, 0x18, 0x79,
    0x3f, 0xfe, 0xfd, 0xfe, 0xf7, 0xef, 0x7f, 0xfe, 0xf0, 0x00, 0x00, 0x00, 0x04, 0x18, 0x60, 0x80,
    0x00, 0x00, 0x20, 0x40, 0x40, 0x00, 0x80, 0x80, 0x80, 0x02, 0x04, 0x0c, 0x30, 0x30, 0xc0, 0x90,
    0x01, 0x00, 0x44, 0xe0, 0xf8, 0xfd, 0xfb, 0xf7, 0x0f, 0x03, 0x80, 0xc0, 0xff, 0x7e, 0xfc, 0x8f,
    0x7b, 0x7c, 0x70, 0xc1, 0x08, 0x1d, 0xf3, 0x0e, 0x30, 0x80, 0x01, 0x06, 0x52, 0x00, 0xfc, 0x02,
    0x04, 0xf8, 0x30, 0x00, 0x00, 0x00, 0x00, 0x00, 0x20, 0x00, 0x00, 0x00, 0xcc, 0x20, 0x44, 0x88,
    0x11, 0x80, 0x10, 0x23, 0x04, 0x23, 0x40, 0x00, 0x00, 0x0c, 0x20, 0x00, 0x00, 0x00, 0x40, 0x83,
    0x20, 0x83, 0x00, 0x02, 0x8c, 0x02, 0x04, 0x00, 0x00, 0x00, 0x00, 0x00, 0x00, 0x00, 0x00, 0x00,
    0x00, 0x00, 0x00, 0x00, 0x00, 0x00, 0x00, 0x00, 0x80, 0x01, 0x23, 0x23, 0x67, 0xe6, 0xce, 0xdc,
    0xf4, 0xfc, 0xe8, 0xf0, 0xf3, 0xa5, 0xc7, 0x8f, 0x17, 0x28, 0xc0, 0x00, 0x00, 0x00, 0x01, 0x01,
    0x0a, 0x04, 0x00, 0x20, 0x00, 0x00, 0x00, 0x00, 0x06, 0x0c, 0x11, 0x01, 0x02, 0x04, 0x00, 0x01,
    0x03, 0x87, 0x8e, 0xf6, 0xed, 0x59, 0xe3, 0xe0, 0xe0, 0xec, 0xeb, 0xff, 0xfd, 0x7f, 0x31, 0x77,
    0xf0, 0xf8, 0xe3, 0xef, 0xeb, 0xaa, 0xcc, 0xdc, 0x94, 0xd6, 0xfe, 0xd4, 0xc4, 0xa4, 0x35, 0x6c,
    0x6b, 0xcb, 0xcb, 0x88, 0xda, 0xd0, 0x98, 0xb0, 0x70, 0x10, 0x40, 0x12, 0x00, 0x02, 0x04, 0x00,
    0x00, 0x04, 0x01, 0x08, 0x00, 0x01, 0x40, 0x00, 0x10, 0x00, 0x21, 0x02, 0x20, 0x00, 0x10, 0x00,
    0x00, 0x08, 0x00, 0x00, 0x00, 0x00, 0x02, 0x01, 0x00, 0x00, 0x00, 0x00, 0x00, 0x00, 0x00, 0x00,
    0x00, 0x00, 0x00, 0x20, 0x10, 0x10, 0x90, 0x88, 0x88, 0x41, 0x45, 0x47, 0x26, 0x2e, 0x2e, 0x0a,
    0x8b, 0x49, 0x6b, 0x07, 0x37, 0x97, 0xd3, 0x67, 0x26, 0x1c, 0x9c, 0x2a, 0x18, 0x18, 0xe8, 0xf0,
    0xf8, 0xf8, 0xfc, 0xfc, 0xfc, 0x1c, 0x02, 0x78, 0x7c, 0x7c, 0x1c, 0x3e, 0x0f, 0x1f, 0x1f, 0x0f,
    0x0f, 0x07, 0x07, 0x83, 0xe2, 0xe0, 0xf1, 0xf1, 0xf1, 0xf8, 0xf8, 0x38, 0x00, 0xe0, 0xf8, 0x30,
    0xe0, 0xe0, 0xe0, 0xf0, 0x70, 0x30, 0x70, 0xf0, 0x70, 0xf0, 0x83, 0x06, 0x05, 0x01, 0x03, 0x02,
    0x98, 0x50, 0x56, 0xf4, 0xf9, 0xf8, 0x5b, 0x51, 0x78, 0xf8, 0xb0, 0x80, 0x00, 0xc0, 0x80, 0x00,
    0xc0, 0xc0, 0xc0, 0xc0, 0x60, 0x60, 0x20, 0x20, 0x20, 0x20, 0x20, 0x00, 0x10, 0x10, 0x20, 0x20,
    0xa0, 0xa0, 0x40, 0x40, 0x00, 0x00, 0x00, 0x00, 0x00, 0x00, 0x00, 0x00, 0x00, 0x00, 0x00, 0x00,
    0x00, 0x00, 0x08, 0x03, 0x08, 0x01, 0x00, 0x04, 0x00, 0x00, 0x00, 0x08, 0x04, 0x04, 0x02, 0x01,
    0x00, 0x08, 0x04, 0x42, 0x21, 0x21, 0x10, 0x00, 0x02, 0x01, 0x00, 0x10, 0x20, 0x06, 0x03, 0x01,
    0x00, 0x01, 0x07, 0x01, 0x07, 0x30, 0x00, 0x00, 0x00, 0x00, 0x00, 0x00, 0x00, 0x00, 0x02, 0x00,
    0x00, 0x08, 0x04, 0x01, 0x00, 0x01, 0x01, 0x01, 0x01, 0x01, 0x01, 0x38, 0x3f, 0x0f, 0x81, 0x40,
    0x3f, 0x1e, 0x1f, 0x03, 0x00, 0x00, 0x08, 0x01, 0x00, 0x00, 0x87, 0x70, 0x00, 0x00, 0x00, 0x00,
    0x00, 0x00, 0x00, 0x04, 0x00, 0x00, 0x00, 0x00, 0x00, 0x00, 0x00, 0x00, 0x00, 0x00, 0x00, 0x00,
    0x00, 0x00, 0x01, 0x00, 0x01, 0x01, 0x00, 0x01, 0x02, 0x00, 0x00, 0x00, 0x00, 0x00, 0x00, 0x00,
    0x00, 0x07, 0x01, 0x6e, 0x00, 0x00, 0x00, 0x00, 0x00, 0x00, 0x00, 0x00, 0x00, 0x00, 0x00, 0x00
  },
  // Frame 43
  {
    0x00, 0x00, 0x00, 0x00, 0x00, 0x00, 0x00, 0x00, 0x00, 0x00, 0x00, 0x00, 0x00, 0x00, 0x00, 0x00,
    0x80, 0x80, 0x00, 0x40, 0x40, 0x00, 0x20, 0x20, 0x30, 0x70, 0x10, 0x08, 0x10, 0x14, 0x34, 0x10,
    0x00, 0x00, 0x11, 0x1a, 0x14, 0x00, 0x09, 0x09, 0x09, 0x09, 0x0b, 0x02, 0x07, 0x87, 0x8f, 0x86,
    0xc3, 0xc3, 0x4f, 0x07, 0xc7, 0xc2, 0x82, 0x87, 0x85, 0x07, 0x03, 0x01, 0x01, 0x01, 0x05, 0x00,
    0x01, 0x04, 0x05, 0x06, 0x02, 0x00, 0x02, 0x06, 0x00, 0x04, 0x00, 0x00, 0x00, 0x00, 0x00, 0x00,
    0x10, 0x00, 0x00, 0x20, 0x40, 0x00, 0x10, 0x20, 0x40, 0x00, 0x00, 0x00, 0x00, 0x00, 0x00, 0x00,
    0x00, 0x00, 0x00, 0x00, 0x18, 0x00, 0x00, 0x00, 0x10, 0x00, 0x10, 0x00, 0x10, 0x10, 0x00, 0x10,
    0x00, 0x10, 0x10, 0x00, 0x00, 0x00, 0x10, 0x00, 0x00, 0x18, 0x00, 0x18, 0x00, 0x00, 0x00, 0x00,
    0x00, 0x00, 0x00, 0x00, 0x20, 0x00, 0x00, 0x00, 0x00, 0x00, 0x00, 0x02, 0x04, 0x00, 0x00, 0x00,
    0x00, 0x00, 0x00, 0x00, 0x00, 0x00, 0x00, 0x00, 0x00, 0x00, 0x00, 0x00, 0x00, 0x00, 0x00, 0x00,
    0x00, 0x00, 0x00, 0x00, 0x00, 0x00, 0x00, 0x04, 0x60, 0x42, 0xc2, 0xc6, 0xe6, 0xf4, 0x74, 0x3d,
    0x9b, 0x83, 0x7f, 0xfb, 0xf0, 0xf3, 0xe2, 0x60, 0x52, 0xd6, 0xd2, 0x6e, 0xfc, 0x38, 0x00, 0x00,
    0x20, 0xc0, 0x00, 0x80, 0x40, 0x40, 0x00, 0x40, 0x40, 0x00, 0x00, 0x00, 0x00, 0x04, 0x00, 0x08,
    0x00, 0x00, 0x00, 0x00, 0x00, 0x00, 0x00, 0x00, 0x00, 0x00, 0x00, 0x00, 0x00, 0x00, 0x00, 0x00,
    0x00, 0x00, 0x00, 0x00, 0x00, 0x00, 0x00, 0x00, 0x00, 0x00, 0x00, 0x00, 0x00, 0x00, 0x00, 0x00,
    0x00, 0x00, 0x00, 0x00, 0x00, 0x00, 0x00, 0x00, 0x00, 0x00, 0x00, 0x00, 0x00, 0x00, 0x00, 0x00,
    0x00, 0x00, 0x00, 0x00, 0x00, 0x01, 0x00, 0x00, 0x00, 0x00, 0x00, 0x00, 0x00, 0x00, 0x00, 0x00,
    0x00, 0x00, 0x00, 0x00, 0x00, 0x00, 0x00, 0x00, 0x00, 0x00, 0x00, 0x00, 0x00, 0x00, 0x00, 0x00,
    0x00, 0x00, 0x00, 0x00, 0x00, 0x00, 0x00, 0x00, 0x00, 0x20, 0x01, 0x03, 0x01, 0x02, 0x40, 0x40,
    0x00, 0x40, 0x40, 0x60, 0xe1, 0xe8, 0xf0, 0x61, 0x30, 0x00, 0x03, 0x01, 0x00, 0x00, 0x00, 0x00,
    0x00, 0x02, 0x00, 0x00, 0x00, 0x01, 0x01, 0x00, 0x00, 0x00, 0x00, 0x00, 0x00, 0x00, 0x00, 0x00,
    0x00, 0x00, 0x00, 0x00, 0x00, 0x00, 0x00, 0x00, 0x00, 0x00, 0x00, 0x00, 0x00, 0x00, 0x00, 0x00,
    0x00, 0x00, 0x00, 0x00, 0x00, 0x00, 0x00, 0x00, 0x00, 0x00, 0x00, 0x00, 0x00, 0x00, 0x00, 0x00,
    0x00, 0x00, 0x00, 0x00, 0x00, 0x00, 0x00, 0x00, 0x00, 0x00, 0x00, 0x00, 0x00, 0x00, 0x00, 0x00,
    0x00, 0x00, 0x00, 0x00, 0x00, 0x00, 0x00, 0x00, 0x00, 0x00, 0x00, 0x00, 0x00, 0x00, 0x80, 0x80,
    0x00, 0x40, 0xc0, 0x98, 0xd0, 0x80, 0x00, 0x00, 0x20, 0x00, 0x00, 0x00, 0x00, 0x00, 0x00, 0x00,
    0x00, 0x00, 0x00, 0x00, 0x00, 0x00, 0x00, 0x00, 0x00, 0x14, 0x20, 0x00, 0x20, 0x70, 0x70, 0x10,
    0xd8, 0xbc, 0x4a, 0x1c, 0x00, 0x00, 0x04, 0xf0, 0xe1, 0x83, 0x1a, 0x3a, 0x94, 0x0c, 0x09, 0xc8,
    0x00, 0x20, 0x40, 0x80, 0x40, 0x80, 0xc0, 0x00, 0x00, 0x00, 0x00, 0x00, 0x00, 0x00, 0x00, 0x00,
    0x00, 0x00, 0x00, 0x00, 0x00, 0x00, 0x00, 0x00, 0x00, 0x00, 0x00, 0x00, 0x00, 0x00, 0x00, 0x00,
    0x1c, 0x1c, 0x1c, 0x1c, 0x1c, 0x1c, 0x18, 0x00, 0x00, 0x00, 0x00, 0x00, 0x00, 0x00, 0x00, 0x00,
    0x00, 0x00, 0x00, 0x00, 0x00, 0x00, 0x00, 0x00, 0x00, 0x00, 0x00, 0x00, 0x00, 0x00, 0x00, 0x00,
    0x00, 0x00, 0x00, 0x00, 0x00, 0x00, 0x00, 0x00, 0x80, 0x80, 0x80, 0x00, 0x18, 0x18, 0x39, 0xfb,
    0x7f, 0xfd, 0xff, 0xff, 0xdf, 0x7f, 0xff, 0xf8, 0x00, 0x00, 0x01, 0x08, 0x09, 0xb0, 0xc0, 0x00,
    0x00, 0x00, 0x00, 0x80, 0x40, 0x00, 0x80, 0x80, 0x80, 0x80, 0x00, 0x0c, 0x30, 0x70, 0xc0, 0x80,
    0x01, 0x80, 0x44, 0x70, 0xfc, 0xf9, 0xf3, 0x67, 0x0f, 0x01, 0xc0, 0xf8, 0xff, 0xdf, 0xfc, 0xff,
    0x37, 0x7c, 0xf0, 0xc3, 0x0c, 0x19, 0xbb, 0x3e, 0x30, 0x80, 0x01, 0x06, 0x52, 0x00, 0xfc, 0x02,
    0x04, 0xf8, 0x20, 0x00, 0x00, 0x00, 0x00, 0x00, 0x00, 0x00, 0x00, 0x00, 0xcc, 0x00, 0x4c, 0x08,
    0x32, 0x00, 0x10, 0x22, 0x04, 0x23, 0x40, 0x00, 0x80, 0x0c, 0x20, 0x00, 0x11, 0x00, 0xc0, 0x02,
    0x24, 0x80, 0x00, 0x00, 0x00, 0x00, 0x00, 0x00, 0x00, 0x00, 0x00, 0x00, 0x00, 0x00, 0x00, 0x00,
    0x00, 0x00, 0x00, 0x00, 0x00, 0x00, 0x80, 0x00, 0x11, 0x33, 0x65, 0x67, 0xce, 0xcc, 0xdc, 0xfc,
    0xe8, 0xf9, 0xf3, 0xa1, 0x47, 0x8b, 0x17, 0x3f, 0x58, 0x80, 0x00, 0x00, 0x00, 0x00, 0x02, 0x07,
    0x0c, 0x08, 0x10, 0x00, 0x01, 0x02, 0x00, 0x00, 0x0c, 0x0d, 0x01, 0x00, 0x00, 0x00, 0x00, 0x01,
    0x07, 0x8f, 0x9a, 0x3e, 0xdd, 0xcb, 0xc1, 0xc0, 0xc0, 0xda, 0xf7, 0xff, 0xff, 0x7f, 0x60, 0x7f,
    0xf3, 0xe0, 0x5f, 0x5f, 0x75, 0x56, 0x58, 0x20, 0xf8, 0xfe, 0x7e, 0xf0, 0xd0, 0xd0, 0x99, 0x90,
    0x3b, 0x37, 0x28, 0x78, 0x40, 0xd0, 0x80, 0x42, 0x0c, 0x00, 0x00, 0x10, 0x00, 0x32, 0x04, 0x00,
    0x08, 0x00, 0x01, 0x40, 0x01, 0x08, 0x21, 0x02, 0x00, 0x88, 0x11, 0x00, 0x00, 0x40, 0x0c, 0x30,
    0x20, 0x00, 0x14, 0x00, 0x08, 0x00, 0x02, 0x00, 0x00, 0x00, 0x00, 0x00, 0x00, 0x00, 0x00, 0x00,
    0x00, 0x20, 0x20, 0x10, 0x90, 0x10, 0x88, 0xc9, 0x01, 0x42, 0x46, 0x06, 0x26, 0x25, 0xa5, 0xc7,
    0x77, 0x77, 0x13, 0xa3, 0xcf, 0x67, 0x2e, 0x2c, 0x5c, 0x39, 0x34, 0x90, 0xe8, 0xf0, 0xf0, 0xf8,
    0xf8, 0x78, 0x38, 0x1c, 0xe4, 0x74, 0xf8, 0x3c, 0x7c, 0x3c, 0x3c, 0x3e, 0x1e, 0x1e, 0x0f, 0x0f,
    0x06, 0x07, 0x00, 0x83, 0xe3, 0xe3, 0xf2, 0xf0, 0xf1, 0xf1, 0xf1, 0x31, 0x80, 0xc1, 0xd1, 0x01,
    0xc1, 0xc1, 0xe1, 0xe1, 0x40, 0x01, 0x43, 0xcf, 0x6d, 0xeb, 0x83, 0x06, 0x04, 0x00, 0x01, 0x03,
    0x19, 0x50, 0x57, 0x75, 0xf8, 0xf8, 0x5a, 0x50, 0xf0, 0xb8, 0xb0, 0x80, 0x00, 0xc0, 0x80, 0x80,
    0xc1, 0xc1, 0xc0, 0x41, 0x60, 0x20, 0x20, 0x20, 0x20, 0x20, 0x00, 0x00, 0x10, 0x20, 0x20, 0xa0,
    0xa0, 0x40, 0x40, 0x00, 0x00, 0x00, 0x00, 0x00, 0x00, 0x00, 0x00, 0x00, 0x00, 0x00, 0x00, 0x00,
    0x00, 0x02, 0x08, 0x01, 0x00, 0x04, 0x00, 0x00, 0x10, 0x08, 0x04, 0x04, 0x02, 0x01, 0x18, 0x08,
    0x04, 0x42, 0x21, 0x11, 0x08, 0x00, 0x02, 0x02, 0x10, 0x18, 0x04, 0x01, 0x01, 0x00, 0x00, 0x01,
    0x07, 0x00, 0x00, 0x00, 0x00, 0x00, 0x00, 0x00, 0x00, 0x00, 0x00, 0x60, 0x00, 0x00, 0x00, 0x00,
    0x10, 0x08, 0x02, 0x00, 0x01, 0x01, 0x01, 0x01, 0x01, 0x03, 0x01, 0x3c, 0x1f, 0x0f, 0x80, 0x40,
    0x3f, 0x1f, 0x1b, 0x03, 0x00, 0x00, 0x08, 0x05, 0x00, 0x00, 0x87, 0x70, 0x00, 0x00, 0x00, 0x01,
    0x00, 0x00, 0x00, 0x04, 0x00, 0x00, 0x00, 0x00, 0x00, 0x00, 0x00, 0x00, 0x00, 0x10, 0x00, 0x00,
    0x00, 0x01, 0x00, 0x01, 0x01, 0x01, 0x00, 0x02, 0x00, 0x00, 0x00, 0x00, 0x00, 0x00, 0x00, 0x00,
    0x03, 0x09, 0x1c, 0x20, 0x00, 0x00, 0x00, 0x00, 0x00, 0x00, 0x00, 0x00, 0x00, 0x00, 0x00, 0x00
  },
  // Frame 44
  {
    0x00, 0x00, 0x00, 0x00, 0x00, 0x00, 0x00, 0x00, 0x00, 0x00, 0x00, 0x00, 0x00, 0x00, 0x00, 0x00,
    0x80, 0x80, 0x00, 0x40, 0x00, 0x20, 0x20, 0x60, 0x30, 0x70, 0x20, 0x08, 0x00, 0x14, 0x34, 0x10,
    0x00, 0x11, 0x17, 0x12, 0x08, 0x18, 0x09, 0x01, 0x01, 0x09, 0x02, 0x05, 0x0f, 0x8f, 0x83, 0xc0,
    0xc3, 0xc3, 0x4f, 0x07, 0xc2, 0x46, 0x82, 0x84, 0x87, 0x07, 0x03, 0x01, 0x01, 0x03, 0x01, 0x01,
    0x01, 0x00, 0x01, 0x06, 0x02, 0x00, 0x06, 0x02, 0x00, 0x00, 0x14, 0x00, 0x04, 0x00, 0x00, 0x00,
    0x10, 0x00, 0x00, 0x00, 0x40, 0x00, 0x10, 0x20, 0x00, 0x80, 0x00, 0x00, 0x00, 0x00, 0x00, 0x00,
    0x00, 0x00, 0x00, 0x00, 0x18, 0x00, 0x00, 0x00, 0x10, 0x00, 0x10, 0x00, 0x10, 0x10, 0x00, 0x10,
    0x00, 0x10, 0x10, 0x00, 0x00, 0x00, 0x10, 0x00, 0x00, 0x18, 0x00, 0x18, 0x00, 0x00, 0x00, 0x00,
    0x00, 0x00, 0x00, 0x00, 0x00, 0x10, 0x00, 0x00, 0x00, 0x00, 0x00, 0x02, 0x00, 0x00, 0x00, 0x00,
    0x00, 0x00, 0x00, 0x00, 0x00, 0x00, 0x00, 0x00, 0x00, 0x00, 0x00, 0x00, 0x00, 0x00, 0x00, 0x00,
    0x00, 0x00, 0x00, 0x00, 0x00, 0x00, 0x08, 0x44, 0xe0, 0x42, 0xc6, 0xc6, 0xe4, 0xf4, 0x74, 0x15,
    0x9b, 0x03, 0xff, 0xfb, 0xf9, 0xf2, 0xe2, 0x60, 0x52, 0xd6, 0xd2, 0x6e, 0xbc, 0x30, 0x00, 0x00,
    0x20, 0xd0, 0x00, 0x80, 0x40, 0x40, 0x20, 0x40, 0x00, 0x00, 0x00, 0x00, 0x00, 0x00, 0x00, 0x00,
    0x00, 0x00, 0x00, 0x00, 0x00, 0x00, 0x00, 0x00, 0x00, 0x00, 0x00, 0x00, 0x00, 0x00, 0x00, 0x00,
    0x00, 0x00, 0x00, 0x00, 0x00, 0x00, 0x00, 0x00, 0x00, 0x00, 0x00, 0x00, 0x00, 0x00, 0x00, 0x00,
    0x00, 0x00, 0x00, 0x00, 0x00, 0x00, 0x00, 0x00, 0x00, 0x00, 0x00, 0x00, 0x00, 0x00, 0x00, 0x00,
    0x00, 0x00, 0x00, 0x00, 0x00, 0x00, 0x00, 0x00, 0x00, 0x00, 0x00, 0x00, 0x00, 0x00, 0x00, 0x00,
    0x00, 0x00, 0x00, 0x00, 0x00, 0x00, 0x00, 0x00, 0x00, 0x00, 0x00, 0x00, 0x00, 0x00, 0x00, 0x00,
    0x00, 0x00, 0x00, 0x00, 0x00, 0x00, 0x00, 0x00, 0x00, 0x00, 0x01, 0x07, 0x01, 0x00, 0x40, 0x40,
    0x00, 0x40, 0x40, 0xe0, 0x61, 0xe8, 0xf0, 0x71, 0x30, 0x00, 0x03, 0x01, 0x00, 0x00, 0x00, 0x00,
    0x00, 0x02, 0x01, 0x00, 0x00, 0x01, 0x00, 0x00, 0x00, 0x00, 0x00, 0x00, 0x00, 0x00, 0x00, 0x00,
    0x00, 0x00, 0x00, 0x00, 0x00, 0x00, 0x00, 0x00, 0x00, 0x00, 0x00, 0x00, 0x00, 0x00, 0x00, 0x00,
    0x00, 0x00, 0x00, 0x00, 0x00, 0x00, 0x00, 0x00, 0x00, 0x00, 0x00, 0x00, 0x00, 0x00, 0x00, 0x00,
    0x00, 0x00, 0x00, 0x00, 0x00, 0x00, 0x00, 0x00, 0x00, 0x00, 0x00, 0x00, 0x00, 0x00, 0x00, 0x00,
    0x00, 0x00, 0x00, 0x00, 0x00, 0x00, 0x00, 0x00, 0x00, 0x00, 0x00, 0x00, 0x00, 0x80, 0x80, 0x00,
    0x00, 0x40, 0xc0, 0x98, 0xd0, 0x80, 0x00, 0x00, 0x00, 0x40, 0x00, 0x00, 0x00, 0x00, 0x00, 0x00,
    0x00, 0x00, 0x00, 0x00, 0x00, 0x00, 0x00, 0x00, 0x10, 0x10, 0x00, 0x00, 0x20, 0x70, 0x70, 0x10,
    0xd8, 0xbc, 0x0a, 0x1c, 0x00, 0x00, 0x04, 0xf0, 0xc3, 0x83, 0x1a, 0x3a, 0x1c, 0x0c, 0x09, 0xc8,
    0x00, 0x20, 0x40, 0x80, 0x40, 0x80, 0xc0, 0x00, 0x00, 0x00, 0x00, 0x00, 0x00, 0x00, 0x00, 0x00,
    0x00, 0x00, 0x00, 0x00, 0x00, 0x00, 0x00, 0x00, 0x00, 0x00, 0x00, 0x00, 0x00, 0x00, 0x00, 0x40,
    0x38, 0x38, 0x38, 0x38, 0x38, 0x30, 0x70, 0x00, 0x00, 0x00, 0x00, 0x00, 0x00, 0x00, 0x00, 0x00,
    0x00, 0x00, 0x00, 0x00, 0x00, 0x00, 0x00, 0x00, 0x00, 0x00, 0x00, 0x00, 0x00, 0x00, 0x00, 0x00,
    0x00, 0x00, 0x00, 0x00, 0x00, 0x00, 0x00, 0xc0, 0x80, 0x80, 0x00, 0x0c, 0x18, 0x78, 0x79, 0x7e,
    0xff, 0xfd, 0xfa, 0xff, 0xbf, 0xff, 0xff, 0xf0, 0x00, 0x00, 0x03, 0x00, 0x58, 0x70, 0xc0, 0x00,
    0x00, 0x00, 0x40, 0x80, 0x40, 0x80, 0x80, 0x80, 0x88, 0x80, 0x00, 0x10, 0x30, 0x60, 0xd0, 0x80,
    0x01, 0x80, 0x44, 0x70, 0xfc, 0xf9, 0xf3, 0x27, 0x0f, 0x01, 0xc0, 0xf8, 0xff, 0xef, 0x3c, 0xff,
    0x3f, 0x7c, 0xf0, 0xc3, 0x0c, 0x19, 0xbb, 0x2e, 0x30, 0x80, 0x01, 0x06, 0x52, 0x00, 0xfc, 0x00,
    0x00, 0xd8, 0x00, 0x00, 0x00, 0x00, 0x00, 0x00, 0x00, 0x00, 0x00, 0x08, 0x48, 0x00, 0x48, 0x00,
    0x30, 0x00, 0x30, 0x40, 0x0c, 0x80, 0x00, 0x08, 0x80, 0x0c, 0x00, 0x40, 0x10, 0x00, 0xc0, 0x00,
    0x0c, 0x80, 0x00, 0x00, 0x00, 0x00, 0x00, 0x00, 0x00, 0x00, 0x00, 0x00, 0x00, 0x00, 0x00, 0x00,
    0x00, 0x00, 0x00, 0x00, 0x00, 0x00, 0x00, 0x01, 0x23, 0x23, 0x67, 0xce, 0xcc, 0xdc, 0xfc, 0xe8,
    0xf9, 0xf0, 0xa1, 0x47, 0x8b, 0x0f, 0x3f, 0x7d, 0x80, 0x00, 0x00, 0x00, 0x00, 0x01, 0x03, 0x07,
    0x04, 0x08, 0x10, 0x00, 0x01, 0x02, 0x04, 0x04, 0x0c, 0x19, 0x01, 0x22, 0x00, 0x00, 0x00, 0x03,
    0x07, 0x0f, 0x9e, 0xbc, 0x9d, 0x8b, 0xc1, 0xe0, 0xa0, 0xfa, 0xfe, 0xff, 0xde, 0xf7, 0xe0, 0x9f,
    0xa3, 0xa0, 0x2f, 0x3f, 0x1d, 0xce, 0xd0, 0x30, 0xb0, 0xd2, 0xe6, 0xa0, 0x20, 0x20, 0x29, 0x70,
    0x7b, 0x70, 0xe0, 0x80, 0x80, 0x90, 0x80, 0x00, 0x0c, 0x04, 0x00, 0x30, 0x01, 0x40, 0x00, 0x00,
    0x00, 0x01, 0x02, 0x00, 0x00, 0x00, 0x01, 0x00, 0x00, 0x00, 0x00, 0x80, 0x00, 0xc0, 0x08, 0x30,
    0x00, 0x20, 0x24, 0x00, 0x01, 0x00, 0x02, 0x00, 0x00, 0x00, 0x00, 0x00, 0x00, 0x00, 0x00, 0x00,
    0x20, 0x20, 0x10, 0x90, 0x80, 0x88, 0x49, 0x01, 0x42, 0x46, 0x06, 0x24, 0x25, 0xa5, 0xd7, 0x17,
    0x33, 0x33, 0xaf, 0xc7, 0x67, 0x2e, 0x2c, 0x58, 0x33, 0x7c, 0xf0, 0xe0, 0xf0, 0xf0, 0xf0, 0xf8,
    0xf8, 0x38, 0x98, 0xec, 0x74, 0xf8, 0x30, 0x7c, 0x3c, 0x3c, 0x3c, 0x1c, 0x1e, 0x0e, 0x0e, 0x0b,
    0x00, 0x01, 0x03, 0xc7, 0xe3, 0xe3, 0xe3, 0xe3, 0xe1, 0xe2, 0xe3, 0x03, 0x83, 0x83, 0x83, 0x03,
    0xc3, 0xc3, 0xc3, 0xc3, 0x42, 0x0b, 0x5e, 0xd3, 0x47, 0xee, 0x8c, 0x09, 0x03, 0x03, 0x03, 0x02,
    0x9a, 0x50, 0x54, 0x74, 0xf9, 0xf9, 0x52, 0x50, 0xf2, 0xb8, 0xb0, 0xa0, 0x00, 0xc2, 0x03, 0xc0,
    0xc2, 0xc2, 0x42, 0x42, 0x62, 0x20, 0x20, 0x20, 0x21, 0x21, 0x00, 0x00, 0x10, 0x20, 0x20, 0xa0,
    0x20, 0x40, 0x00, 0x00, 0x00, 0x00, 0x00, 0x00, 0x00, 0x00, 0x00, 0x00, 0x00, 0x00, 0x00, 0x00,
    0x01, 0x09, 0x01, 0x04, 0x04, 0x02, 0x00, 0x08, 0x08, 0x04, 0x02, 0x02, 0x13, 0x08, 0x8c, 0x04,
    0x42, 0x61, 0x11, 0x28, 0x0c, 0x06, 0x22, 0x10, 0x00, 0x03, 0x03, 0x01, 0x00, 0x01, 0x03, 0x01,
    0x00, 0x00, 0x00, 0x00, 0x00, 0x00, 0x00, 0x00, 0x00, 0x00, 0x00, 0x00, 0x00, 0x00, 0x00, 0x00,
    0x00, 0x00, 0x03, 0x00, 0x01, 0x01, 0x01, 0x01, 0x01, 0x03, 0x00, 0x3c, 0x1f, 0x0f, 0x80, 0x40,
    0x3f, 0x1f, 0x1b, 0x03, 0x00, 0x00, 0x08, 0x05, 0x00, 0x00, 0x87, 0x70, 0x00, 0x00, 0x00, 0x01,
    0x00, 0x00, 0x00, 0x04, 0x00, 0x00, 0x00, 0x00, 0x00, 0x00, 0x00, 0x00, 0x00, 0x20, 0x00, 0x00,
    0x01, 0x01, 0x00, 0x01, 0x01, 0x00, 0x00, 0x02, 0x00, 0x00, 0x00, 0x00, 0x00, 0x00, 0x00, 0x04,
    0x0b, 0x15, 0x3e, 0x20, 0x00, 0x00, 0x00, 0x00, 0x00, 0x00, 0x00, 0x00, 0x00, 0x00, 0x00, 0x00
  },
  // Frame 45
  {
    0x00, 0x00, 0x00, 0x00, 0x00, 0x00, 0x00, 0x00, 0x00, 0x00, 0x00, 0x00, 0x00, 0x00, 0x00, 0x00,
    0x80, 0x00, 0x00, 0x40, 0x40, 0x20, 0x60, 0x20, 0x30, 0x10, 0x08, 0x08, 0x10, 0x30, 0x10, 0x10,
    0x10, 0x11, 0x12, 0x05, 0x10, 0x13, 0x00, 0x01, 0x01, 0x09, 0x0a, 0x06, 0x07, 0x8f, 0x8a, 0xc1,
    0xc7, 0x4b, 0x43, 0xc3, 0xc6, 0xc2, 0x86, 0x85, 0x05, 0x03, 0x01, 0x05, 0x01, 0x05, 0x00, 0x01,
    0x00, 0x05, 0x05, 0x02, 0x02, 0x00, 0x06, 0x02, 0x04, 0x00, 0x10, 0x00, 0x00, 0x00, 0x00, 0x00,
    0x00, 0x80, 0x00, 0x00, 0x40, 0x10, 0x30, 0x00, 0x00, 0x80, 0x00, 0x00, 0x00, 0x00, 0x00, 0x00,
    0x00, 0x00, 0x00, 0x00, 0x18, 0x00, 0x00, 0x00, 0x10, 0x00, 0x10, 0x00, 0x10, 0x10, 0x00, 0x10,
    0x00, 0x00, 0x10, 0x00, 0x00, 0x00, 0x10, 0x00, 0x00, 0x18, 0x00, 0x18, 0x00, 0x00, 0x00, 0x00,
    0x00, 0x00, 0x00, 0x40, 0x00, 0x10, 0x00, 0x00, 0x04, 0x00, 0x00, 0x00, 0x00, 0x01, 0x00, 0x00,
    0x00, 0x00, 0x00, 0x00, 0x00, 0x00, 0x00, 0x00, 0x00, 0x00, 0x00, 0x00, 0x00, 0x00, 0x00, 0x00,
    0x00, 0x00, 0x00, 0x00, 0x00, 0x00, 0x20, 0x60, 0x02, 0xc2, 0xc4, 0xc4, 0xf4, 0xf4, 0x74, 0x9f,
    0x03, 0x18, 0xfb, 0xfc, 0xf3, 0xf2, 0xe0, 0x72, 0x56, 0xd6, 0xfa, 0x6a, 0x38, 0x10, 0x00, 0x00,
    0x60, 0xd0, 0x40, 0x00, 0x40, 0x50, 0x20, 0x00, 0x00, 0xa0, 0x00, 0x00, 0x00, 0x00, 0x08, 0x00,
    0x00, 0x00, 0x00, 0x00, 0x00, 0x00, 0x00, 0x00, 0x00, 0x00, 0x00, 0x00, 0x00, 0x00, 0x00, 0x00,
    0x00, 0x00, 0x00, 0x00, 0x00, 0x00, 0x00, 0x00, 0x00, 0x00, 0x00, 0x00, 0x00, 0x00, 0x00, 0x00,
    0x00, 0x00, 0x00, 0x00, 0x00, 0x00, 0x00, 0x00, 0x00, 0x00, 0x00, 0x00, 0x00, 0x00, 0x00, 0x00,
    0x00, 0x00, 0x00, 0x00, 0x00, 0x00, 0x00, 0x00, 0x00, 0x00, 0x00, 0x00, 0x00, 0x00, 0x00, 0x00,
    0x00, 0x00, 0x00, 0x00, 0x00, 0x00, 0x00, 0x00, 0x00, 0x00, 0x00, 0x00, 0x00, 0x00, 0x00, 0x00,
    0x00, 0x00, 0x00, 0x00, 0x00, 0x00, 0x00, 0x00, 0x00, 0x00, 0x03, 0x03, 0x43, 0x00, 0x00, 0x40,
    0x00, 0x40, 0x40, 0xe0, 0x61, 0xe8, 0x71, 0x71, 0x00, 0x03, 0x03, 0x00, 0x00, 0x00, 0x00, 0x00,
    0x00, 0x00, 0x01, 0x00, 0x00, 0x01, 0x00, 0x00, 0x00, 0x00, 0x00, 0x00, 0x00, 0x00, 0x00, 0x00,
    0x00, 0x00, 0x00, 0x00, 0x00, 0x00, 0x00, 0x00, 0x00, 0x00, 0x00, 0x00, 0x00, 0x00, 0x00, 0x00,
    0x00, 0x00, 0x00, 0x00, 0x00, 0x00, 0x00, 0x00, 0x00, 0x00, 0x00, 0x00, 0x00, 0x00, 0x00, 0x00,
    0x00, 0x00, 0x00, 0x00, 0x00, 0x00, 0x00, 0x00, 0x00, 0x00, 0x00, 0x00, 0x00, 0x00, 0x00, 0x00,
    0x00, 0x00, 0x00, 0x00, 0x00, 0x00, 0x00, 0x00, 0x00, 0x00, 0x00, 0x00, 0x00, 0x80, 0x80, 0x00,
    0x40, 0xc0, 0x80, 0xf0, 0x80, 0x00, 0x00, 0x00, 0x00, 0x00, 0x00, 0x00, 0x00, 0x00, 0x00, 0x00,
    0x00, 0x00, 0x00, 0x00, 0x00, 0x00, 0x00, 0x08, 0x10, 0x00, 0x00, 0x10, 0x20, 0x70, 0xb0, 0x18,
    0xf8, 0xbc, 0x0a, 0x1e, 0x00, 0x00, 0x0c, 0xf0, 0xc3, 0x03, 0x1a, 0x3a, 0x1c, 0x0c, 0x08, 0xc0,
    0x20, 0x20, 0x50, 0xa0, 0x00, 0xe0, 0xc0, 0x20, 0x00, 0x00, 0x00, 0x00, 0x00, 0x00, 0x00, 0x00,
    0x00, 0x00, 0x00, 0x00, 0x00, 0x00, 0x00, 0x00, 0x00, 0x00, 0x00, 0x00, 0x00, 0x00, 0x00, 0x00,
    0x00, 0x00, 0x00, 0x00, 0x00, 0x00, 0x00, 0x00, 0x00, 0x00, 0x00, 0x00, 0x00, 0x00, 0x00, 0x00,
    0x00, 0x00, 0x00, 0x00, 0x00, 0x00, 0x00, 0x00, 0x00, 0x00, 0x00, 0x00, 0x00, 0x00, 0x00, 0x00,
    0x00, 0x00, 0x00, 0x00, 0x00, 0x00, 0x00, 0x80, 0x00, 0x00, 0x08, 0x18, 0x38, 0xf8, 0xff, 0xff,
    0xff, 0xfb, 0xff, 0x3f, 0xff, 0xff, 0xf8, 0x00, 0x00, 0x00, 0x06, 0x28, 0xb0, 0xe0, 0x80, 0x00,
    0x00, 0x20, 0x40, 0x40, 0x00, 0x80, 0x80, 0x80, 0x02, 0x80, 0x08, 0x10, 0x30, 0x60, 0x90, 0x80,
    0x01, 0x00, 0x60, 0xf0, 0x7c, 0xf9, 0x73, 0x2e, 0x07, 0x00, 0xe0, 0xfc, 0xfc, 0xff, 0x30, 0xff,
    0x3f, 0x7c, 0xd0, 0xc3, 0x0e, 0x19, 0xf1, 0x2e, 0x30, 0xc0, 0x00, 0x03, 0xea, 0x00, 0xfa, 0x38,
    0xc0, 0x04, 0x60, 0x80, 0x00, 0x80, 0x00, 0x00, 0x00, 0x00, 0x00, 0x00, 0x00, 0x00, 0x00, 0x06,
    0x07, 0x1f, 0x0f, 0x0f, 0x0e, 0x06, 0x00, 0x80, 0x00, 0x00, 0x00, 0x00, 0x00, 0x00, 0x00, 0x00,
    0x00, 0x00, 0x00, 0x00, 0x00, 0x00, 0x00, 0x00, 0x00, 0x00, 0x00, 0x00, 0x00, 0x00, 0x00, 0x00,
    0x00, 0x00, 0x00, 0x80, 0x00, 0x10, 0x73, 0xe3, 0xe7, 0xce, 0xde, 0xf4, 0xfc, 0xf8, 0xf1, 0xe2,
    0xc1, 0x87, 0x0f, 0x37, 0xe3, 0x8f, 0x00, 0x00, 0x00, 0x00, 0x00, 0x00, 0x00, 0x00, 0x01, 0x02,
    0x08, 0x00, 0x00, 0x00, 0x00, 0x01, 0x03, 0x06, 0x0c, 0x01, 0x01, 0x02, 0x00, 0x00, 0x01, 0x03,
    0x07, 0x0f, 0x16, 0x2c, 0x19, 0x0b, 0x80, 0xe0, 0xfc, 0xff, 0xff, 0x7b, 0x1e, 0x17, 0x70, 0x7f,
    0x83, 0xc0, 0xff, 0xcf, 0xff, 0xce, 0xf0, 0x80, 0x00, 0x02, 0xf7, 0x78, 0x00, 0x00, 0x83, 0x00,
    0x83, 0x43, 0x01, 0x01, 0x00, 0x00, 0x10, 0xa0, 0x00, 0x44, 0x00, 0x20, 0x82, 0x62, 0x84, 0x00,
    0x02, 0x30, 0xc4, 0x0c, 0x01, 0x10, 0x02, 0x04, 0x00, 0x08, 0x02, 0x00, 0x00, 0x00, 0x08, 0x10,
    0x00, 0x00, 0x08, 0x00, 0x00, 0x00, 0x00, 0x00, 0x00, 0x00, 0x00, 0x00, 0x00, 0x00, 0x00, 0x00,
    0x08, 0x48, 0x48, 0x40, 0x45, 0x06, 0x06, 0x26, 0x04, 0x95, 0xd7, 0x57, 0x53, 0x2f, 0xaf, 0xe7,
    0x6f, 0x4e, 0x1c, 0xbc, 0xd0, 0x23, 0xa0, 0xc0, 0xe0, 0xe0, 0xe0, 0xf0, 0xf0, 0x70, 0x90, 0xc0,
    0xe0, 0xe0, 0x70, 0xf0, 0xf0, 0x70, 0x78, 0x38, 0x38, 0x38, 0x3c, 0x14, 0x14, 0x18, 0x0e, 0x0e,
    0x0e, 0x0e, 0x0a, 0x8b, 0x8b, 0x8e, 0x1e, 0x1f, 0x1f, 0x1f, 0x0f, 0x0f, 0x0e, 0x0e, 0x0e, 0x0a,
    0x7a, 0x7a, 0xcf, 0x3e, 0x3b, 0x72, 0x06, 0x0d, 0x1d, 0x19, 0xd1, 0x01, 0x02, 0x02, 0x06, 0x0e,
    0x9d, 0x5e, 0x45, 0x60, 0xf0, 0xe0, 0x40, 0x40, 0x42, 0xc0, 0x80, 0xa0, 0x60, 0xe0, 0x21, 0xa0,
    0xc0, 0x40, 0x50, 0x10, 0x00, 0x30, 0x30, 0x20, 0x28, 0x20, 0x08, 0x20, 0x24, 0x20, 0xa4, 0x42,
    0x02, 0x40, 0x00, 0x00, 0x00, 0x00, 0x00, 0x00, 0x00, 0x00, 0x00, 0x00, 0x00, 0x00, 0x00, 0x00,
    0x02, 0x02, 0x09, 0x09, 0x04, 0x04, 0x02, 0x11, 0x08, 0x89, 0x84, 0x04, 0x62, 0x23, 0x11, 0x88,
    0x4c, 0x66, 0x01, 0x01, 0x02, 0x03, 0x01, 0x01, 0x01, 0x03, 0xe7, 0x06, 0x00, 0x00, 0x01, 0x00,
    0x01, 0x01, 0x00, 0x00, 0x00, 0x00, 0x00, 0x00, 0x00, 0x00, 0x00, 0x00, 0x00, 0x00, 0x00, 0x00,
    0x08, 0x04, 0x03, 0x00, 0x01, 0x01, 0x01, 0x00, 0x00, 0x02, 0x00, 0x3e, 0x1e, 0x06, 0x80, 0x40,
    0x3e, 0x1e, 0x1b, 0x03, 0x00, 0x00, 0x08, 0x05, 0x00, 0x00, 0x07, 0x78, 0x00, 0x00, 0x00, 0x01,
    0x00, 0x00, 0x00, 0x04, 0x00, 0x00, 0x00, 0x00, 0x00, 0x00, 0x00, 0x00, 0x00, 0x00, 0x01, 0x01,
    0x01, 0x00, 0x00, 0x03, 0x03, 0x03, 0x00, 0x02, 0x00, 0x00, 0x00, 0x00, 0x00, 0x00, 0x00, 0x0f,
    0x17, 0xd0, 0x20, 0x00, 0x00, 0x00, 0x00, 0x00, 0x00, 0x00, 0x00, 0x00, 0x00, 0x00, 0x00, 0x00
  },
  // Frame 46
  {
    0x00, 0x00, 0x00, 0x00, 0x00, 0x00, 0x00, 0x00, 0x00, 0x00, 0x00, 0x00, 0x00, 0x00, 0x00, 0x00,
    0x80, 0x00, 0x00, 0x40, 0x00, 0x20, 0x20, 0x30, 0x10, 0x30, 0x08, 0x00, 0x30, 0x20, 0x14, 0x10,
    0x10, 0x11, 0x13, 0x01, 0x10, 0x13, 0x03, 0x01, 0x0d, 0x05, 0x03, 0x0a, 0x07, 0x87, 0x88, 0xc3,
    0xc3, 0x43, 0xcb, 0xc3, 0xc6, 0xc6, 0x84, 0x87, 0x03, 0x06, 0x01, 0x05, 0x01, 0x01, 0x05, 0x01,
    0x00, 0x01, 0x06, 0x06, 0x00, 0x00, 0x02, 0x02, 0x00, 0x04, 0x10, 0x00, 0x00, 0x00, 0x00, 0x00,
    0x00, 0x80, 0x00, 0x00, 0x40, 0x10, 0x20, 0x20, 0x00, 0x80, 0x00, 0x00, 0x00, 0x00, 0x00, 0x00,
    0x00, 0x00, 0x00, 0x00, 0x18, 0x00, 0x00, 0x00, 0x10, 0x00, 0x10, 0x00, 0x10, 0x10, 0x00, 0x10,
    0x00, 0x10, 0x10, 0x00, 0x00, 0x00, 0x10, 0x00, 0x00, 0x18, 0x00, 0x18, 0x00, 0x00, 0x00, 0x00,
    0x00, 0x00, 0x00, 0xc0, 0x00, 0x00, 0x00, 0x00, 0x04, 0x00, 0x00, 0x00, 0x00, 0x00, 0x00, 0x00,
    0x00, 0x00, 0x00, 0x00, 0x00, 0x00, 0x00, 0x00, 0x00, 0x00, 0x00, 0x00, 0x00, 0x00, 0x00, 0x00,
    0x00, 0x00, 0x00, 0x00, 0x00, 0x10, 0x20, 0x20, 0x82, 0xc0, 0xc4, 0xc4, 0xf4, 0xf4, 0x75, 0x9b,
    0x83, 0x1c, 0xfb, 0xf4, 0xf3, 0xf2, 0xa0, 0x72, 0x56, 0xd6, 0xfa, 0x68, 0x38, 0x10, 0x00, 0x00,
    0x40, 0xf0, 0x40, 0x00, 0x40, 0x50, 0x20, 0x00, 0x00, 0x20, 0x00, 0x00, 0x00, 0x00, 0x00, 0x00,
    0x00, 0x00, 0x00, 0x00, 0x00, 0x00, 0x00, 0x00, 0x00, 0x00, 0x00, 0x00, 0x00, 0x00, 0x00, 0x00,
    0x00, 0x00, 0x00, 0x00, 0x00, 0x00, 0x00, 0x00, 0x00, 0x00, 0x00, 0x00, 0x00, 0x00, 0x00, 0x00,
    0x00, 0x00, 0x00, 0x00, 0x00, 0x00, 0x00, 0x00, 0x00, 0x00, 0x00, 0x00, 0x00, 0x00, 0x00, 0x00,
    0x00, 0x00, 0x00, 0x00, 0x00, 0x00, 0x00, 0x00, 0x00, 0x00, 0x00, 0x00, 0x00, 0x00, 0x00, 0x00,
    0x00, 0x00, 0x00, 0x00, 0x00, 0x00, 0x00, 0x00, 0x00, 0x00, 0x00, 0x00, 0x00, 0x00, 0x00, 0x00,
    0x00, 0x00, 0x00, 0x00, 0x00, 0x00, 0x00, 0x00, 0x00, 0x00, 0x03, 0x01, 0x43, 0x00, 0x00, 0x00,
    0x40, 0x40, 0x40, 0xe0, 0xe1, 0xe0, 0x71, 0x30, 0x00, 0x03, 0x03, 0x08, 0x00, 0x00, 0x00, 0x00,
    0x00, 0x00, 0x01, 0x00, 0x00, 0x01, 0x00, 0x00, 0x00, 0x00, 0x00, 0x00, 0x00, 0x00, 0x00, 0x00,
    0x00, 0x00, 0x00, 0x00, 0x00, 0x00, 0x00, 0x00, 0x00, 0x00, 0x00, 0x00, 0x00, 0x00, 0x00, 0x00,
    0x00, 0x00, 0x00, 0x00, 0x00, 0x00, 0x00, 0x00, 0x00, 0x00, 0x00, 0x00, 0x00, 0x00, 0x00, 0x00,
    0x00, 0x00, 0x00, 0x00, 0x00, 0x00, 0x00, 0x00, 0x00, 0x00, 0x00, 0x00, 0x00, 0x00, 0x00, 0x00,
    0x00, 0x00, 0x00, 0x00, 0x00, 0x00, 0x00, 0x00, 0x00, 0x00, 0x00, 0x00, 0x80, 0x80, 0x80, 0x00,
    0x40, 0xc0, 0x80, 0xf0, 0x80, 0x00, 0x00, 0x00, 0x00, 0x00, 0x00, 0x00, 0x00, 0x00, 0x00, 0x00,
    0x00, 0x00, 0x00, 0x00, 0x00, 0x00, 0x00, 0x08, 0x10, 0x20, 0x00, 0x30, 0x20, 0x70, 0xb0, 0x18,
    0xf8, 0xbc, 0x2a, 0x1e, 0x00, 0x00, 0x0c, 0xb0, 0xc3, 0x03, 0x1a, 0x3a, 0x1c, 0x0c, 0x08, 0xc0,
    0x20, 0x20, 0x50, 0xa0, 0x00, 0xc0, 0xc0, 0x00, 0x00, 0x00, 0x00, 0x00, 0x00, 0x00, 0x00, 0x00,
    0x00, 0x00, 0x00, 0x00, 0x00, 0x00, 0x00, 0x00, 0x00, 0x00, 0x00, 0x00, 0x00, 0x00, 0x00, 0x00,
    0x00, 0x00, 0x00, 0x00, 0x00, 0x00, 0x00, 0x00, 0x00, 0x00, 0x00, 0x00, 0x00, 0x00, 0x00, 0x00,
    0x00, 0x00, 0x00, 0x00, 0x00, 0x00, 0x00, 0x00, 0x00, 0x00, 0x00, 0x00, 0x00, 0x00, 0x00, 0x00,
    0x00, 0x00, 0x00, 0x00, 0x80, 0xc0, 0xc0, 0xc0, 0x00, 0x04, 0x1c, 0x78, 0xf8, 0x79, 0xfe, 0xff,
    0xfb, 0xf6, 0x1f, 0xff, 0xff, 0xff, 0x20, 0x00, 0x00, 0x01, 0x0a, 0x48, 0x72, 0xc0, 0x80, 0x00,
    0x00, 0x20, 0x40, 0x40, 0x00, 0x80, 0x80, 0x80, 0x02, 0x04, 0x08, 0x10, 0x70, 0xc0, 0x90, 0x80,
    0x01, 0x00, 0xe0, 0xf0, 0xfc, 0xf9, 0x73, 0x2e, 0x07, 0x00, 0xe0, 0xfc, 0xfc, 0xff, 0x38, 0xff,
    0x3f, 0x7c, 0xd0, 0xc3, 0x0e, 0x1c, 0xf5, 0x0f, 0xb0, 0xc0, 0x00, 0x03, 0xea, 0x00, 0x80, 0x38,
    0xf0, 0x04, 0x78, 0xd0, 0x00, 0x80, 0x00, 0x00, 0x00, 0x00, 0x00, 0x00, 0x00, 0x00, 0x00, 0xe0,
    0xe0, 0xe0, 0xe0, 0xe0, 0xe0, 0x40, 0x00, 0x00, 0x00, 0x00, 0x00, 0x00, 0x00, 0x00, 0x00, 0x00,
    0x00, 0x00, 0x00, 0x00, 0x00, 0x00, 0x00, 0x00, 0x00, 0x00, 0x00, 0x00, 0x00, 0x00, 0x00, 0x00,
    0x00, 0xc0, 0x00, 0x08, 0x70, 0x63, 0xe3, 0xe7, 0xef, 0xfe, 0xfc, 0xec, 0xf8, 0xf1, 0xc2, 0x05,
    0x0b, 0x17, 0xe7, 0x03, 0x0f, 0x03, 0x00, 0x00, 0x00, 0x00, 0x00, 0x00, 0x00, 0x00, 0x03, 0x06,
    0x08, 0x10, 0x00, 0x00, 0x00, 0x01, 0x03, 0x06, 0x0d, 0x19, 0x11, 0x02, 0x00, 0x00, 0x01, 0x03,
    0x07, 0x4f, 0x16, 0x2c, 0x19, 0x0a, 0x80, 0xe0, 0xfc, 0xff, 0xff, 0xfb, 0x1f, 0x17, 0xf0, 0xff,
    0xc3, 0xc0, 0xff, 0xcf, 0xff, 0xde, 0xf0, 0x80, 0x00, 0x02, 0x97, 0x3c, 0x00, 0x00, 0x33, 0x5c,
    0xdf, 0x1b, 0x2d, 0x01, 0x00, 0x08, 0x0e, 0x20, 0x00, 0x00, 0x10, 0x10, 0xd0, 0xc0, 0x00, 0x09,
    0x80, 0x40, 0x80, 0x08, 0x31, 0x20, 0x00, 0x00, 0x00, 0x08, 0x10, 0x20, 0x40, 0x00, 0x00, 0x00,
    0x20, 0x00, 0x00, 0x00, 0x00, 0x00, 0x00, 0x00, 0x00, 0x00, 0x00, 0x00, 0x00, 0x00, 0x00, 0x00,
    0x44, 0xa4, 0x25, 0x27, 0x2e, 0x26, 0xa6, 0xd5, 0x57, 0x57, 0x33, 0xaf, 0xa7, 0xd7, 0x4f, 0x5f,
    0x9c, 0xb8, 0xe1, 0x60, 0xa0, 0xe0, 0xc0, 0xe0, 0xe0, 0xe0, 0xe0, 0x20, 0xa0, 0xe0, 0xc0, 0xd0,
    0xe0, 0xe0, 0xe0, 0xe0, 0x70, 0x70, 0x70, 0x70, 0x30, 0x28, 0x38, 0x30, 0x38, 0x38, 0x14, 0x18,
    0x1c, 0x14, 0x34, 0x34, 0x34, 0x30, 0x33, 0x13, 0x05, 0x05, 0x05, 0x05, 0x66, 0xf7, 0xf7, 0x0d,
    0xf5, 0xe9, 0xcf, 0x1b, 0x3b, 0x77, 0x67, 0x47, 0x0f, 0x88, 0x8b, 0x14, 0x38, 0x60, 0x09, 0xa2,
    0x23, 0x00, 0x20, 0x1c, 0x44, 0x44, 0x00, 0x08, 0x00, 0x00, 0x00, 0xf0, 0x06, 0x04, 0x80, 0x70,
    0x04, 0x04, 0xc0, 0x58, 0x80, 0x80, 0xc0, 0x0c, 0x40, 0x40, 0x78, 0x40, 0x80, 0xb0, 0x62, 0x4c,
    0x50, 0x00, 0x00, 0x00, 0x00, 0x00, 0x00, 0x00, 0x00, 0x00, 0x00, 0x00, 0x00, 0x00, 0x00, 0x00,
    0x04, 0x04, 0x02, 0x12, 0x09, 0x88, 0x84, 0x04, 0x06, 0x26, 0x13, 0x81, 0x41, 0x4c, 0x26, 0x01,
    0x08, 0x04, 0x02, 0x03, 0x01, 0x03, 0x03, 0xeb, 0x05, 0x00, 0x00, 0x01, 0x03, 0x01, 0x00, 0x01,
    0x01, 0x00, 0x00, 0x00, 0x00, 0x00, 0x00, 0x00, 0x00, 0x00, 0x00, 0x00, 0x00, 0x00, 0x00, 0x00,
    0x08, 0x04, 0x00, 0x00, 0x00, 0x00, 0x00, 0x00, 0x00, 0x00, 0x00, 0x38, 0x18, 0x01, 0x81, 0x40,
    0x3c, 0x1d, 0x18, 0x00, 0x00, 0x00, 0x08, 0x05, 0x00, 0x00, 0x07, 0x78, 0x00, 0x00, 0x00, 0x01,
    0x00, 0x00, 0x00, 0x00, 0x00, 0x00, 0x02, 0x00, 0x00, 0x00, 0x01, 0x01, 0x01, 0x01, 0x00, 0x00,
    0x00, 0x00, 0x02, 0x00, 0x02, 0x02, 0x02, 0x00, 0x00, 0x00, 0x00, 0x00, 0x00, 0x00, 0x05, 0x0f,
    0x14, 0x44, 0x00, 0x00, 0x00, 0x00, 0x00, 0x00, 0x00, 0x00, 0x00, 0x00, 0x00, 0x00, 0x00, 0x00
  },
  // Frame 47
  {
    0x00, 0x00, 0x00, 0x00, 0x00, 0x00, 0x00, 0x00, 0x00, 0x00, 0x00, 0x00, 0x00, 0x00, 0x00, 0x00,
    0x80, 0x00, 0x00, 0x40, 0x00, 0x20, 0x20, 0x30, 0x10, 0x30, 0x08, 0x00, 0x20, 0x20, 0x14, 0x12,
    0x10, 0x11, 0x13, 0x01, 0x10, 0x13, 0x0b, 0x09, 0x0d, 0x05, 0x03, 0x0a, 0x03, 0x83, 0x88, 0xc3,
    0xcb, 0x43, 0x8b, 0xc2, 0xc2, 0xce, 0x84, 0x87, 0x03, 0x04, 0x01, 0x05, 0x01, 0x01, 0x05, 0x01,
    0x00, 0x01, 0x06, 0x02, 0x04, 0x00, 0x02, 0x02, 0x00, 0x04, 0x10, 0x04, 0x00, 0x00, 0x00, 0x00,
    0x00, 0x00, 0x00, 0x00, 0x40, 0x10, 0x20, 0x20, 0x00, 0x00, 0x00, 0x00, 0x00, 0x00, 0x00, 0x00,
    0x00, 0x00, 0x00, 0x00, 0x18, 0x00, 0x00, 0x00, 0x10, 0x00, 0x10, 0x00, 0x10, 0x10, 0x00, 0x10,
    0x00, 0x10, 0x10, 0x00, 0x00, 0x00, 0x10, 0x00, 0x00, 0x18, 0x00, 0x18, 0x00, 0x00, 0x00, 0x00,
    0x00, 0x00, 0x00, 0x40, 0x00, 0x00, 0x00, 0x00, 0x04, 0x00, 0x00, 0x00, 0x00, 0x00, 0x00, 0x00,
    0x00, 0x00, 0x00, 0x00, 0x00, 0x00, 0x00, 0x00, 0x00, 0x00, 0x00, 0x00, 0x00, 0x00, 0x00, 0x00,
    0x00, 0x00, 0x00, 0x00, 0x00, 0x10, 0x20, 0x60, 0xc2, 0xc0, 0xd4, 0xc4, 0xf4, 0xf4, 0x75, 0x9b,
    0x83, 0x7c, 0xfb, 0xf4, 0xf3, 0xf2, 0x80, 0x72, 0x56, 0xd6, 0xfc, 0x68, 0x38, 0x10, 0x00, 0x00,
    0x00, 0xf0, 0x00, 0x00, 0x40, 0x50, 0x20, 0x00, 0x00, 0xa0, 0x00, 0x00, 0x00, 0x00, 0x00, 0x00,
    0x00, 0x00, 0x00, 0x00, 0x00, 0x00, 0x00, 0x00, 0x00, 0x00, 0x00, 0x00, 0x00, 0x00, 0x00, 0x00,
    0x00, 0x00, 0x00, 0x00, 0x00, 0x00, 0x00, 0x00, 0x00, 0x00, 0x00, 0x00, 0x00, 0x00, 0x00, 0x00,
    0x00, 0x00, 0x00, 0x00, 0x00, 0x00, 0x00, 0x00, 0x00, 0x00, 0x00, 0x00, 0x00, 0x00, 0x00, 0x00,
    0x00, 0x00, 0x00, 0x00, 0x00, 0x00, 0x00, 0x00, 0x00, 0x00, 0x00, 0x00, 0x00, 0x00, 0x00, 0x00,
    0x00, 0x00, 0x00, 0x00, 0x00, 0x00, 0x00, 0x00, 0x00, 0x00, 0x00, 0x00, 0x00, 0x00, 0x00, 0x00,
    0x00, 0x00, 0x00, 0x00, 0x00, 0x00, 0x00, 0x00, 0x00, 0x00, 0x03, 0x01, 0x43, 0x00, 0x00, 0x00,
    0x40, 0x40, 0xc0, 0xe3, 0xe1, 0xf0, 0x71, 0x30, 0x00, 0x03, 0x03, 0x28, 0x00, 0x00, 0x00, 0x00,
    0x00, 0x00, 0x01, 0x00, 0x00, 0x01, 0x00, 0x00, 0x00, 0x00, 0x00, 0x00, 0x00, 0x00, 0x00, 0x00,
    0x00, 0x00, 0x00, 0x00, 0x00, 0x00, 0x00, 0x00, 0x00, 0x00, 0x00, 0x00, 0x00, 0x00, 0x00, 0x00,
    0x00, 0x00, 0x00, 0x00, 0x00, 0x00, 0x00, 0x00, 0x00, 0x00, 0x00, 0x00, 0x00, 0x00, 0x00, 0x00,
    0x00, 0x00, 0x00, 0x00, 0x00, 0x00, 0x00, 0x00, 0x00, 0x00, 0x00, 0x00, 0x00, 0x00, 0x00, 0x00,
    0x00, 0x00, 0x00, 0x00, 0x00, 0x00, 0x00, 0x00, 0x00, 0x00, 0x00, 0x00, 0x80, 0x80, 0x00, 0x00,
    0x40, 0xc0, 0x80, 0xf0, 0x80, 0x00, 0x00, 0x00, 0x40, 0x00, 0x00, 0x00, 0x00, 0x00, 0x00, 0x00,
    0x00, 0x00, 0x00, 0x00, 0x00, 0x00, 0x00, 0x00, 0x10, 0x20, 0x00, 0x30, 0x20, 0x70, 0xb0, 0x18,
    0xf8, 0xbc, 0x0a, 0x1e, 0x00, 0x00, 0x0c, 0xb0, 0xc3, 0x03, 0x1a, 0x3a, 0x1c, 0x08, 0x08, 0xc0,
    0x20, 0x20, 0x50, 0xa0, 0x00, 0xc0, 0xc0, 0x00, 0x00, 0x00, 0x00, 0x00, 0x00, 0x00, 0x00, 0x00,
    0x00, 0x00, 0x00, 0x00, 0x00, 0x00, 0x00, 0x00, 0x00, 0x00, 0x00, 0x00, 0x00, 0x00, 0x00, 0x00,
    0x00, 0x00, 0x00, 0x00, 0x00, 0x00, 0x00, 0x00, 0x00, 0x00, 0x00, 0x00, 0x00, 0x00, 0x00, 0x00,
    0x00, 0x00, 0x00, 0x00, 0x00, 0x00, 0x00, 0x00, 0x00, 0x00, 0x00, 0x00, 0x00, 0x00, 0x00, 0x00,
    0x00, 0x00, 0x00, 0x00, 0xc0, 0xc0, 0xc0, 0x80, 0x00, 0x04, 0x1c, 0x38, 0x78, 0xf9, 0xfe, 0xfd,
    0xfb, 0xfe, 0xff, 0xfd, 0xff, 0xff, 0x00, 0x00, 0x00, 0x01, 0x1a, 0x58, 0x72, 0xc0, 0x80, 0x00,
    0x00, 0x00, 0x40, 0x40, 0x00, 0x80, 0x80, 0x82, 0x82, 0x04, 0x08, 0x10, 0x70, 0xe0, 0x90, 0x80,
    0x01, 0x40, 0xe0, 0xf0, 0xfc, 0xf9, 0x73, 0x2f, 0x07, 0x00, 0xe0, 0xfc, 0xfc, 0xf7, 0x30, 0xff,
    0x3f, 0x7c, 0xd0, 0xc3, 0x0e, 0x14, 0xf5, 0x0f, 0x30, 0xe0, 0x00, 0x03, 0xea, 0x00, 0x00, 0xfc,
    0xf2, 0x04, 0x78, 0xd0, 0x20, 0xc0, 0x00, 0x00, 0x00, 0x00, 0x00, 0x00, 0x00, 0x00, 0x00, 0x80,
    0x80, 0x80, 0x80, 0x80, 0x00, 0x00, 0x00, 0x00, 0x00, 0x00, 0x00, 0x00, 0x00, 0x00, 0x00, 0x00,
    0x00, 0x00, 0x00, 0x00, 0x00, 0x00, 0x00, 0x00, 0x00, 0x00, 0x00, 0x00, 0x00, 0x00, 0x00, 0x00,
    0xc0, 0x80, 0x00, 0x08, 0x71, 0xf3, 0xe5, 0xef, 0xff, 0xf6, 0xec, 0xf8, 0x70, 0xe1, 0x07, 0x0f,
    0x17, 0xef, 0x00, 0x0f, 0x0f, 0x08, 0x00, 0x00, 0x00, 0x00, 0x00, 0x00, 0x00, 0x00, 0x03, 0x0e,
    0x08, 0x10, 0x00, 0x00, 0x00, 0x01, 0x01, 0x06, 0x0d, 0x01, 0x11, 0x02, 0x04, 0x00, 0x01, 0x03,
    0x07, 0x4f, 0x16, 0x2c, 0x19, 0x0a, 0x80, 0xe0, 0xfc, 0xff, 0xff, 0xfb, 0x1f, 0x17, 0xf0, 0xff,
    0xc3, 0xc0, 0xff, 0xcf, 0xff, 0xce, 0xf0, 0x81, 0x00, 0x00, 0x9b, 0x7c, 0x00, 0x00, 0x73, 0x1d,
    0x8f, 0x1b, 0x0d, 0x21, 0x30, 0x38, 0x9f, 0x00, 0x00, 0x00, 0x00, 0x00, 0x80, 0x80, 0x00, 0x03,
    0x83, 0xcf, 0x8f, 0x03, 0x03, 0x02, 0x00, 0x00, 0x00, 0x00, 0x00, 0x40, 0x40, 0x00, 0x00, 0x00,
    0x00, 0x00, 0x00, 0x00, 0x00, 0x00, 0x00, 0x00, 0x00, 0x00, 0x00, 0x00, 0x00, 0x00, 0x00, 0x00,
    0xa4, 0x25, 0x6b, 0x2b, 0xae, 0x2e, 0xc5, 0x17, 0x57, 0x33, 0xaf, 0xa7, 0xdf, 0x4f, 0x5d, 0x98,
    0x90, 0xe7, 0x60, 0xa0, 0xc0, 0xc0, 0xc0, 0xe0, 0xe0, 0x60, 0x60, 0xa0, 0x80, 0xc0, 0xc0, 0xe0,
    0xc0, 0xe0, 0xe0, 0xe0, 0x60, 0x30, 0x50, 0x50, 0x00, 0x10, 0x30, 0x30, 0x30, 0x10, 0x38, 0x28,
    0x28, 0x28, 0x20, 0x20, 0x38, 0x72, 0x73, 0x33, 0x3b, 0x3b, 0x3f, 0xbf, 0xe8, 0x6b, 0xfb, 0xfb,
    0xdf, 0x1f, 0x37, 0xf3, 0xef, 0xcf, 0x8f, 0x17, 0x1f, 0x30, 0x27, 0x78, 0xc0, 0x80, 0x48, 0x22,
    0x00, 0x00, 0x38, 0x0c, 0xc0, 0x40, 0x00, 0x0c, 0x00, 0x00, 0x80, 0x78, 0x03, 0x04, 0x80, 0x10,
    0x00, 0x80, 0xe0, 0x38, 0x80, 0x82, 0xa0, 0x04, 0x00, 0x80, 0xc4, 0xc0, 0x90, 0x78, 0x60, 0x40,
    0x00, 0xa4, 0x06, 0x00, 0x00, 0x00, 0x00, 0x00, 0x00, 0x00, 0x00, 0x00, 0x00, 0x00, 0x00, 0x00,
    0x02, 0x12, 0x09, 0x8c, 0x04, 0x06, 0x44, 0x22, 0x13, 0x11, 0x88, 0x44, 0x20, 0x02, 0x01, 0x08,
    0x02, 0x06, 0x03, 0x03, 0x01, 0x83, 0x37, 0x05, 0x01, 0x00, 0x01, 0x03, 0x03, 0x01, 0x01, 0x01,
    0x00, 0x00, 0x00, 0x00, 0x00, 0x00, 0x00, 0x00, 0x00, 0x00, 0x00, 0x00, 0x00, 0x00, 0x00, 0x00,
    0x08, 0x00, 0x02, 0x00, 0x00, 0x02, 0x00, 0x00, 0x00, 0x00, 0x00, 0x31, 0x1b, 0x03, 0x80, 0x61,
    0x39, 0x19, 0x18, 0x00, 0x02, 0x00, 0x08, 0x05, 0x00, 0x00, 0x07, 0x78, 0x00, 0x01, 0x00, 0x00,
    0x00, 0x00, 0x00, 0x00, 0x02, 0x02, 0x02, 0x02, 0x02, 0x00, 0x01, 0x01, 0x00, 0x00, 0x01, 0x00,
    0x00, 0x02, 0x02, 0x01, 0x01, 0x01, 0x01, 0x01, 0x01, 0x00, 0x00, 0x00, 0x00, 0x00, 0x07, 0x0f,
    0x18, 0x0c, 0x00, 0x00, 0x00, 0x00, 0x00, 0x00, 0x00, 0x00, 0x00, 0x00, 0x00, 0x00, 0x00, 0x00
  },
  // Frame 48
  {
    0x00, 0x00, 0x00, 0x00, 0x00, 0x00, 0x00, 0x00, 0x00, 0x00, 0x00, 0x00, 0x00, 0x00, 0x00, 0x00,
    0x80, 0x00, 0x00, 0x40, 0x00, 0x20, 0x20, 0x30, 0x10, 0x30, 0x08, 0x00, 0x20, 0x30, 0x14, 0x12,
    0x10, 0x11, 0x13, 0x03, 0x10, 0x13, 0x03, 0x05, 0x0d, 0x05, 0x01, 0x0a, 0x03, 0x83, 0x88, 0xc3,
    0xcf, 0x4f, 0x0f, 0xc6, 0xc2, 0xce, 0xc4, 0x87, 0x83, 0x06, 0x01, 0x05, 0x07, 0x02, 0x07, 0x01,
    0x02, 0x01, 0x06, 0x02, 0x04, 0x02, 0x02, 0x00, 0x00, 0x04, 0x10, 0x04, 0x00, 0x00, 0x00, 0x00,
    0x00, 0x00, 0x00, 0x00, 0x50, 0x10, 0x20, 0x20, 0x00, 0x00, 0x00, 0x00, 0x00, 0x00, 0x00, 0x00,
    0x00, 0x00, 0x00, 0x00, 0x18, 0x00, 0x00, 0x00, 0x10, 0x00, 0x10, 0x00, 0x10, 0x10, 0x00, 0x10,
    0x00, 0x10, 0x10, 0x00, 0x00, 0x00, 0x10, 0x00, 0x00, 0x18, 0x00, 0x18, 0x00, 0x00, 0x00, 0x00,
    0x00, 0x00, 0x00, 0x40, 0x00, 0x00, 0x00, 0x00, 0x04, 0x00, 0x00, 0x00, 0x00, 0x00, 0x00, 0x00,
    0x00, 0x00, 0x00, 0x00, 0x00, 0x00, 0x00, 0x00, 0x00, 0x00, 0x00, 0x00, 0x00, 0x00, 0x00, 0x00,
    0x00, 0x00, 0x00, 0x00, 0x00, 0x10, 0x20, 0xe0, 0xc0, 0xc0, 0xd4, 0xd4, 0xf5, 0xf5, 0x75, 0x9b,
    0x83, 0x7c, 0xfb, 0xf4, 0xf3, 0xe2, 0x80, 0x72, 0xd2, 0xd2, 0xf4, 0x68, 0x38, 0x10, 0x00, 0x00,
    0x00, 0xf0, 0x40, 0x00, 0x40, 0x50, 0x60, 0x80, 0x00, 0xa0, 0x00, 0x00, 0x00, 0x00, 0x00, 0x00,
    0x00, 0x00, 0x02, 0x00, 0x00, 0x00, 0x00, 0x00, 0x00, 0x00, 0x00, 0x00, 0x00, 0x00, 0x00, 0x00,
    0x00, 0x00, 0x00, 0x00, 0x00, 0x00, 0x00, 0x00, 0x00, 0x00, 0x00, 0x00, 0x00, 0x00, 0x00, 0x00,
    0x00, 0x00, 0x00, 0x00, 0x00, 0x00, 0x00, 0x00, 0x00, 0x00, 0x00, 0x00, 0x00, 0x00, 0x00, 0x00,
    0x00, 0x00, 0x00, 0x00, 0x00, 0x00, 0x00, 0x00, 0x00, 0x00, 0x00, 0x00, 0x00, 0x00, 0x00, 0x00,
    0x00, 0x00, 0x00, 0x00, 0x00, 0x00, 0x00, 0x00, 0x00, 0x00, 0x00, 0x40, 0x00, 0x00, 0x00, 0x00,
    0x00, 0x00, 0x00, 0x00, 0x00, 0x00, 0x00, 0x00, 0x00, 0x01, 0x03, 0x01, 0x43, 0x00, 0x00, 0x00,
    0x40, 0x40, 0xc0, 0xe2, 0xe1, 0xe0, 0x71, 0x30, 0x00, 0x03, 0x03, 0x28, 0x00, 0x80, 0x00, 0x00,
    0x00, 0x00, 0x01, 0x00, 0x00, 0x01, 0x00, 0x00, 0x00, 0x00, 0x00, 0x00, 0x00, 0x00, 0x00, 0x00,
    0x00, 0x00, 0x00, 0x00, 0x00, 0x00, 0x00, 0x00, 0x00, 0x00, 0x00, 0x00, 0x00, 0x00, 0x00, 0x00,
    0x00, 0x00, 0x00, 0x00, 0x00, 0x00, 0x00, 0x00, 0x00, 0x00, 0x00, 0x00, 0x00, 0x00, 0x00, 0x00,
    0x00, 0x00, 0x00, 0x00, 0x00, 0x00, 0x00, 0x00, 0x00, 0x00, 0x00, 0x00, 0x00, 0x00, 0x00, 0x00,
    0x00, 0x00, 0x00, 0x00, 0x00, 0x00, 0x00, 0x00, 0x00, 0x00, 0x00, 0x00, 0x80, 0x80, 0x00, 0x00,
    0x40, 0xc0, 0x80, 0xf0, 0x80, 0x00, 0x00, 0x00, 0x40, 0x00, 0x00, 0x00, 0x00, 0x00, 0x00, 0x00,
    0x00, 0x00, 0x00, 0x00, 0x00, 0x00, 0x00, 0x00, 0x10, 0x20, 0x00, 0x30, 0x20, 0x70, 0xb0, 0x10,
    0xf8, 0xbc, 0x0a, 0x1e, 0x00, 0x00, 0x0c, 0xb0, 0xc3, 0x03, 0x1a, 0x3a, 0x16, 0x08, 0x08, 0xc0,
    0x20, 0x20, 0x50, 0xa0, 0x00, 0xc0, 0xe0, 0x00, 0x00, 0x00, 0x80, 0x00, 0x00, 0x00, 0x00, 0x00,
    0x00, 0x00, 0x00, 0x00, 0x00, 0x00, 0x00, 0x00, 0x00, 0x00, 0x00, 0x00, 0x00, 0x00, 0x00, 0x00,
    0x00, 0x00, 0x00, 0x00, 0x00, 0x00, 0x00, 0x00, 0x00, 0x00, 0x00, 0x00, 0x00, 0x00, 0x00, 0x00,
    0x00, 0x00, 0x00, 0x00, 0x00, 0x00, 0x00, 0x00, 0x00, 0x00, 0x00, 0x00, 0x00, 0x00, 0x00, 0x00,
    0x00, 0x00, 0x00, 0xc0, 0xc0, 0xe0, 0xc0, 0x80, 0x0c, 0x0c, 0x1c, 0xb8, 0x78, 0xfb, 0xfe, 0xff,
    0xf7, 0x0f, 0xff, 0xff, 0xff, 0xfe, 0x00, 0x00, 0x00, 0x03, 0x16, 0x58, 0x72, 0xc0, 0x80, 0x00,
    0x00, 0x20, 0x40, 0x40, 0x00, 0x80, 0x80, 0x82, 0x02, 0x84, 0x08, 0x10, 0x70, 0xe0, 0x90, 0x80,
    0x01, 0x40, 0xe0, 0xf0, 0xfc, 0xf9, 0x73, 0x2f, 0x07, 0x00, 0xe0, 0xfc, 0xfc, 0xf7, 0x30, 0xff,
    0x37, 0x7c, 0xf0, 0xc3, 0x06, 0x1c, 0xf5, 0x0f, 0x38, 0xe0, 0x00, 0x03, 0x6e, 0x00, 0x00, 0xfc,
    0xf2, 0x04, 0x78, 0xd0, 0x20, 0xc0, 0x00, 0x00, 0x00, 0x00, 0x00, 0x00, 0x00, 0x00, 0x00, 0x00,
    0x00, 0x00, 0x00, 0x00, 0x00, 0x00, 0x00, 0x00, 0x00, 0x00, 0x00, 0x00, 0x00, 0x00, 0x00, 0x00,
    0x00, 0x00, 0x00, 0x00, 0x00, 0x00, 0x00, 0x00, 0x00, 0x00, 0x00, 0x00, 0x00, 0x00, 0x00, 0x00,
    0x80, 0x00, 0x78, 0xf1, 0xf2, 0xf5, 0xff, 0xff, 0xfe, 0xec, 0xb8, 0xe0, 0x03, 0x06, 0x0f, 0xf7,
    0x0f, 0x00, 0x03, 0x1f, 0x3f, 0x08, 0x00, 0x00, 0x00, 0x00, 0x00, 0x00, 0x01, 0x00, 0x03, 0x0e,
    0x08, 0x10, 0x00, 0x00, 0x00, 0x01, 0x02, 0x06, 0x0c, 0x01, 0x13, 0x02, 0x00, 0x00, 0x01, 0x03,
    0x07, 0x4f, 0x16, 0x2c, 0x19, 0x0a, 0x80, 0xe0, 0xfc, 0xff, 0xff, 0xfb, 0x1f, 0x17, 0xf0, 0xff,
    0xc3, 0xc0, 0xff, 0xcf, 0xff, 0xde, 0xf0, 0x81, 0x00, 0x00, 0x9b, 0x7c, 0x00, 0x00, 0xf3, 0x1d,
    0x1f, 0x9b, 0xcd, 0xe1, 0xf0, 0xf8, 0xff, 0xe0, 0x80, 0x00, 0x00, 0x00, 0x00, 0x00, 0x30, 0x38,
    0x78, 0x78, 0xf8, 0x30, 0x70, 0x00, 0x00, 0x00, 0x00, 0x00, 0x00, 0x00, 0x00, 0x00, 0x00, 0x00,
    0x00, 0x00, 0x00, 0x00, 0x00, 0x00, 0x00, 0x00, 0x00, 0x00, 0x00, 0x00, 0x00, 0x00, 0x00, 0x00,
    0x03, 0x8b, 0x8b, 0xca, 0x4a, 0x45, 0x77, 0x37, 0xab, 0xaf, 0xd7, 0x4e, 0x5d, 0x78, 0x80, 0xdf,
    0x40, 0xc0, 0xc0, 0xc0, 0xc0, 0xc0, 0xc0, 0xc0, 0x40, 0x40, 0x80, 0x80, 0x80, 0x80, 0xc0, 0xc0,
    0xc0, 0x80, 0xc0, 0xe0, 0xa0, 0x60, 0x40, 0x60, 0x60, 0x60, 0x60, 0x20, 0x00, 0x10, 0x60, 0x60,
    0x40, 0x40, 0x40, 0xc0, 0x48, 0x1e, 0x7f, 0x3f, 0xbf, 0xff, 0xdf, 0x5f, 0xf0, 0xdf, 0x3f, 0x7f,
    0xff, 0xdf, 0x9f, 0x2f, 0x3f, 0x3f, 0x5f, 0x7f, 0xff, 0x90, 0x07, 0x80, 0x10, 0x34, 0x04, 0x00,
    0x85, 0x84, 0x39, 0x01, 0xc1, 0x00, 0x02, 0x04, 0x00, 0x00, 0x00, 0xff, 0x00, 0x00, 0x03, 0x1c,
    0x00, 0x00, 0x80, 0xf1, 0x00, 0x00, 0x8c, 0xc0, 0x02, 0x06, 0x50, 0x00, 0x1c, 0x10, 0x40, 0x20,
    0x00, 0x00, 0x00, 0x00, 0x00, 0x00, 0x00, 0x00, 0x00, 0x00, 0x00, 0x00, 0x00, 0x00, 0x00, 0x00,
    0x0c, 0x04, 0x06, 0x22, 0x23, 0x12, 0x91, 0x89, 0x49, 0x04, 0x20, 0x42, 0x11, 0x08, 0x04, 0x06,
    0x07, 0x03, 0x03, 0xc7, 0x17, 0x03, 0x01, 0x00, 0x03, 0x01, 0x03, 0x03, 0x01, 0x01, 0x01, 0x01,
    0x01, 0x00, 0x00, 0x02, 0x00, 0x00, 0x00, 0x00, 0x00, 0x00, 0x00, 0x00, 0x00, 0x00, 0x00, 0x04,
    0x00, 0x00, 0x00, 0x04, 0x00, 0x00, 0x00, 0x00, 0x03, 0x07, 0x07, 0x20, 0x03, 0x8b, 0x83, 0x40,
    0x38, 0x1d, 0x1f, 0x01, 0x00, 0x00, 0x08, 0x04, 0x00, 0x01, 0x03, 0x75, 0x01, 0x00, 0x00, 0x00,
    0x00, 0x00, 0x00, 0x08, 0x09, 0x09, 0x08, 0x00, 0x00, 0x05, 0x00, 0x01, 0x04, 0x01, 0x00, 0x08,
    0x08, 0x00, 0x04, 0x05, 0x04, 0x01, 0x00, 0x04, 0x00, 0x02, 0x03, 0x00, 0x02, 0x01, 0x0c, 0x06,
    0x68, 0x6c, 0x00, 0x00, 0x00, 0x00, 0x00, 0x00, 0x00, 0x00, 0x00, 0x00, 0x00, 0x00, 0x00, 0x00
  },
  // Frame 49
  {
    0x00, 0x00, 0x00, 0x00, 0x00, 0x00, 0x00, 0x00, 0x00, 0x00, 0x00, 0x00, 0x00, 0x00, 0x00, 0x00,
    0x80, 0x00, 0x00, 0x40, 0x00, 0x20, 0x20, 0x30, 0x10, 0x30, 0x08, 0x00, 0x28, 0x10, 0x14, 0x12,
    0x10, 0x10, 0x13, 0x03, 0x10, 0x13, 0x03, 0x05, 0x0d, 0x0f, 0x01, 0x0a, 0x03, 0x83, 0x88, 0xc3,
    0xcf, 0x4f, 0x0b, 0xc6, 0xc2, 0xc6, 0xc0, 0x87, 0x83, 0x06, 0x01, 0x05, 0x07, 0x02, 0x07, 0x03,
    0x02, 0x01, 0x06, 0x02, 0x04, 0x02, 0x02, 0x00, 0x00, 0x00, 0x10, 0x04, 0x00, 0x00, 0x00, 0x00,
    0x00, 0x00, 0x00, 0x00, 0x40, 0x10, 0x20, 0x20, 0x00, 0x00, 0x00, 0x00, 0x00, 0x00, 0x00, 0x00,
    0x00, 0x00, 0x00, 0x00, 0x18, 0x00, 0x00, 0x00, 0x10, 0x00, 0x10, 0x00, 0x10, 0x10, 0x00, 0x10,
    0x00, 0x10, 0x10, 0x00, 0x00, 0x00, 0x10, 0x00, 0x00, 0x18, 0x00, 0x18, 0x00, 0x00, 0x00, 0x00,
    0x00, 0x00, 0x00, 0x40, 0x00, 0x00, 0x00, 0x00, 0x04, 0x00, 0x00, 0x00, 0x00, 0x00, 0x00, 0x00,
    0x00, 0x00, 0x00, 0x00, 0x00, 0x00, 0x00, 0x00, 0x00, 0x00, 0x00, 0x00, 0x00, 0x00, 0x00, 0x00,
    0x00, 0x00, 0x00, 0x00, 0x00, 0x00, 0x20, 0xa0, 0xc0, 0xc0, 0xd4, 0xd4, 0xf5, 0xf5, 0x75, 0x9b,
    0x03, 0x7c, 0xfb, 0xf4, 0xf3, 0xe2, 0xa0, 0x72, 0xd2, 0xd2, 0xf4, 0x68, 0x38, 0x10, 0x00, 0x00,
    0x20, 0xf0, 0x80, 0x40, 0x40, 0x50, 0x60, 0x80, 0x00, 0xa0, 0x00, 0x10, 0x00, 0x00, 0x00, 0x00,
    0x00, 0x00, 0x02, 0x00, 0x00, 0x00, 0x00, 0x00, 0x00, 0x00, 0x00, 0x00, 0x00, 0x00, 0x00, 0x00,
    0x00, 0x00, 0x00, 0x00, 0x00, 0x00, 0x00, 0x00, 0x00, 0x00, 0x00, 0x00, 0x00, 0x00, 0x00, 0x00,
    0x00, 0x00, 0x00, 0x00, 0x00, 0x00, 0x00, 0x00, 0x00, 0x00, 0x00, 0x00, 0x00, 0x00, 0x00, 0x00,
    0x00, 0x00, 0x00, 0x00, 0x00, 0x00, 0x00, 0x00, 0x00, 0x00, 0x00, 0x00, 0x00, 0x00, 0x00, 0x00,
    0x00, 0x00, 0x00, 0x00, 0x00, 0x00, 0x00, 0x00, 0x00, 0x00, 0x00, 0x40, 0x00, 0x00, 0x00, 0x00,
    0x00, 0x00, 0x00, 0x00, 0x00, 0x00, 0x00, 0x00, 0x00, 0x01, 0x03, 0x01, 0x02, 0x00, 0x00, 0x00,
    0x40, 0x40, 0xc0, 0xe3, 0xe1, 0xf0, 0x71, 0x30, 0x00, 0x03, 0x03, 0x28, 0x00, 0x80, 0x00, 0x00,
    0x00, 0x01, 0x00, 0x00, 0x01, 0x01, 0x00, 0x00, 0x00, 0x00, 0x00, 0x00, 0x00, 0x00, 0x00, 0x00,
    0x00, 0x00, 0x00, 0x00, 0x00, 0x00, 0x00, 0x00, 0x00, 0x00, 0x00, 0x00, 0x00, 0x00, 0x00, 0x00,
    0x00, 0x00, 0x00, 0x00, 0x00, 0x00, 0x00, 0x00, 0x00, 0x00, 0x00, 0x00, 0x00, 0x00, 0x00, 0x00,
    0x00, 0x00, 0x00, 0x00, 0x00, 0x00, 0x00, 0x00, 0x00, 0x00, 0x00, 0x00, 0x00, 0x00, 0x00, 0x00,
    0x00, 0x00, 0x00, 0x00, 0x00, 0x00, 0x00, 0x00, 0x00, 0x00, 0x00, 0x00, 0x80, 0x80, 0x00, 0x00,
    0x40, 0xc0, 0x80, 0xf0, 0x00, 0x00, 0x00, 0x00, 0x40, 0x00, 0x00, 0x00, 0x00, 0x00, 0x00, 0x00,
    0x00, 0x00, 0x00, 0x00, 0x00, 0x00, 0x00, 0x00, 0x10, 0x20, 0x00, 0x30, 0x20, 0x70, 0xb0, 0x10,
    0xf8, 0xbc, 0x0a, 0x1e, 0x00, 0x00, 0x0c, 0xf0, 0xc3, 0x03, 0x1a, 0x3a, 0x1e, 0x08, 0x08, 0xc0,
    0x20, 0x20, 0x50, 0xa0, 0x00, 0xc0, 0xe0, 0x00, 0x00, 0x00, 0x80, 0x00, 0x00, 0x00, 0x00, 0x00,
    0x00, 0x00, 0x00, 0x00, 0x00, 0x00, 0x00, 0x00, 0x00, 0x00, 0x00, 0x00, 0x00, 0x00, 0x00, 0x00,
    0x00, 0x00, 0x00, 0x00, 0x00, 0x00, 0x00, 0x00, 0x00, 0x00, 0x00, 0x00, 0x00, 0x00, 0x00, 0x00,
    0x00, 0x00, 0x00, 0x00, 0x00, 0x00, 0x00, 0x00, 0x00, 0x00, 0x00, 0x00, 0x00, 0x00, 0x00, 0x00,
    0x00, 0x00, 0x00, 0xc0, 0xc0, 0xe0, 0xe0, 0x80, 0x04, 0x0c, 0x1c, 0xb8, 0xf8, 0xff, 0xff, 0xff,
    0xf7, 0x1f, 0xff, 0xff, 0xff, 0x7a, 0x00, 0x00, 0x00, 0x03, 0x16, 0x58, 0x72, 0xc0, 0x80, 0x00,
    0x00, 0x00, 0x40, 0x40, 0x00, 0x80, 0x80, 0x82, 0x02, 0x84, 0x0c, 0x10, 0x70, 0x60, 0x90, 0x80,
    0x01, 0x40, 0xe0, 0xf0, 0xfc, 0xf9, 0x73, 0x2f, 0x07, 0x00, 0xe0, 0xfc, 0xfc, 0xff, 0x38, 0xff,
    0x3f, 0x7c, 0xd0, 0xc3, 0x06, 0x14, 0xf5, 0x8f, 0x38, 0xe0, 0x00, 0x03, 0x6e, 0x00, 0x00, 0xfc,
    0xf2, 0x04, 0x78, 0xd0, 0x20, 0xc0, 0x00, 0x00, 0x00, 0x00, 0x00, 0x00, 0x00, 0x00, 0x00, 0x00,
    0x00, 0x00, 0x00, 0x00, 0x00, 0x00, 0x00, 0x00, 0x00, 0x00, 0x00, 0x00, 0x00, 0x00, 0x00, 0x00,
    0x00, 0x00, 0x00, 0x00, 0x00, 0x00, 0x00, 0x00, 0x00, 0x00, 0x00, 0x00, 0x00, 0x00, 0x00, 0x00,
    0x00, 0x0c, 0x78, 0xf1, 0xf3, 0xff, 0xff, 0xff, 0xee, 0xdc, 0x70, 0xc0, 0x03, 0x07, 0x3b, 0x6f,
    0x07, 0x00, 0x07, 0x1f, 0x3f, 0x00, 0x00, 0x00, 0x00, 0x00, 0x00, 0x00, 0x01, 0x00, 0x03, 0x06,
    0x08, 0x10, 0x00, 0x00, 0x00, 0x01, 0x02, 0x06, 0x0c, 0x01, 0x13, 0x02, 0x00, 0x00, 0x01, 0x03,
    0x07, 0x4f, 0x16, 0x2c, 0x19, 0x0a, 0x80, 0xe0, 0xfc, 0xff, 0xff, 0xfb, 0x1f, 0x17, 0xf0, 0xff,
    0xc3, 0xc0, 0xff, 0xdf, 0xff, 0xde, 0xf0, 0x81, 0x00, 0x00, 0x9b, 0xfc, 0x00, 0x00, 0xf3, 0x1d,
    0x1f, 0x9b, 0xcd, 0xe1, 0xf0, 0xf8, 0xff, 0xe0, 0x80, 0x00, 0x00, 0x00, 0x00, 0x00, 0x80, 0xc0,
    0xc0, 0xc0, 0xc0, 0x80, 0x80, 0x00, 0x00, 0x00, 0x00, 0x00, 0x00, 0x00, 0x00, 0x00, 0x00, 0x00,
    0x00, 0x00, 0x00, 0x00, 0x00, 0x00, 0x00, 0x00, 0x00, 0x00, 0x00, 0x00, 0x00, 0x00, 0x00, 0x00,
    0x93, 0x93, 0xcb, 0x4a, 0x4a, 0x61, 0x37, 0xb3, 0xaf, 0xe7, 0xcf, 0x5f, 0x78, 0x90, 0x5f, 0xc0,
    0xc0, 0x80, 0xc0, 0xc0, 0xc0, 0xc0, 0xc0, 0x40, 0x40, 0x00, 0x80, 0x80, 0x80, 0x80, 0xc0, 0xc0,
    0xc0, 0xc0, 0xc0, 0xc0, 0x80, 0x60, 0x00, 0x60, 0x60, 0x60, 0x20, 0x60, 0x40, 0x40, 0x40, 0xc0,
    0xe0, 0xe0, 0xe0, 0xa0, 0xe8, 0x6e, 0x6f, 0xcf, 0x4f, 0xcf, 0xcf, 0xef, 0xf0, 0xff, 0x7f, 0xff,
    0xef, 0xbf, 0x3f, 0x1f, 0x7f, 0x7f, 0xff, 0xbf, 0xff, 0x10, 0x8f, 0x10, 0x30, 0x60, 0x10, 0x00,
    0xc3, 0x82, 0x13, 0x01, 0x81, 0x00, 0x02, 0x2f, 0x01, 0x00, 0x00, 0xf8, 0x00, 0x00, 0x01, 0x51,
    0x03, 0x03, 0x8b, 0x71, 0x00, 0x00, 0x80, 0xc0, 0x04, 0x00, 0x10, 0x00, 0x00, 0x30, 0x00, 0x00,
    0x00, 0x00, 0x00, 0x00, 0x00, 0x00, 0x00, 0x00, 0x00, 0x00, 0x00, 0x00, 0x00, 0x00, 0x00, 0x00,
    0x06, 0x46, 0x23, 0x21, 0x13, 0x93, 0x89, 0x49, 0x24, 0x20, 0x12, 0x01, 0x08, 0x04, 0x02, 0x03,
    0x03, 0x03, 0x83, 0x27, 0x03, 0x01, 0x01, 0x02, 0x01, 0x03, 0x03, 0x03, 0x01, 0x01, 0x01, 0x01,
    0x01, 0x00, 0x00, 0x02, 0x00, 0x00, 0x00, 0x00, 0x00, 0x00, 0x00, 0x00, 0x00, 0x00, 0x00, 0x00,
    0x00, 0x04, 0x04, 0x00, 0x00, 0x00, 0x01, 0x01, 0x07, 0x07, 0x00, 0x33, 0x07, 0x8f, 0x80, 0x60,
    0x3d, 0x1f, 0x1b, 0x00, 0x00, 0x00, 0x08, 0x01, 0x03, 0x07, 0x04, 0x72, 0x00, 0x00, 0x00, 0x00,
    0x01, 0x00, 0x00, 0x00, 0x0c, 0x0c, 0x00, 0x00, 0x00, 0x00, 0x00, 0x00, 0x08, 0x08, 0x08, 0x08,
    0x08, 0x08, 0x04, 0x01, 0x08, 0x08, 0x04, 0x04, 0x04, 0x06, 0x04, 0x00, 0x02, 0x02, 0x0f, 0x04,
    0x68, 0x6c, 0x00, 0x00, 0x00, 0x00, 0x00, 0x00, 0x00, 0x00, 0x00, 0x00, 0x00, 0x00, 0x00, 0x00
  },
  // Frame 50
  {
    0x00, 0x00, 0x00, 0x00, 0x00, 0x00, 0x00, 0x00, 0x00, 0x00, 0x00, 0x00, 0x00, 0x00, 0x00, 0x00,
    0x80, 0x00, 0x40, 0x40, 0x00, 0x20, 0x20, 0x30, 0x10, 0x30, 0x08, 0x00, 0x28, 0x10, 0x14, 0x12,
    0x10, 0x10, 0x13, 0x03, 0x10, 0x12, 0x03, 0x05, 0x0d, 0x0d, 0x03, 0x0a, 0x03, 0x83, 0x88, 0x83,
    0xcf, 0x4f, 0x0f, 0xc6, 0xc2, 0xc6, 0xc4, 0x87, 0x83, 0x06, 0x03, 0x05, 0x07, 0x06, 0x07, 0x03,
    0x03, 0x01, 0x06, 0x02, 0x04, 0x02, 0x02, 0x00, 0x00, 0x00, 0x10, 0x04, 0x00, 0x00, 0x00, 0x00,
    0x00, 0x00, 0x00, 0x00, 0x40, 0x10, 0x20, 0x20, 0x00, 0x00, 0x00, 0x00, 0x00, 0x00, 0x00, 0x00,
    0x00, 0x00, 0x00, 0x00, 0x18, 0x00, 0x00, 0x00, 0x10, 0x00, 0x10, 0x00, 0x10, 0x10, 0x00, 0x10,
    0x00, 0x10, 0x10, 0x00, 0x00, 0x00, 0x10, 0x00, 0x00, 0x18, 0x00, 0x18, 0x00, 0x00, 0x00, 0x00,
    0x00, 0x00, 0x00, 0x40, 0x00, 0x00, 0x00, 0x00, 0x04, 0x00, 0x00, 0x00, 0x00, 0x00, 0x00, 0x00,
    0x00, 0x00, 0x00, 0x00, 0x00, 0x00, 0x00, 0x00, 0x00, 0x00, 0x00, 0x00, 0x00, 0x00, 0x00, 0x00,
    0x00, 0x00, 0x00, 0x00, 0x00, 0x10, 0x20, 0xa0, 0xc0, 0xc0, 0xd4, 0xd4, 0xf5, 0xf5, 0x75, 0x9b,
    0x83, 0x7c, 0xfb, 0xf4, 0xf3, 0xe2, 0xa0, 0x72, 0xd2, 0xd2, 0xf4, 0x68, 0x38, 0x10, 0x00, 0x00,
    0x20, 0xf0, 0x80, 0x40, 0x40, 0x50, 0x60, 0x80, 0x00, 0xa0, 0x00, 0x00, 0x00, 0x00, 0x00, 0x00,
    0x00, 0x00, 0x02, 0x00, 0x00, 0x00, 0x00, 0x00, 0x00, 0x00, 0x00, 0x00, 0x00, 0x00, 0x00, 0x00,
    0x00, 0x00, 0x00, 0x00, 0x00, 0x00, 0x00, 0x00, 0x00, 0x00, 0x00, 0x00, 0x00, 0x00, 0x00, 0x00,
    0x00, 0x00, 0x00, 0x00, 0x00, 0x00, 0x00, 0x00, 0x00, 0x00, 0x00, 0x00, 0x00, 0x00, 0x00, 0x00,
    0x00, 0x00, 0x00, 0x00, 0x00, 0x00, 0x00, 0x00, 0x00, 0x00, 0x00, 0x00, 0x00, 0x00, 0x00, 0x00,
    0x00, 0x00, 0x00, 0x00, 0x00, 0x00, 0x00, 0x00, 0x00, 0x00, 0x00, 0x40, 0x00, 0x00, 0x00, 0x00,
    0x00, 0x00, 0x00, 0x00, 0x00, 0x00, 0x00, 0x00, 0x00, 0x01, 0x03, 0x01, 0x02, 0x00, 0x40, 0x00,
    0x50, 0x40, 0xc0, 0xe3, 0xe1, 0xf0, 0x71, 0x30, 0x00, 0x03, 0x03, 0x20, 0x00, 0x80, 0x00, 0x00,
    0x00, 0x00, 0x00, 0x00, 0x00, 0x01, 0x00, 0x00, 0x00, 0x00, 0x00, 0x00, 0x00, 0x00, 0x00, 0x00,
    0x00, 0x00, 0x00, 0x00, 0x00, 0x00, 0x00, 0x00, 0x00, 0x00, 0x00, 0x00, 0x00, 0x00, 0x00, 0x00,
    0x00, 0x00, 0x00, 0x00, 0x00, 0x00, 0x00, 0x00, 0x00, 0x00, 0x00, 0x00, 0x00, 0x00, 0x00, 0x00,
    0x00, 0x00, 0x00, 0x00, 0x00, 0x00, 0x00, 0x00, 0x00, 0x00, 0x00, 0x00, 0x00, 0x00, 0x00, 0x00,
    0x00, 0x00, 0x00, 0x00, 0x00, 0x00, 0x00, 0x00, 0x00, 0x00, 0x00, 0x00, 0x80, 0x80, 0x00, 0x00,
    0x40, 0xc0, 0x80, 0xf0, 0x00, 0x00, 0x00, 0x00, 0x40, 0x00, 0x00, 0x00, 0x00, 0x00, 0x00, 0x00,
    0x00, 0x00, 0x00, 0x00, 0x00, 0x00, 0x00, 0x08, 0x10, 0x20, 0x00, 0x30, 0x20, 0x70, 0xb0, 0x10,
    0xf8, 0xbc, 0x2a, 0x1e, 0x00, 0x00, 0x0c, 0xf0, 0xc3, 0x03, 0x1a, 0x3a, 0x1e, 0x08, 0x08, 0xc0,
    0x20, 0x20, 0x50, 0xa0, 0x00, 0xc0, 0xe0, 0x00, 0x00, 0x00, 0x80, 0x00, 0x00, 0x00, 0x00, 0x00,
    0x00, 0x00, 0x00, 0x00, 0x00, 0x00, 0x00, 0x00, 0x00, 0x00, 0x00, 0x00, 0x00, 0x00, 0x00, 0x00,
    0x00, 0x00, 0x00, 0x00, 0x00, 0x00, 0x00, 0x00, 0x00, 0x00, 0x00, 0x00, 0x00, 0x00, 0x00, 0x00,
    0x00, 0x00, 0x00, 0x00, 0x00, 0x00, 0x00, 0x00, 0x00, 0x00, 0x00, 0x00, 0x00, 0x00, 0x00, 0x00,
    0x00, 0x00, 0x00, 0xc0, 0xc0, 0xe0, 0xe0, 0x84, 0x04, 0x0c, 0x1c, 0xb8, 0xf8, 0xff, 0xfe, 0xff,
    0xf7, 0x3f, 0xfe, 0xfe, 0xff, 0x72, 0x00, 0x00, 0x00, 0x03, 0x16, 0x58, 0x72, 0xc0, 0x80, 0x00,
    0x00, 0x20, 0x40, 0x40, 0x00, 0x80, 0x80, 0x82, 0x82, 0x84, 0x0c, 0x10, 0x70, 0xe0, 0x90, 0x80,
    0x01, 0x40, 0xe0, 0xf0, 0xfc, 0xf9, 0x73, 0x27, 0x07, 0x00, 0xe0, 0xfc, 0xfd, 0xff, 0x3c, 0xff,
    0x3f, 0x7c, 0xd0, 0xc3, 0x06, 0x14, 0xf5, 0x8f, 0x38, 0x60, 0x00, 0x03, 0x6e, 0x00, 0x00, 0xfe,
    0xf2, 0x04, 0x78, 0xd0, 0x20, 0xc0, 0x00, 0x00, 0x00, 0x00, 0x00, 0x00, 0x00, 0x00, 0x00, 0x00,
    0x00, 0x00, 0x00, 0x00, 0x00, 0x00, 0x00, 0x00, 0x00, 0x00, 0x00, 0x00, 0x00, 0x00, 0x00, 0x00,
    0x00, 0x00, 0x00, 0x00, 0x00, 0x00, 0x00, 0x00, 0x00, 0x00, 0x00, 0x00, 0x00, 0x00, 0x00, 0x00,
    0x80, 0x3c, 0x78, 0xf9, 0xff, 0xff, 0xfb, 0xff, 0xde, 0xbc, 0xe0, 0x01, 0x07, 0x0d, 0xf3, 0xff,
    0x03, 0x00, 0x07, 0x3f, 0x3f, 0x30, 0x00, 0x00, 0x00, 0x00, 0x00, 0x00, 0x00, 0x00, 0x03, 0x02,
    0x08, 0x10, 0x00, 0x00, 0x00, 0x01, 0x02, 0x06, 0x0c, 0x01, 0x03, 0x02, 0x00, 0x00, 0x01, 0x03,
    0x07, 0x4f, 0x16, 0x2c, 0x19, 0x0a, 0x80, 0xe0, 0xfc, 0xff, 0xff, 0xfb, 0x1f, 0x17, 0xf0, 0xff,
    0xc3, 0xc0, 0xff, 0xdf, 0xff, 0xde, 0xf0, 0x81, 0x00, 0x00, 0x9b, 0x7c, 0x00, 0x00, 0xf3, 0x1d,
    0x1f, 0x9b, 0xcd, 0xe1, 0xf0, 0xf8, 0xff, 0xe0, 0x80, 0x00, 0x00, 0x00, 0x00, 0x00, 0x00, 0x00,
    0x00, 0x00, 0x00, 0x00, 0x00, 0x00, 0x00, 0x00, 0x00, 0x00, 0x00, 0x00, 0x00, 0x00, 0x00, 0x00,
    0x00, 0x00, 0x00, 0x00, 0x00, 0x00, 0x00, 0x00, 0x00, 0x00, 0x00, 0x00, 0x00, 0x00, 0x00, 0x00,
    0x15, 0x57, 0x1f, 0x6b, 0x2a, 0xa3, 0x95, 0xa7, 0xef, 0xf7, 0x4e, 0x5e, 0x90, 0x9c, 0xe0, 0x60,
    0x80, 0xc0, 0xc0, 0xc0, 0xc0, 0xc0, 0xc0, 0x40, 0x40, 0x00, 0x80, 0x80, 0x80, 0xc0, 0xc0, 0xc0,
    0xc0, 0xc0, 0xc0, 0xc0, 0x80, 0x00, 0x40, 0x60, 0x60, 0xc0, 0x00, 0x40, 0x40, 0xc0, 0xc0, 0xc0,
    0xc0, 0xc0, 0xc0, 0xc0, 0xd8, 0xde, 0x5f, 0x9f, 0x9f, 0x9f, 0x5f, 0xcf, 0xe0, 0x3f, 0x7f, 0xff,
    0xbf, 0x9f, 0x7f, 0x7f, 0x7f, 0xbf, 0xbf, 0x7f, 0xff, 0x10, 0x2f, 0x00, 0x00, 0x80, 0x40, 0x10,
    0x59, 0xaa, 0x15, 0x05, 0x81, 0x80, 0x0a, 0x1b, 0x81, 0x00, 0x00, 0x10, 0x06, 0x87, 0x07, 0x1f,
    0x0f, 0x0f, 0x0f, 0xd7, 0x00, 0x00, 0x00, 0x80, 0x00, 0x00, 0x20, 0x00, 0x00, 0x00, 0x40, 0x00,
    0x00, 0x00, 0x00, 0x00, 0x00, 0x00, 0x00, 0x00, 0x00, 0x00, 0x00, 0x00, 0x00, 0x00, 0x00, 0x00,
    0x23, 0x03, 0x21, 0x93, 0x81, 0x49, 0x40, 0x24, 0x20, 0x12, 0x21, 0x01, 0x04, 0x07, 0x07, 0x07,
    0x03, 0x87, 0x67, 0x07, 0x03, 0x03, 0x00, 0x03, 0x03, 0x03, 0x43, 0x03, 0x01, 0x01, 0x01, 0x01,
    0x01, 0x01, 0x00, 0x02, 0x00, 0x00, 0x00, 0x00, 0x00, 0x00, 0x00, 0x00, 0x00, 0x00, 0x00, 0x00,
    0x00, 0x04, 0x00, 0x00, 0x00, 0x00, 0x01, 0x17, 0x07, 0x07, 0x00, 0x07, 0x07, 0x86, 0x80, 0x71,
    0x2f, 0x13, 0x13, 0x00, 0x00, 0x00, 0x09, 0x01, 0x07, 0x02, 0x02, 0x70, 0x01, 0x00, 0x00, 0x00,
    0x03, 0x02, 0x04, 0x10, 0x10, 0x10, 0x13, 0x10, 0x10, 0x10, 0x13, 0x10, 0x10, 0x10, 0x12, 0x10,
    0x00, 0x01, 0x08, 0x08, 0x09, 0x09, 0x00, 0x00, 0x09, 0x09, 0x04, 0x04, 0x04, 0x00, 0x0a, 0x04,
    0x5c, 0x60, 0x00, 0x00, 0x00, 0x00, 0x00, 0x00, 0x00, 0x00, 0x00, 0x00, 0x00, 0x00, 0x00, 0x00
  },
  // Frame 51
  {
    0x00, 0x00, 0x00, 0x00, 0x00, 0x00, 0x00, 0x00, 0x00, 0x00, 0x00, 0x00, 0x00, 0x00, 0x00, 0x00,
    0x80, 0x00, 0x00, 0x40, 0x00, 0x20, 0x20, 0x20, 0x10, 0x30, 0x18, 0x00, 0x20, 0x20, 0x14, 0x12,
    0x10, 0x10, 0x13, 0x03, 0x10, 0x12, 0x03, 0x05, 0x0d, 0x05, 0x03, 0x0a, 0x03, 0x83, 0x88, 0x83,
    0xcf, 0x4f, 0xcf, 0xc6, 0xc2, 0xc6, 0xc4, 0x87, 0x83, 0x06, 0x07, 0x05, 0x07, 0x06, 0x07, 0x02,
    0x03, 0x01, 0x06, 0x02, 0x04, 0x02, 0x02, 0x00, 0x00, 0x00, 0x10, 0x04, 0x00, 0x00, 0x00, 0x00,
    0x00, 0x80, 0x00, 0x00, 0x50, 0x10, 0x20, 0x00, 0x00, 0x00, 0x00, 0x00, 0x00, 0x00, 0x00, 0x00,
    0x00, 0x00, 0x00, 0x00, 0x18, 0x00, 0x00, 0x00, 0x10, 0x00, 0x10, 0x00, 0x10, 0x10, 0x00, 0x10,
    0x00, 0x10, 0x10, 0x00, 0x00, 0x00, 0x10, 0x00, 0x00, 0x18, 0x00, 0x18, 0x00, 0x00, 0x00, 0x00,
    0x00, 0x00, 0x00, 0xc0, 0x00, 0x00, 0x00, 0x00, 0x04, 0x00, 0x00, 0x00, 0x00, 0x00, 0x00, 0x00,
    0x00, 0x00, 0x00, 0x00, 0x00, 0x00, 0x00, 0x00, 0x00, 0x00, 0x00, 0x00, 0x00, 0x00, 0x00, 0x00,
    0x00, 0x00, 0x00, 0x00, 0x00, 0x10, 0x20, 0x60, 0xc0, 0xc0, 0xd4, 0xf4, 0xf4, 0xf5, 0x75, 0x9b,
    0x03, 0x7c, 0xfb, 0xf4, 0xf3, 0xe2, 0xa0, 0x52, 0xd2, 0xd2, 0xf4, 0x60, 0x38, 0x10, 0x00, 0x00,
    0x20, 0xc0, 0x80, 0x40, 0x40, 0x50, 0x60, 0xa0, 0x00, 0xa0, 0x00, 0x00, 0x00, 0x00, 0x10, 0x00,
    0x00, 0x00, 0x00, 0x00, 0x00, 0x00, 0x08, 0x00, 0x00, 0x00, 0x00, 0x00, 0x00, 0x00, 0x00, 0x00,
    0x00, 0x00, 0x00, 0x00, 0x00, 0x00, 0x00, 0x00, 0x00, 0x00, 0x00, 0x00, 0x00, 0x00, 0x00, 0x00,
    0x00, 0x00, 0x00, 0x00, 0x00, 0x00, 0x00, 0x00, 0x00, 0x00, 0x00, 0x00, 0x00, 0x00, 0x00, 0x00,
    0x00, 0x00, 0x00, 0x00, 0x00, 0x00, 0x00, 0x00, 0x00, 0x00, 0x00, 0x00, 0x00, 0x00, 0x00, 0x00,
    0x00, 0x00, 0x00, 0x00, 0x00, 0x00, 0x00, 0x00, 0x00, 0x00, 0x00, 0x00, 0x00, 0x00, 0x00, 0x00,
    0x00, 0x00, 0x00, 0x00, 0x00, 0x00, 0x00, 0x00, 0x00, 0x01, 0x03, 0x01, 0x02, 0x00, 0x40, 0x00,
    0x40, 0x40, 0xc0, 0xe3, 0xe1, 0xf0, 0x71, 0x30, 0x00, 0x03, 0x03, 0x20, 0x00, 0x80, 0x00, 0x00,
    0x00, 0x00, 0x00, 0x00, 0x00, 0x01, 0x00, 0x00, 0x00, 0x00, 0x00, 0x00, 0x00, 0x00, 0x00, 0x00,
    0x00, 0x00, 0x00, 0x00, 0x00, 0x00, 0x00, 0x00, 0x00, 0x00, 0x00, 0x00, 0x00, 0x00, 0x00, 0x00,
    0x00, 0x00, 0x00, 0x00, 0x00, 0x00, 0x00, 0x00, 0x00, 0x00, 0x00, 0x00, 0x00, 0x00, 0x00, 0x00,
    0x00, 0x00, 0x00, 0x00, 0x00, 0x00, 0x00, 0x00, 0x00, 0x00, 0x00, 0x00, 0x00, 0x00, 0x00, 0x00,
    0x00, 0x00, 0x00, 0x00, 0x00, 0x00, 0x00, 0x00, 0x00, 0x00, 0x00, 0x00, 0x80, 0x80, 0x80, 0x00,
    0x40, 0xc0, 0xc0, 0xa8, 0x80, 0x00, 0x00, 0x00, 0x40, 0x00, 0x00, 0x00, 0x00, 0x00, 0x00, 0x00,
    0x00, 0x00, 0x00, 0x00, 0x00, 0x00, 0x00, 0x08, 0x10, 0x00, 0x00, 0x10, 0x20, 0x70, 0xb0, 0x98,
    0xf8, 0xbc, 0x0a, 0x1e, 0x00, 0x80, 0x0c, 0xf0, 0xc3, 0x03, 0x1b, 0x3a, 0x9e, 0x08, 0x08, 0xc0,
    0x28, 0x20, 0x50, 0xa0, 0x00, 0xc0, 0xe0, 0xa0, 0x00, 0x00, 0x80, 0x00, 0x00, 0x00, 0x00, 0x00,
    0x00, 0x00, 0x00, 0x00, 0x00, 0x00, 0x00, 0x00, 0x00, 0x00, 0x00, 0x00, 0x00, 0x00, 0x00, 0x00,
    0x00, 0x00, 0x00, 0x00, 0x00, 0x00, 0x00, 0x00, 0x00, 0x00, 0x00, 0x00, 0x00, 0x00, 0x00, 0x00,
    0x00, 0x00, 0x00, 0x00, 0x00, 0x00, 0x00, 0x00, 0x00, 0x00, 0x00, 0x00, 0x00, 0x00, 0x00, 0x00,
    0x00, 0x00, 0x00, 0x60, 0xf0, 0xe0, 0xf0, 0xc0, 0x06, 0x0e, 0x3c, 0xbc, 0x7c, 0xff, 0xfe, 0xfd,
    0xf7, 0x1f, 0xff, 0xfe, 0xff, 0x79, 0x00, 0x00, 0x00, 0x03, 0x16, 0x58, 0x70, 0xc0, 0x80, 0x00,
    0x00, 0x20, 0x40, 0x40, 0x00, 0x80, 0x80, 0x80, 0x82, 0x80, 0x08, 0x10, 0x30, 0x68, 0xd0, 0x80,
    0x01, 0x40, 0x60, 0xf0, 0xfc, 0xf9, 0x73, 0x27, 0x07, 0x00, 0xc0, 0xf8, 0xff, 0xff, 0x3c, 0xff,
    0x37, 0x7c, 0xf0, 0xc3, 0x06, 0x0c, 0xf5, 0xcf, 0x78, 0x60, 0x00, 0x03, 0x7e, 0x00, 0x00, 0xfe,
    0xf2, 0x04, 0x78, 0xd0, 0x20, 0xc0, 0x00, 0x00, 0x00, 0x00, 0x00, 0x00, 0x00, 0x00, 0x00, 0x00,
    0x00, 0x00, 0x00, 0x00, 0x00, 0x00, 0x00, 0x00, 0x00, 0x00, 0x00, 0x00, 0x00, 0x00, 0x00, 0x00,
    0x00, 0x00, 0x00, 0x00, 0x00, 0x00, 0x00, 0x00, 0x00, 0x00, 0x00, 0x00, 0x00, 0x00, 0x00, 0x00,
    0x86, 0xbc, 0x7c, 0x79, 0xff, 0xff, 0xff, 0xef, 0xde, 0x78, 0xc0, 0x00, 0x07, 0xfe, 0x33, 0x7f,
    0x03, 0x00, 0x07, 0x3f, 0x3f, 0x30, 0x00, 0x00, 0x00, 0x00, 0x00, 0x00, 0x00, 0x00, 0x01, 0x02,
    0x08, 0x08, 0x10, 0x00, 0x00, 0x01, 0x02, 0x06, 0x0c, 0x01, 0x01, 0x02, 0x00, 0x00, 0x01, 0x03,
    0x07, 0x4f, 0x16, 0x2c, 0x1d, 0x0a, 0x80, 0xe0, 0xfc, 0xff, 0xff, 0xff, 0x1f, 0x37, 0xf0, 0xff,
    0xe3, 0xc0, 0xff, 0xdf, 0xfd, 0xde, 0xf0, 0x81, 0x00, 0x00, 0x9b, 0xfc, 0x00, 0x00, 0xf2, 0x1d,
    0x1f, 0x9b, 0xcd, 0xc1, 0xf0, 0xf8, 0xff, 0xe0, 0x80, 0x00, 0x00, 0x00, 0x00, 0x00, 0x00, 0x00,
    0x00, 0x00, 0x00, 0x00, 0x00, 0x00, 0x00, 0x00, 0x00, 0x00, 0x00, 0x00, 0x00, 0x00, 0x00, 0x00,
    0x00, 0x00, 0x00, 0x00, 0x00, 0x00, 0x00, 0x00, 0x00, 0x00, 0x00, 0x00, 0x00, 0x00, 0x00, 0x00,
    0x45, 0x85, 0xa5, 0xaf, 0x8a, 0xca, 0x91, 0xd7, 0xcb, 0x47, 0x5e, 0x38, 0xa8, 0x63, 0xe2, 0xe0,
    0x80, 0xc0, 0xc0, 0xc0, 0xc0, 0xc0, 0xc0, 0x40, 0x40, 0x00, 0x80, 0x80, 0x80, 0x80, 0xc0, 0xc0,
    0xc0, 0xc0, 0xc0, 0xc0, 0x80, 0x80, 0x40, 0x40, 0xc0, 0xc0, 0x00, 0x00, 0x40, 0xc0, 0xc0, 0xc0,
    0xc0, 0xc0, 0xc0, 0xc0, 0xd8, 0xde, 0x1f, 0x9f, 0x1f, 0x9f, 0xdf, 0xcf, 0xe0, 0x7f, 0xdf, 0xdf,
    0xb7, 0x7f, 0x7f, 0x7f, 0xbf, 0xbf, 0x3f, 0x7f, 0x7f, 0x30, 0x0f, 0x00, 0x80, 0x40, 0x00, 0x00,
    0xc9, 0xfa, 0x05, 0x05, 0xc1, 0xe8, 0x0a, 0x0b, 0xc9, 0x08, 0x00, 0x00, 0x4c, 0x8e, 0x0e, 0x3e,
    0x1e, 0x1e, 0x0e, 0x4c, 0x00, 0x00, 0x20, 0xc0, 0x00, 0x00, 0x00, 0x00, 0x00, 0x00, 0x00, 0x00,
    0x00, 0x00, 0x00, 0x00, 0x00, 0x00, 0x00, 0x00, 0x00, 0x00, 0x00, 0x00, 0x00, 0x00, 0x00, 0x00,
    0x23, 0x13, 0x91, 0x01, 0x49, 0x09, 0x24, 0x00, 0x12, 0x00, 0x31, 0x08, 0x04, 0x02, 0x03, 0x03,
    0x03, 0xc7, 0x27, 0x0f, 0x03, 0x01, 0x00, 0x03, 0x03, 0x03, 0x03, 0x01, 0x01, 0x01, 0x01, 0x01,
    0x03, 0x03, 0x02, 0x02, 0x00, 0x00, 0x00, 0x00, 0x00, 0x00, 0x00, 0x00, 0x00, 0x00, 0x00, 0x00,
    0x00, 0x00, 0x00, 0x00, 0x01, 0x00, 0x01, 0x17, 0x07, 0x07, 0x00, 0x17, 0x07, 0x86, 0x00, 0x71,
    0x0f, 0x1b, 0x12, 0x00, 0x00, 0x00, 0x01, 0x03, 0x06, 0x0c, 0x08, 0x70, 0x00, 0x01, 0x00, 0x00,
    0x07, 0x06, 0x14, 0x10, 0x10, 0x10, 0x13, 0x10, 0x10, 0x10, 0x12, 0x14, 0x10, 0x10, 0x10, 0x10,
    0x10, 0x10, 0x02, 0x00, 0x08, 0x08, 0x0a, 0x08, 0x00, 0x00, 0x08, 0x04, 0x04, 0x04, 0x11, 0x30,
    0xdc, 0x40, 0x00, 0x00, 0x00, 0x00, 0x00, 0x00, 0x00, 0x00, 0x00, 0x00, 0x00, 0x00, 0x00, 0x00
  },
  // Frame 52
  {
    0x00, 0x00, 0x00, 0x00, 0x00, 0x00, 0x00, 0x00, 0x00, 0x00, 0x00, 0x00, 0x00, 0x00, 0x00, 0x00,
    0x80, 0x00, 0x00, 0x40, 0x00, 0x20, 0x20, 0x20, 0x10, 0x30, 0x18, 0x00, 0x20, 0x30, 0x14, 0x12,
    0x10, 0x10, 0x13, 0x03, 0x10, 0x12, 0x02, 0x0d, 0x0d, 0x05, 0x03, 0x0a, 0x03, 0x83, 0x88, 0x83,
    0xcf, 0x4f, 0xcf, 0xc6, 0xc2, 0xc6, 0xc4, 0xc7, 0x83, 0x06, 0x07, 0x05, 0x07, 0x06, 0x07, 0x03,
    0x03, 0x01, 0x06, 0x02, 0x04, 0x02, 0x02, 0x00, 0x00, 0x00, 0x10, 0x04, 0x00, 0x00, 0x00, 0x00,
    0x00, 0x80, 0x00, 0x00, 0x50, 0x10, 0x20, 0x00, 0x00, 0x00, 0x00, 0x00, 0x00, 0x00, 0x00, 0x00,
    0x00, 0x00, 0x00, 0x00, 0x18, 0x00, 0x00, 0x00, 0x10, 0x00, 0x10, 0x00, 0x10, 0x10, 0x00, 0x10,
    0x00, 0x10, 0x10, 0x00, 0x00, 0x00, 0x10, 0x00, 0x00, 0x18, 0x00, 0x18, 0x00, 0x00, 0x00, 0x00,
    0x00, 0x00, 0x00, 0x40, 0x00, 0x00, 0x00, 0x00, 0x04, 0x00, 0x00, 0x00, 0x00, 0x00, 0x00, 0x00,
    0x00, 0x00, 0x00, 0x00, 0x00, 0x00, 0x00, 0x00, 0x00, 0x00, 0x00, 0x00, 0x00, 0x00, 0x00, 0x00,
    0x00, 0x00, 0x00, 0x00, 0x00, 0x10, 0x20, 0x20, 0xc0, 0xc0, 0xd4, 0xf4, 0xf4, 0xf5, 0x75, 0x9b,
    0x03, 0x7c, 0xfb, 0xf4, 0xf3, 0xe2, 0x80, 0x52, 0xc2, 0xd2, 0xf4, 0x60, 0x30, 0x10, 0x00, 0x00,
    0x20, 0xc0, 0x80, 0x40, 0x40, 0x50, 0x60, 0x20, 0x00, 0xa0, 0x00, 0x80, 0x00, 0x00, 0x10, 0x00,
    0x00, 0x00, 0x00, 0x00, 0x00, 0x00, 0x08, 0x00, 0x00, 0x00, 0x00, 0x00, 0x00, 0x00, 0x00, 0x00,
    0x00, 0x00, 0x00, 0x00, 0x00, 0x00, 0x00, 0x00, 0x00, 0x00, 0x00, 0x00, 0x00, 0x00, 0x00, 0x00,
    0x00, 0x00, 0x00, 0x00, 0x00, 0x00, 0x00, 0x00, 0x00, 0x00, 0x00, 0x00, 0x00, 0x00, 0x00, 0x00,
    0x00, 0x00, 0x00, 0x00, 0x00, 0x00, 0x02, 0x00, 0x00, 0x00, 0x00, 0x00, 0x00, 0x00, 0x00, 0x00,
    0x00, 0x00, 0x00, 0x00, 0x00, 0x00, 0x00, 0x00, 0x00, 0x00, 0x00, 0x00, 0x00, 0x00, 0x00, 0x00,
    0x00, 0x00, 0x00, 0x00, 0x00, 0x00, 0x00, 0x00, 0x00, 0x01, 0x03, 0x01, 0x02, 0x00, 0x00, 0x00,
    0x40, 0x40, 0xc0, 0xe3, 0xe1, 0xe0, 0x71, 0x30, 0x00, 0x03, 0x02, 0x08, 0x00, 0x80, 0x00, 0x00,
    0x00, 0x00, 0x00, 0x00, 0x00, 0x01, 0x01, 0x00, 0x00, 0x00, 0x00, 0x00, 0x00, 0x00, 0x00, 0x00,
    0x00, 0x00, 0x00, 0x00, 0x00, 0x00, 0x00, 0x00, 0x00, 0x00, 0x00, 0x00, 0x00, 0x00, 0x00, 0x00,
    0x00, 0x00, 0x00, 0x00, 0x00, 0x00, 0x00, 0x00, 0x00, 0x00, 0x00, 0x00, 0x00, 0x00, 0x00, 0x00,
    0x00, 0x00, 0x00, 0x00, 0x00, 0x00, 0x00, 0x00, 0x00, 0x00, 0x00, 0x00, 0x00, 0x00, 0x00, 0x00,
    0x00, 0x00, 0x00, 0x00, 0x00, 0x00, 0x00, 0x00, 0x00, 0x00, 0x00, 0x00, 0x80, 0x80, 0x80, 0x00,
    0xc0, 0xc0, 0xc0, 0xe8, 0x80, 0x00, 0x00, 0x00, 0x00, 0x00, 0x00, 0x00, 0x00, 0x00, 0x00, 0x00,
    0x00, 0x00, 0x00, 0x00, 0x00, 0x00, 0x00, 0x08, 0x10, 0x00, 0x00, 0x10, 0x20, 0x70, 0xb0, 0x98,
    0xf8, 0xbc, 0x2a, 0x1e, 0x00, 0x80, 0x0c, 0xf0, 0xc3, 0x03, 0x1b, 0x3a, 0x94, 0x08, 0x18, 0xc0,
    0x28, 0x20, 0x50, 0xa0, 0x00, 0xc0, 0xe0, 0x80, 0x00, 0x00, 0x80, 0x00, 0x00, 0x00, 0x00, 0x00,
    0x00, 0x00, 0x00, 0x00, 0x00, 0x00, 0x00, 0x00, 0x00, 0x00, 0x00, 0x00, 0x00, 0x00, 0x00, 0x00,
    0x00, 0x00, 0x00, 0x00, 0x00, 0x00, 0x00, 0x00, 0x00, 0x00, 0x00, 0x00, 0x00, 0x00, 0x00, 0x00,
    0x00, 0x00, 0x00, 0x00, 0x00, 0x00, 0x00, 0x00, 0x00, 0x00, 0x00, 0x00, 0x00, 0x00, 0x00, 0x00,
    0x00, 0x00, 0x00, 0xe0, 0xf0, 0xf0, 0xf0, 0xe2, 0x06, 0x06, 0x0e, 0xfc, 0x7c, 0xff, 0xff, 0xfd,
    0xf7, 0x1f, 0xff, 0xfe, 0xff, 0xff, 0x00, 0x00, 0x00, 0x03, 0x12, 0x58, 0xf0, 0xc0, 0x80, 0x00,
    0x00, 0x20, 0x40, 0x40, 0x00, 0x80, 0x80, 0x81, 0x82, 0x80, 0x08, 0x10, 0x30, 0x68, 0xd0, 0x80,
    0x01, 0x40, 0x60, 0xf0, 0xfc, 0xf9, 0x73, 0x27, 0x07, 0x00, 0xc0, 0xf8, 0xff, 0xff, 0x3c, 0xff,
    0x3b, 0x7c, 0xd0, 0xc3, 0x06, 0x0c, 0x55, 0xcf, 0xf8, 0x60, 0x00, 0x03, 0x7e, 0x00, 0x00, 0xfe,
    0xf2, 0x04, 0x78, 0xd0, 0x20, 0xc0, 0x00, 0x00, 0x00, 0x00, 0x00, 0x00, 0x00, 0x00, 0x00, 0x00,
    0x00, 0x00, 0x00, 0x00, 0x00, 0x00, 0x00, 0x00, 0x00, 0x00, 0x00, 0x00, 0x00, 0x00, 0x00, 0x00,
    0x00, 0x00, 0x00, 0x00, 0x00, 0x00, 0x00, 0x00, 0x00, 0x00, 0x00, 0x00, 0x00, 0x00, 0x00, 0x00,
    0xc6, 0x9a, 0xbc, 0x7d, 0xff, 0xff, 0xff, 0xef, 0xdf, 0xbc, 0xc0, 0x00, 0x07, 0xfe, 0x03, 0x7f,
    0x03, 0x00, 0x07, 0x3f, 0x3f, 0x30, 0x00, 0x00, 0x00, 0x00, 0x00, 0x00, 0x00, 0x00, 0x01, 0x02,
    0x08, 0x08, 0x10, 0x00, 0x00, 0x01, 0x02, 0x06, 0x0c, 0x01, 0x01, 0x02, 0x00, 0x00, 0x01, 0x03,
    0x07, 0x4f, 0x9e, 0x3c, 0x1d, 0x0a, 0x80, 0xe0, 0xfc, 0xff, 0xff, 0xff, 0x1e, 0x37, 0xf0, 0xff,
    0xe3, 0xe0, 0xff, 0xdf, 0xfd, 0xde, 0xf0, 0x81, 0x00, 0x00, 0x9b, 0xfc, 0x00, 0x00, 0xf3, 0x1d,
    0x1f, 0x9b, 0xcd, 0xc1, 0xf0, 0xf8, 0xff, 0xe0, 0x80, 0x00, 0x00, 0x00, 0x00, 0x00, 0x00, 0x00,
    0x00, 0x00, 0x00, 0x00, 0x00, 0x00, 0x00, 0x00, 0x00, 0x00, 0x00, 0x00, 0x00, 0x00, 0x00, 0x00,
    0x00, 0x00, 0x00, 0x00, 0x00, 0x00, 0x00, 0x00, 0x00, 0x00, 0x00, 0x00, 0x00, 0x00, 0x00, 0x00,
    0x01, 0xa5, 0xa5, 0x85, 0xeb, 0xfa, 0xd3, 0xd5, 0xcb, 0x47, 0x7e, 0x38, 0xac, 0x63, 0xe1, 0xe0,
    0xa0, 0xc0, 0xc0, 0xc0, 0xc0, 0xc0, 0xc0, 0x40, 0x40, 0x00, 0x80, 0x80, 0x80, 0x80, 0x80, 0x00,
    0x40, 0xc0, 0xc0, 0x40, 0x80, 0x80, 0xc0, 0xc0, 0xc0, 0xc0, 0x40, 0x00, 0x00, 0xc0, 0xc0, 0xc0,
    0xc0, 0xc0, 0xc0, 0xe0, 0xf8, 0xbe, 0x3f, 0x9f, 0x1f, 0x9f, 0xdf, 0xef, 0xe0, 0x7f, 0xdf, 0xff,
    0xf7, 0x7f, 0x7f, 0x3f, 0xbf, 0xbf, 0x7f, 0xff, 0x7f, 0x30, 0x0f, 0x00, 0x00, 0xc0, 0x00, 0x00,
    0xc9, 0x9a, 0x15, 0x15, 0xd1, 0x58, 0x1a, 0x1b, 0x99, 0x58, 0x00, 0x0c, 0x0c, 0x8e, 0x1e, 0x5e,
    0x1e, 0x1e, 0x1c, 0x00, 0x00, 0x00, 0x00, 0x00, 0x00, 0x00, 0x00, 0x00, 0x00, 0x00, 0x40, 0x00,
    0x00, 0x00, 0x00, 0x00, 0x00, 0x00, 0x00, 0x00, 0x00, 0x00, 0x00, 0x00, 0x00, 0x00, 0x00, 0x00,
    0x13, 0x91, 0x80, 0x40, 0x48, 0x00, 0x24, 0x20, 0x12, 0x00, 0x11, 0x09, 0x04, 0x02, 0x03, 0x03,
    0x03, 0xc7, 0x27, 0x0f, 0x03, 0x01, 0x00, 0x03, 0x03, 0x03, 0x03, 0x03, 0x01, 0x01, 0x01, 0x01,
    0x03, 0x03, 0x02, 0x02, 0x00, 0x00, 0x00, 0x00, 0x00, 0x00, 0x00, 0x00, 0x00, 0x00, 0x08, 0x08,
    0x08, 0x08, 0x00, 0x00, 0x01, 0x01, 0x01, 0x13, 0x07, 0x0f, 0x00, 0x17, 0x07, 0x87, 0x00, 0x31,
    0x0f, 0x1b, 0x12, 0x00, 0x00, 0x00, 0x01, 0x03, 0x06, 0x0c, 0x0a, 0x74, 0x00, 0x00, 0x01, 0x00,
    0x03, 0x10, 0x05, 0x10, 0x10, 0x10, 0x01, 0x08, 0x00, 0x00, 0x01, 0x00, 0x00, 0x00, 0x01, 0x00,
    0x10, 0x10, 0x12, 0x00, 0x00, 0x00, 0x0b, 0x08, 0x08, 0x00, 0x01, 0x08, 0x04, 0x00, 0x10, 0xb0,
    0xdc, 0x00, 0x00, 0x00, 0x00, 0x00, 0x00, 0x00, 0x00, 0x00, 0x00, 0x00, 0x00, 0x00, 0x00, 0x00
  },
  // Frame 53
  {
    0x00, 0x00, 0x00, 0x00, 0x00, 0x00, 0x00, 0x00, 0x00, 0x00, 0x00, 0x00, 0x00, 0x00, 0x00, 0x00,
    0x80, 0x00, 0x00, 0x40, 0x00, 0x20, 0x20, 0x20, 0x10, 0x30, 0x18, 0x00, 0x30, 0x30, 0x14, 0x12,
    0x10, 0x10, 0x13, 0x02, 0x10, 0x12, 0x0a, 0x09, 0x0d, 0x05, 0x03, 0x0a, 0x03, 0x83, 0x88, 0x83,
    0x43, 0x43, 0xcb, 0xc3, 0xc2, 0xce, 0xc4, 0xc7, 0x83, 0x06, 0x01, 0x05, 0x03, 0x02, 0x07, 0x01,
    0x02, 0x01, 0x06, 0x06, 0x04, 0x02, 0x02, 0x00, 0x00, 0x00, 0x10, 0x00, 0x00, 0x00, 0x00, 0x00,
    0x00, 0x80, 0x00, 0x00, 0x50, 0x10, 0x00, 0x00, 0x40, 0x00, 0x00, 0x00, 0x00, 0x00, 0x00, 0x00,
    0x00, 0x00, 0x00, 0x00, 0x18, 0x00, 0x00, 0x00, 0x10, 0x00, 0x10, 0x00, 0x10, 0x10, 0x00, 0x10,
    0x00, 0x10, 0x10, 0x00, 0x00, 0x00, 0x10, 0x00, 0x00, 0x18, 0x00, 0x18, 0x00, 0x00, 0x00, 0x00,
    0x00, 0x00, 0x00, 0x00, 0x00, 0x00, 0x00, 0x00, 0x04, 0x00, 0x00, 0x00, 0x00, 0x00, 0x00, 0x00,
    0x00, 0x00, 0x00, 0x00, 0x00, 0x00, 0x00, 0x00, 0x00, 0x00, 0x00, 0x00, 0x00, 0x00, 0x00, 0x00,
    0x00, 0x00, 0x00, 0x00, 0x00, 0x00, 0x20, 0x60, 0x80, 0xc0, 0xd4, 0xd0, 0xf4, 0xf5, 0x75, 0x9f,
    0x83, 0x58, 0xfb, 0xf4, 0xf3, 0xf0, 0xa0, 0x72, 0x42, 0xd2, 0xd4, 0x60, 0x30, 0x30, 0x00, 0x00,
    0x20, 0x50, 0x80, 0x40, 0x00, 0x50, 0x40, 0x20, 0x40, 0x00, 0x00, 0x80, 0x00, 0x00, 0x10, 0x00,
    0x00, 0x00, 0x00, 0x00, 0x01, 0x00, 0x00, 0x00, 0x00, 0x01, 0x00, 0x00, 0x00, 0x00, 0x00, 0x00,
    0x00, 0x00, 0x00, 0x00, 0x00, 0x00, 0x00, 0x00, 0x00, 0x00, 0x00, 0x00, 0x00, 0x00, 0x00, 0x00,
    0x00, 0x00, 0x00, 0x00, 0x00, 0x00, 0x00, 0x00, 0x00, 0x00, 0x00, 0x00, 0x00, 0x00, 0x00, 0x00,
    0x00, 0x00, 0x00, 0x00, 0x00, 0x00, 0x00, 0x00, 0x00, 0x00, 0x00, 0x00, 0x00, 0x00, 0x00, 0x00,
    0x00, 0x00, 0x00, 0x00, 0x00, 0x00, 0x00, 0x00, 0x00, 0x00, 0x00, 0x00, 0x00, 0x00, 0x00, 0x00,
    0x00, 0x00, 0x00, 0x00, 0x00, 0x00, 0x00, 0x00, 0x00, 0x00, 0x03, 0x03, 0x43, 0x00, 0x00, 0x00,
    0x40, 0x40, 0xc0, 0xe3, 0xe1, 0xf0, 0x71, 0x70, 0x20, 0x03, 0x03, 0x29, 0x00, 0x80, 0x00, 0x00,
    0x00, 0x00, 0x00, 0x00, 0x01, 0x01, 0x01, 0x00, 0x00, 0x00, 0x00, 0x00, 0x00, 0x00, 0x00, 0x00,
    0x00, 0x00, 0x00, 0x00, 0x00, 0x00, 0x00, 0x00, 0x00, 0x00, 0x00, 0x00, 0x00, 0x00, 0x00, 0x00,
    0x00, 0x00, 0x00, 0x00, 0x00, 0x00, 0x00, 0x00, 0x00, 0x00, 0x00, 0x00, 0x00, 0x00, 0x00, 0x00,
    0x00, 0x00, 0x00, 0x00, 0x00, 0x00, 0x00, 0x00, 0x00, 0x00, 0x00, 0x00, 0x00, 0x00, 0x00, 0x00,
    0x00, 0x00, 0x00, 0x00, 0x00, 0x00, 0x00, 0x00, 0x00, 0x00, 0x00, 0x00, 0x40, 0xc0, 0x80, 0x80,
    0x80, 0xc0, 0xc0, 0xe8, 0x80, 0x00, 0x00, 0x00, 0x00, 0x00, 0x00, 0x00, 0x00, 0x00, 0x00, 0x00,
    0x00, 0x00, 0x00, 0x00, 0x00, 0x00, 0x00, 0x08, 0x10, 0x00, 0x20, 0x00, 0x20, 0x70, 0x30, 0x98,
    0xf8, 0xbc, 0x0a, 0x1e, 0x00, 0x00, 0x04, 0xd0, 0xe3, 0x81, 0x1b, 0x3a, 0x9e, 0x08, 0x18, 0xc0,
    0x28, 0x20, 0x50, 0xe0, 0x00, 0x40, 0xe0, 0x80, 0x00, 0x00, 0x80, 0x00, 0x00, 0x00, 0x00, 0x00,
    0x00, 0x00, 0x00, 0x00, 0x00, 0x00, 0x00, 0x00, 0x00, 0x00, 0x00, 0x00, 0x00, 0x00, 0x00, 0x00,
    0x00, 0x00, 0x00, 0x00, 0x00, 0x00, 0x00, 0x00, 0x00, 0x00, 0x00, 0x00, 0x00, 0x00, 0x00, 0x00,
    0x00, 0x00, 0x00, 0x00, 0x00, 0x00, 0x00, 0x00, 0x00, 0x00, 0x00, 0x00, 0x00, 0x00, 0x00, 0x00,
    0x00, 0x00, 0x00, 0x60, 0xe0, 0xf0, 0xf0, 0xf0, 0x82, 0x06, 0x0e, 0x5e, 0xbc, 0xfc, 0xff, 0xff,
    0xfb, 0x0e, 0xff, 0xfe, 0xff, 0xff, 0x00, 0x00, 0x00, 0x01, 0x0a, 0x6c, 0xf0, 0xe0, 0x80, 0x00,
    0x00, 0x20, 0x40, 0x80, 0x40, 0x80, 0x80, 0x81, 0x82, 0x80, 0x08, 0x10, 0x30, 0x70, 0xd0, 0x80,
    0x01, 0x80, 0x62, 0xf0, 0x7c, 0xf9, 0x73, 0x27, 0x0f, 0x01, 0xc0, 0xf8, 0xff, 0xff, 0xfc, 0xff,
    0x3f, 0x5e, 0xf0, 0x43, 0x87, 0x0c, 0x54, 0xcf, 0x78, 0x60, 0x00, 0x03, 0x3e, 0x00, 0x00, 0xfe,
    0xf2, 0x04, 0x78, 0xd0, 0x20, 0xc0, 0x00, 0x00, 0x00, 0x00, 0x00, 0x00, 0x00, 0x00, 0x00, 0x00,
    0x00, 0x00, 0x00, 0x00, 0x00, 0x00, 0x00, 0x00, 0x00, 0x00, 0x00, 0x00, 0x00, 0x00, 0x00, 0x00,
    0x00, 0x00, 0x00, 0x00, 0x00, 0x00, 0x00, 0x00, 0x00, 0x00, 0x00, 0x00, 0x00, 0x00, 0x00, 0x00,
    0xc0, 0xce, 0xbc, 0xbc, 0x7e, 0xff, 0xff, 0xf7, 0xef, 0xfe, 0x70, 0x00, 0x01, 0x8f, 0x79, 0xff,
    0x0f, 0x00, 0x03, 0x1f, 0x3f, 0x2f, 0x00, 0x00, 0x00, 0x00, 0x00, 0x00, 0x00, 0x01, 0x01, 0x02,
    0x04, 0x08, 0x10, 0x00, 0x01, 0x02, 0x02, 0x04, 0x0c, 0x00, 0x01, 0x02, 0x00, 0x00, 0x00, 0x03,
    0x07, 0x0f, 0x9e, 0x3c, 0x1d, 0x0a, 0x80, 0xe0, 0xf8, 0xfb, 0xff, 0xff, 0xbe, 0x37, 0xe0, 0xff,
    0xe3, 0xc0, 0xff, 0xff, 0xfd, 0xfe, 0xf0, 0x80, 0x00, 0x00, 0x9b, 0x7c, 0x00, 0x00, 0xf2, 0x1d,
    0x1f, 0x9b, 0xcd, 0xc1, 0xf0, 0xf8, 0xfe, 0xc0, 0x00, 0x00, 0x00, 0x00, 0x00, 0x00, 0x00, 0x00,
    0x00, 0x00, 0x00, 0x00, 0x00, 0x00, 0x00, 0x00, 0x00, 0x00, 0x00, 0x00, 0x00, 0x00, 0x00, 0x00,
    0x00, 0x00, 0x00, 0x00, 0x00, 0x00, 0x00, 0x00, 0x00, 0x00, 0x00, 0x00, 0x00, 0x00, 0x00, 0x00,
    0x4a, 0x8a, 0xaf, 0xa5, 0xe5, 0xf5, 0xfa, 0xd3, 0xd5, 0xdb, 0x67, 0x7c, 0xa0, 0xa3, 0x62, 0xe0,
    0xe0, 0x80, 0xc0, 0xc0, 0xc0, 0xc0, 0xc0, 0xc0, 0x40, 0x40, 0x40, 0x40, 0x00, 0x00, 0x00, 0x00,
    0x00, 0x00, 0x80, 0x80, 0x80, 0x00, 0x80, 0x80, 0xc0, 0xc0, 0xc0, 0x80, 0x80, 0x80, 0x80, 0x80,
    0x80, 0x80, 0x80, 0xe0, 0xf8, 0xbc, 0xff, 0xff, 0xbf, 0x3f, 0xbf, 0xdf, 0x80, 0xfe, 0xff, 0x7f,
    0xf7, 0xff, 0x3f, 0xff, 0xff, 0xbf, 0xbf, 0xff, 0x7f, 0xf0, 0x6f, 0x00, 0x00, 0x80, 0x00, 0x20,
    0x09, 0x1a, 0x1d, 0x55, 0x11, 0x90, 0x1a, 0x1b, 0x19, 0x18, 0x00, 0x00, 0x1c, 0x9c, 0x1c, 0x1c,
    0x1c, 0x1c, 0x1c, 0x1c, 0x00, 0x00, 0x00, 0x00, 0x00, 0x00, 0x00, 0x00, 0x00, 0x00, 0x00, 0x00,
    0x00, 0x00, 0x00, 0x00, 0x00, 0x00, 0x00, 0x00, 0x00, 0x00, 0x00, 0x00, 0x00, 0x00, 0x00, 0x00,
    0x13, 0x91, 0x81, 0x00, 0x48, 0x08, 0x20, 0x04, 0x12, 0x12, 0x09, 0x11, 0x09, 0x04, 0x02, 0x07,
    0x03, 0x83, 0xc7, 0x27, 0x07, 0x03, 0x01, 0x00, 0x02, 0x03, 0x03, 0x03, 0x03, 0x03, 0x03, 0x03,
    0x03, 0x03, 0x03, 0x03, 0x03, 0x01, 0x00, 0x00, 0x00, 0x00, 0x01, 0x00, 0x00, 0x00, 0x00, 0x01,
    0x01, 0x01, 0x01, 0x09, 0x09, 0x09, 0x01, 0x01, 0x01, 0x1f, 0x07, 0x01, 0x03, 0x9f, 0x07, 0x00,
    0x11, 0x13, 0x1f, 0x0e, 0x04, 0x00, 0x00, 0x01, 0x03, 0x02, 0x8c, 0x64, 0x04, 0x00, 0x02, 0x00,
    0x00, 0x00, 0x03, 0x04, 0x00, 0x00, 0x01, 0x10, 0x10, 0x14, 0x18, 0x13, 0x10, 0x10, 0x11, 0x10,
    0x10, 0x10, 0x01, 0x00, 0x00, 0x10, 0x10, 0x00, 0x00, 0x08, 0x09, 0x08, 0x00, 0x18, 0x14, 0xb0,
    0x58, 0x00, 0x00, 0x00, 0x00, 0x00, 0x00, 0x00, 0x00, 0x00, 0x00, 0x00, 0x00, 0x00, 0x00, 0x00
  },
  // Frame 54
  {
    0x00, 0x00, 0x00, 0x00, 0x00, 0x00, 0x00, 0x00, 0x00, 0x00, 0x00, 0x00, 0x00, 0x00, 0x00, 0x00,
    0x80, 0x00, 0x00, 0x40, 0x00, 0x20, 0x20, 0x20, 0x30, 0x30, 0x08, 0x08, 0x10, 0x30, 0x10, 0x10,
    0x10, 0x10, 0x13, 0x02, 0x10, 0x12, 0x02, 0x01, 0x0d, 0x05, 0x0b, 0x0a, 0x07, 0x87, 0x8a, 0x81,
    0xc3, 0x43, 0x4b, 0xc3, 0xc6, 0xc6, 0xc4, 0xc7, 0x83, 0x06, 0x03, 0x85, 0x03, 0x07, 0x07, 0x07,
    0x02, 0x05, 0x06, 0x06, 0x00, 0x02, 0x02, 0x04, 0x00, 0x00, 0x00, 0x00, 0x00, 0x00, 0x00, 0x00,
    0x00, 0x80, 0x00, 0x00, 0x50, 0x10, 0x00, 0x20, 0x40, 0x80, 0x00, 0x00, 0x00, 0x00, 0x00, 0x00,
    0x00, 0x00, 0x00, 0x00, 0x18, 0x00, 0x00, 0x00, 0x10, 0x00, 0x10, 0x00, 0x10, 0x10, 0x00, 0x10,
    0x00, 0x10, 0x10, 0x00, 0x00, 0x00, 0x10, 0x00, 0x00, 0x18, 0x00, 0x18, 0x00, 0x00, 0x00, 0x00,
    0x00, 0x00, 0x00, 0x00, 0x00, 0x10, 0x00, 0x00, 0x04, 0x00, 0x00, 0x00, 0x00, 0x01, 0x00, 0x00,
    0x00, 0x00, 0x00, 0x00, 0x00, 0x00, 0x00, 0x00, 0x00, 0x00, 0x00, 0x00, 0x00, 0x00, 0x00, 0x00,
    0x00, 0x00, 0x00, 0x00, 0x00, 0x00, 0x20, 0x60, 0x80, 0xc0, 0xd4, 0xd0, 0xf4, 0xf5, 0x75, 0x9f,
    0x83, 0x18, 0xfb, 0xf8, 0xf3, 0xf2, 0xe0, 0x72, 0x42, 0xd2, 0xd4, 0x66, 0x30, 0x30, 0x00, 0x00,
    0x20, 0x40, 0xa0, 0x40, 0x00, 0x50, 0x40, 0x20, 0x40, 0x00, 0x00, 0x80, 0x00, 0x00, 0x10, 0x00,
    0x00, 0x00, 0x00, 0x00, 0x01, 0x00, 0x00, 0x00, 0x00, 0x00, 0x00, 0x00, 0x00, 0x00, 0x00, 0x00,
    0x00, 0x00, 0x00, 0x00, 0x00, 0x00, 0x00, 0x00, 0x00, 0x00, 0x00, 0x00, 0x00, 0x00, 0x00, 0x00,
    0x00, 0x00, 0x00, 0x00, 0x00, 0x00, 0x00, 0x00, 0x00, 0x00, 0x00, 0x00, 0x00, 0x00, 0x00, 0x00,
    0x00, 0x00, 0x00, 0x00, 0x00, 0x00, 0x00, 0x00, 0x00, 0x00, 0x00, 0x00, 0x00, 0x00, 0x00, 0x00,
    0x00, 0x00, 0x00, 0x00, 0x00, 0x00, 0x00, 0x00, 0x00, 0x00, 0x00, 0x00, 0x00, 0x00, 0x00, 0x00,
    0x00, 0x00, 0x00, 0x00, 0x00, 0x00, 0x00, 0x00, 0x00, 0x00, 0x03, 0x03, 0x43, 0x00, 0x00, 0x00,
    0x40, 0x40, 0xc0, 0xe0, 0xe1, 0xf0, 0x71, 0x70, 0x20, 0x02, 0x03, 0x29, 0x00, 0x80, 0x00, 0x00,
    0x00, 0x00, 0x02, 0x00, 0x01, 0x01, 0x00, 0x00, 0x00, 0x00, 0x00, 0x00, 0x00, 0x00, 0x00, 0x00,
    0x00, 0x00, 0x00, 0x00, 0x00, 0x00, 0x00, 0x00, 0x00, 0x00, 0x00, 0x00, 0x00, 0x00, 0x00, 0x00,
    0x00, 0x00, 0x00, 0x00, 0x00, 0x00, 0x00, 0x00, 0x00, 0x00, 0x00, 0x00, 0x00, 0x00, 0x00, 0x00,
    0x00, 0x00, 0x00, 0x00, 0x00, 0x00, 0x00, 0x00, 0x00, 0x00, 0x00, 0x00, 0x00, 0x00, 0x00, 0x00,
    0x00, 0x00, 0x00, 0x00, 0x00, 0x00, 0x00, 0x00, 0x00, 0x00, 0x00, 0x00, 0x40, 0xc0, 0x80, 0x80,
    0xa0, 0x40, 0xc0, 0xd8, 0x80, 0x00, 0x00, 0x00, 0x00, 0x40, 0x00, 0x00, 0x00, 0x00, 0x00, 0x00,
    0x00, 0x00, 0x00, 0x00, 0x00, 0x00, 0x00, 0x00, 0x00, 0x10, 0x20, 0x00, 0x20, 0x70, 0x70, 0x98,
    0xf8, 0xbc, 0x4a, 0x1e, 0x00, 0x00, 0x04, 0xd0, 0xe3, 0x81, 0x1b, 0x3a, 0x96, 0x08, 0x18, 0xc0,
    0x28, 0x20, 0x50, 0xe0, 0x00, 0x40, 0xe0, 0x80, 0x00, 0x00, 0x80, 0x00, 0x00, 0x00, 0x00, 0x00,
    0x00, 0x00, 0x00, 0x00, 0x00, 0x00, 0x00, 0x00, 0x00, 0x00, 0x00, 0x00, 0x00, 0x00, 0x00, 0x00,
    0x00, 0x00, 0x00, 0x00, 0x00, 0x00, 0x00, 0x00, 0x00, 0x00, 0x00, 0x00, 0x00, 0x00, 0x00, 0x00,
    0x00, 0x00, 0x00, 0x00, 0x00, 0x00, 0x00, 0x00, 0x00, 0x00, 0x00, 0x00, 0x00, 0x00, 0x00, 0x00,
    0x00, 0x00, 0x00, 0x80, 0xe0, 0xf0, 0xf0, 0xf0, 0xc2, 0x06, 0x06, 0x2e, 0xbc, 0x7c, 0xff, 0xfe,
    0xff, 0xf7, 0xff, 0xfe, 0xff, 0xff, 0x00, 0x00, 0x00, 0x01, 0x0a, 0x2c, 0xb8, 0xe0, 0xc0, 0x00,
    0x00, 0x00, 0x40, 0x80, 0x40, 0x00, 0x80, 0x81, 0x80, 0x00, 0x00, 0x1c, 0x30, 0x70, 0xd0, 0x80,
    0x01, 0x80, 0x62, 0xf0, 0x7c, 0xf9, 0xf3, 0x27, 0x0f, 0x01, 0xc0, 0xf8, 0xff, 0xff, 0xfc, 0xff,
    0x3f, 0x7e, 0xf8, 0xc3, 0x87, 0x0c, 0x74, 0xcf, 0x78, 0x60, 0x00, 0x03, 0x3e, 0x00, 0x00, 0xfe,
    0xf2, 0x04, 0x78, 0xd0, 0x00, 0x80, 0x00, 0x00, 0x00, 0x00, 0x00, 0x00, 0x00, 0x00, 0x00, 0x00,
    0x00, 0x00, 0x00, 0x00, 0x00, 0x00, 0x00, 0x00, 0x00, 0x00, 0x00, 0x00, 0x00, 0x00, 0x00, 0x00,
    0x00, 0x00, 0x00, 0x00, 0x00, 0x00, 0x00, 0x00, 0x00, 0x00, 0x00, 0x00, 0x00, 0x00, 0x00, 0x00,
    0xe0, 0xc6, 0xde, 0xbc, 0xff, 0x7f, 0xff, 0xff, 0xef, 0xdf, 0xb8, 0xc0, 0x00, 0x03, 0xfd, 0xc7,
    0x3f, 0x00, 0x01, 0x1f, 0x3f, 0x3f, 0x00, 0x00, 0x00, 0x00, 0x00, 0x00, 0x00, 0x01, 0x01, 0x07,
    0x04, 0x08, 0x10, 0x00, 0x01, 0x02, 0x04, 0x04, 0x0c, 0x00, 0x01, 0x02, 0x00, 0x04, 0x00, 0x03,
    0x07, 0x0f, 0x9e, 0x3e, 0x1d, 0x0b, 0x81, 0xe0, 0xf8, 0xfe, 0xf6, 0xff, 0xbe, 0x3f, 0xe0, 0xff,
    0xe3, 0x80, 0xff, 0xff, 0xfd, 0xfe, 0xf8, 0x80, 0x00, 0x00, 0x9b, 0x3c, 0x00, 0x00, 0xf3, 0x1d,
    0x1f, 0x9b, 0xcd, 0xe1, 0xf0, 0xf8, 0xfe, 0xc0, 0x00, 0x00, 0x00, 0x00, 0x00, 0x00, 0x00, 0x00,
    0x00, 0x00, 0x00, 0x00, 0x00, 0x00, 0x00, 0x00, 0x00, 0x00, 0x00, 0x00, 0x00, 0x00, 0x00, 0x00,
    0x00, 0x00, 0x00, 0x00, 0x00, 0x00, 0x00, 0x00, 0x00, 0x00, 0x00, 0x00, 0x00, 0x00, 0x00, 0x00,
    0x5a, 0x5a, 0x8a, 0xad, 0x85, 0xe5, 0xf3, 0xda, 0xd5, 0xd7, 0xdf, 0x7e, 0x70, 0x26, 0xa0, 0xe0,
    0xe0, 0x60, 0x80, 0xc0, 0xc0, 0xc0, 0xc0, 0xc0, 0xc0, 0xc0, 0x40, 0x40, 0x40, 0x00, 0x00, 0x00,
    0x00, 0x80, 0x80, 0x80, 0x80, 0x80, 0x00, 0x00, 0x80, 0x80, 0x80, 0x80, 0x80, 0x00, 0x80, 0x80,
    0x80, 0x80, 0x80, 0xa0, 0xb8, 0xbc, 0xbf, 0xbf, 0xbf, 0xbf, 0x3f, 0x9f, 0x80, 0xbe, 0xff, 0xff,
    0x77, 0xff, 0xbf, 0x7f, 0xff, 0xbf, 0xbf, 0x7f, 0x7f, 0xf0, 0x6f, 0x00, 0x00, 0x00, 0x00, 0x00,
    0x09, 0x1a, 0x1d, 0x35, 0xb1, 0xb1, 0x1b, 0x1b, 0x19, 0x98, 0x00, 0x00, 0x04, 0x9c, 0x1c, 0x1c,
    0x1c, 0x1c, 0x1c, 0x1c, 0x08, 0x00, 0x00, 0x00, 0x00, 0x00, 0x00, 0x00, 0x00, 0x00, 0x00, 0x00,
    0x00, 0x00, 0x00, 0x00, 0x00, 0x00, 0x00, 0x00, 0x00, 0x00, 0x00, 0x00, 0x00, 0x00, 0x00, 0x00,
    0x33, 0x13, 0x91, 0x81, 0x00, 0x48, 0x08, 0x24, 0x00, 0x30, 0x12, 0x21, 0x11, 0x08, 0x04, 0x02,
    0x07, 0x03, 0x83, 0xc7, 0x27, 0x17, 0x07, 0x03, 0x00, 0x02, 0x03, 0x03, 0x03, 0x03, 0x03, 0x03,
    0x03, 0x03, 0x03, 0x03, 0x07, 0x07, 0x05, 0x00, 0x00, 0x00, 0x00, 0x01, 0x00, 0x00, 0x00, 0x00,
    0x01, 0x09, 0x09, 0x09, 0x09, 0x09, 0x01, 0x03, 0x01, 0x03, 0x17, 0x1f, 0x0f, 0xa0, 0x1f, 0x1f,
    0x04, 0x00, 0x13, 0x1f, 0x06, 0x04, 0x00, 0x01, 0x01, 0x03, 0x82, 0x6c, 0x04, 0x04, 0x00, 0x00,
    0x00, 0x00, 0x01, 0x04, 0x00, 0x00, 0x00, 0x10, 0x14, 0x14, 0x10, 0x12, 0x10, 0x10, 0x10, 0x10,
    0x14, 0x10, 0x10, 0x10, 0x00, 0x00, 0x00, 0x10, 0x10, 0x10, 0x08, 0x0c, 0x08, 0x00, 0x08, 0x34,
    0x70, 0x00, 0x00, 0x00, 0x00, 0x00, 0x00, 0x00, 0x00, 0x00, 0x00, 0x00, 0x00, 0x00, 0x00, 0x00
  },
  // Frame 55
  {
    0x00, 0x00, 0x00, 0x00, 0x00, 0x00, 0x00, 0x00, 0x00, 0x00, 0x00, 0x00, 0x00, 0x00, 0x00, 0x00,
    0x80, 0x00, 0x00, 0x40, 0x40, 0x20, 0x20, 0x20, 0x30, 0x10, 0x00, 0x08, 0x10, 0x30, 0x30, 0x10,
    0x10, 0x10, 0x13, 0x0a, 0x10, 0x10, 0x03, 0x01, 0x0d, 0x0d, 0x0b, 0x00, 0x07, 0x87, 0x03, 0x85,
    0xc7, 0xcb, 0x4b, 0x03, 0xc6, 0xc2, 0xc6, 0xc1, 0x85, 0x83, 0x03, 0x05, 0x01, 0x07, 0x06, 0x03,
    0x06, 0x05, 0x06, 0x06, 0x00, 0x00, 0x06, 0x00, 0x00, 0x00, 0x00, 0x00, 0x00, 0x00, 0x00, 0x00,
    0x00, 0x00, 0x00, 0x00, 0x00, 0x10, 0x00, 0x20, 0x40, 0x80, 0x00, 0x00, 0x00, 0x00, 0x00, 0x00,
    0x00, 0x00, 0x00, 0x00, 0x18, 0x00, 0x00, 0x00, 0x10, 0x00, 0x10, 0x00, 0x10, 0x10, 0x00, 0x10,
    0x00, 0x00, 0x10, 0x00, 0x00, 0x00, 0x10, 0x00, 0x00, 0x18, 0x00, 0x18, 0x00, 0x00, 0x00, 0x00,
    0x00, 0x00, 0x00, 0x00, 0x00, 0x10, 0x00, 0x00, 0x00, 0x00, 0x00, 0x00, 0x00, 0x01, 0x00, 0x00,
    0x00, 0x00, 0x00, 0x00, 0x00, 0x00, 0x00, 0x00, 0x00, 0x00, 0x00, 0x00, 0x00, 0x00, 0x00, 0x00,
    0x00, 0x00, 0x00, 0x00, 0x00, 0x00, 0x08, 0x60, 0x80, 0xc2, 0xc4, 0xd4, 0xe4, 0xf4, 0x75, 0x97,
    0x83, 0x1b, 0xbf, 0xfa, 0xf1, 0xf2, 0xe2, 0x72, 0x42, 0xc2, 0xd2, 0x74, 0xf4, 0x30, 0x00, 0x00,
    0x00, 0x50, 0xa0, 0x40, 0x00, 0x40, 0x40, 0x20, 0x40, 0x00, 0x00, 0x00, 0x00, 0x00, 0x10, 0x00,
    0x00, 0x00, 0x00, 0x00, 0x01, 0x00, 0x01, 0x00, 0x00, 0x00, 0x00, 0x00, 0x00, 0x00, 0x00, 0x00,
    0x00, 0x00, 0x00, 0x00, 0x00, 0x00, 0x00, 0x00, 0x00, 0x00, 0x00, 0x00, 0x00, 0x00, 0x00, 0x00,
    0x00, 0x00, 0x00, 0x00, 0x00, 0x00, 0x00, 0x00, 0x00, 0x00, 0x00, 0x00, 0x00, 0x00, 0x00, 0x00,
    0x00, 0x00, 0x00, 0x00, 0x00, 0x01, 0x00, 0x00, 0x00, 0x00, 0x04, 0x00, 0x00, 0x00, 0x00, 0x08,
    0x00, 0x00, 0x00, 0x00, 0x00, 0x00, 0x00, 0x00, 0x00, 0x00, 0x00, 0x00, 0x00, 0x00, 0x00, 0x00,
    0x00, 0x00, 0x00, 0x00, 0x00, 0x00, 0x00, 0x40, 0x00, 0x00, 0x03, 0x07, 0x43, 0x00, 0x00, 0x00,
    0x40, 0x40, 0xc0, 0xe0, 0xe1, 0xf0, 0xf0, 0x71, 0x20, 0x00, 0x03, 0x01, 0x00, 0x00, 0x00, 0x00,
    0x00, 0x00, 0x02, 0x00, 0x00, 0x00, 0x00, 0x01, 0x00, 0x00, 0x00, 0x00, 0x00, 0x00, 0x00, 0x00,
    0x00, 0x00, 0x00, 0x00, 0x00, 0x00, 0x00, 0x00, 0x00, 0x00, 0x00, 0x00, 0x00, 0x00, 0x00, 0x00,
    0x00, 0x00, 0x00, 0x00, 0x00, 0x00, 0x00, 0x00, 0x00, 0x00, 0x00, 0x00, 0x00, 0x00, 0x00, 0x00,
    0x00, 0x00, 0x00, 0x00, 0x00, 0x00, 0x00, 0x00, 0x00, 0x00, 0x00, 0x00, 0x00, 0x00, 0x00, 0x00,
    0x00, 0x00, 0x00, 0x00, 0x00, 0x00, 0x00, 0x00, 0x00, 0x00, 0x00, 0x00, 0x00, 0x40, 0x40, 0x80,
    0x80, 0xe0, 0xc0, 0xd8, 0xc0, 0x80, 0x00, 0x00, 0x20, 0x40, 0x00, 0x00, 0x00, 0x00, 0x00, 0x00,
    0x00, 0x00, 0x00, 0x00, 0x00, 0x00, 0x00, 0x00, 0x00, 0x10, 0x20, 0x00, 0x20, 0x30, 0x70, 0x98,
    0xd8, 0xbc, 0x4a, 0x1c, 0x00, 0x00, 0x04, 0xd8, 0xe3, 0xc1, 0x1b, 0x3a, 0xfe, 0x08, 0x11, 0xc0,
    0xa8, 0x20, 0x50, 0xe0, 0x00, 0x40, 0xe0, 0x80, 0x00, 0x00, 0x80, 0x00, 0x00, 0x00, 0x00, 0x00,
    0x00, 0x00, 0x00, 0x00, 0x00, 0x00, 0x00, 0x00, 0x00, 0x00, 0x00, 0x00, 0x00, 0x00, 0x00, 0x00,
    0x00, 0x00, 0x00, 0x00, 0x00, 0x00, 0x00, 0x00, 0x00, 0x00, 0x00, 0x00, 0x00, 0x00, 0x00, 0x00,
    0x00, 0x00, 0x00, 0x00, 0x00, 0x00, 0x00, 0x00, 0x00, 0x00, 0x00, 0x00, 0x00, 0x00, 0x00, 0x00,
    0x00, 0x00, 0x00, 0x00, 0xe0, 0xe0, 0xf0, 0xf0, 0xe2, 0xc2, 0x06, 0x0e, 0x3c, 0xfc, 0x7f, 0xff,
    0xfd, 0xfb, 0x0f, 0xff, 0xff, 0xff, 0x20, 0x00, 0x00, 0x00, 0x07, 0x3c, 0xb9, 0x62, 0xc0, 0x00,
    0x00, 0x00, 0x00, 0x80, 0x40, 0x40, 0x80, 0x80, 0x88, 0x02, 0x04, 0x0c, 0x30, 0x70, 0xc0, 0x80,
    0x81, 0x82, 0x62, 0xf0, 0x7c, 0xfd, 0xfb, 0x37, 0x0f, 0x01, 0xc0, 0xe0, 0xff, 0xfe, 0xfe, 0xcf,
    0x7f, 0x7e, 0xf8, 0xc3, 0x87, 0x0c, 0x74, 0xcf, 0x78, 0x60, 0x00, 0x03, 0x3e, 0x00, 0x00, 0xfe,
    0xf0, 0x04, 0x70, 0xc0, 0x00, 0x80, 0x00, 0x00, 0x00, 0x00, 0x00, 0x00, 0x00, 0x00, 0x00, 0x00,
    0x00, 0x00, 0x00, 0x00, 0x00, 0x00, 0x00, 0x00, 0x00, 0x00, 0x00, 0x00, 0x00, 0x00, 0x00, 0x00,
    0x00, 0x00, 0x00, 0x00, 0x00, 0x00, 0x00, 0x00, 0x00, 0x00, 0x00, 0x00, 0x00, 0x00, 0x00, 0x00,
    0xf0, 0xe0, 0xc6, 0xdc, 0xbc, 0xbd, 0x7f, 0xfd, 0xfb, 0xf7, 0xef, 0xbc, 0x40, 0x00, 0x03, 0xfd,
    0xc7, 0x1f, 0x00, 0x07, 0x3f, 0x3f, 0x00, 0x00, 0x00, 0x00, 0x00, 0x00, 0x00, 0x01, 0x03, 0x07,
    0x04, 0x08, 0x10, 0x00, 0x01, 0x02, 0x04, 0x00, 0x0c, 0x00, 0x01, 0x02, 0x02, 0x00, 0x00, 0x01,
    0x07, 0x07, 0x9a, 0x3e, 0x1d, 0x09, 0x81, 0xe0, 0xe8, 0xfa, 0xf3, 0xff, 0xfe, 0x7f, 0xe0, 0xff,
    0xa3, 0x80, 0xff, 0xfb, 0xff, 0xfe, 0xf8, 0x80, 0x80, 0x00, 0x9b, 0x7c, 0x00, 0x00, 0x73, 0x1d,
    0x1f, 0x9b, 0xcd, 0xe1, 0xf0, 0xf8, 0xfe, 0xc0, 0x00, 0x00, 0x00, 0x00, 0x00, 0x00, 0x00, 0x00,
    0x00, 0x00, 0x00, 0x00, 0x00, 0x00, 0x00, 0x00, 0x00, 0x00, 0x00, 0x00, 0x00, 0x00, 0x00, 0x00,
    0x00, 0x00, 0x00, 0x00, 0x00, 0x00, 0x00, 0x00, 0x00, 0x00, 0x00, 0x00, 0x00, 0x00, 0x00, 0x00,
    0x98, 0xda, 0xda, 0x5a, 0xeb, 0xad, 0xc5, 0xf5, 0xf2, 0xdb, 0xd5, 0xd3, 0xff, 0x6c, 0x70, 0xa1,
    0xa0, 0xe0, 0xc0, 0xe0, 0xe0, 0xc0, 0xc0, 0xc0, 0xc0, 0xc0, 0xc0, 0xc0, 0x40, 0x00, 0x80, 0x80,
    0x80, 0x80, 0x00, 0x00, 0x00, 0x80, 0xc0, 0xc0, 0xc0, 0x40, 0x80, 0xc0, 0xc0, 0xc0, 0xc0, 0x40,
    0x80, 0x80, 0x80, 0xa0, 0xb0, 0xbc, 0xff, 0xff, 0xff, 0xff, 0xff, 0xdf, 0x00, 0x30, 0xbf, 0xff,
    0xf7, 0xff, 0x7f, 0xff, 0xff, 0xff, 0x3f, 0xff, 0xff, 0xf0, 0x07, 0x00, 0x00, 0x00, 0x00, 0x20,
    0x09, 0x1a, 0x15, 0x15, 0x11, 0x90, 0x1b, 0x1b, 0x1b, 0x88, 0x00, 0x00, 0x00, 0x00, 0x04, 0x0c,
    0x8e, 0x1e, 0x1e, 0x1e, 0x1c, 0x1c, 0x1c, 0x00, 0x00, 0x00, 0x00, 0x00, 0x00, 0x00, 0x00, 0x00,
    0x00, 0x80, 0x00, 0x00, 0x00, 0x00, 0x00, 0x00, 0x00, 0x00, 0x00, 0x00, 0x00, 0x00, 0x00, 0x00,
    0x21, 0x03, 0x33, 0x33, 0x91, 0x81, 0x10, 0x48, 0x08, 0x24, 0x04, 0x12, 0x12, 0x01, 0x11, 0x08,
    0x04, 0x03, 0x03, 0x03, 0x03, 0xc7, 0x47, 0x17, 0x07, 0x03, 0x01, 0x02, 0x03, 0x03, 0x03, 0x03,
    0x03, 0x03, 0x03, 0x03, 0x03, 0x03, 0x07, 0x03, 0x01, 0x00, 0x00, 0x00, 0x00, 0x00, 0x01, 0x00,
    0x00, 0x00, 0x00, 0x01, 0x09, 0x09, 0x09, 0x09, 0x09, 0x01, 0x03, 0x01, 0x26, 0x9f, 0x1f, 0x01,
    0x27, 0x1f, 0x1f, 0x00, 0x11, 0x13, 0x1f, 0x06, 0x00, 0x00, 0x81, 0x71, 0x03, 0x02, 0x0c, 0x00,
    0x04, 0x00, 0x00, 0x00, 0x00, 0x00, 0x00, 0x02, 0x04, 0x14, 0x10, 0x21, 0x20, 0x20, 0x20, 0x22,
    0x20, 0x20, 0x20, 0x20, 0x30, 0x10, 0x10, 0x10, 0x10, 0x10, 0x00, 0x00, 0x10, 0x10, 0x00, 0x28,
    0x68, 0x08, 0x06, 0x00, 0x00, 0x00, 0x00, 0x00, 0x00, 0x00, 0x00, 0x00, 0x00, 0x00, 0x00, 0x00
  },
  // Frame 56
  {
    0x00, 0x00, 0x00, 0x00, 0x00, 0x00, 0x00, 0x00, 0x00, 0x00, 0x00, 0x00, 0x00, 0x00, 0x00, 0x00,
    0x80, 0x00, 0x00, 0x40, 0x40, 0x20, 0x20, 0x20, 0x70, 0x10, 0x00, 0x08, 0x10, 0x30, 0x30, 0x18,
    0x00, 0x10, 0x17, 0x12, 0x01, 0x10, 0x03, 0x09, 0x09, 0x09, 0x0b, 0x04, 0x07, 0x0f, 0x07, 0x81,
    0xc7, 0xcb, 0x43, 0x03, 0xc6, 0xc2, 0xc6, 0xc0, 0x87, 0x83, 0x02, 0x05, 0x01, 0x03, 0x06, 0x03,
    0x06, 0x03, 0x00, 0x06, 0x00, 0x04, 0x02, 0x00, 0x00, 0x00, 0x00, 0x00, 0x00, 0x00, 0x00, 0x00,
    0x00, 0x00, 0x00, 0x00, 0x40, 0x10, 0x80, 0x20, 0x40, 0x80, 0x00, 0x00, 0x00, 0x00, 0x00, 0x00,
    0x00, 0x00, 0x00, 0x00, 0x18, 0x00, 0x00, 0x00, 0x10, 0x00, 0x10, 0x00, 0x10, 0x10, 0x00, 0x10,
    0x00, 0x00, 0x10, 0x00, 0x00, 0x00, 0x10, 0x00, 0x00, 0x18, 0x00, 0x18, 0x00, 0x00, 0x00, 0x00,
    0x00, 0x00, 0x00, 0x00, 0x00, 0x10, 0x00, 0x00, 0x00, 0x00, 0x00, 0x00, 0x00, 0x01, 0x00, 0x00,
    0x00, 0x00, 0x00, 0x00, 0x00, 0x00, 0x00, 0x00, 0x00, 0x00, 0x00, 0x00, 0x00, 0x00, 0x00, 0x00,
    0x00, 0x00, 0x00, 0x00, 0x00, 0x00, 0x08, 0x64, 0xa0, 0xc2, 0xc4, 0xc4, 0xe4, 0xf4, 0x74, 0x97,
    0x83, 0x0b, 0xff, 0xfa, 0xf9, 0xf2, 0xe2, 0x72, 0x42, 0xd2, 0xd2, 0x74, 0xf4, 0x30, 0x00, 0x00,
    0x00, 0x40, 0xa0, 0x40, 0x00, 0x40, 0x40, 0x20, 0x40, 0x00, 0x00, 0x00, 0x00, 0x00, 0x10, 0x00,
    0x00, 0x00, 0x00, 0x00, 0x01, 0x00, 0x01, 0x00, 0x00, 0x00, 0x00, 0x00, 0x00, 0x00, 0x00, 0x00,
    0x00, 0x00, 0x00, 0x00, 0x00, 0x00, 0x00, 0x00, 0x00, 0x00, 0x00, 0x00, 0x00, 0x00, 0x00, 0x00,
    0x00, 0x00, 0x00, 0x00, 0x00, 0x00, 0x00, 0x00, 0x00, 0x00, 0x00, 0x00, 0x00, 0x00, 0x00, 0x00,
    0x00, 0x00, 0x00, 0x00, 0x00, 0x01, 0x00, 0x00, 0x00, 0x00, 0x04, 0x00, 0x00, 0x00, 0x00, 0x08,
    0x00, 0x00, 0x00, 0x00, 0x00, 0x00, 0x00, 0x00, 0x00, 0x00, 0x00, 0x00, 0x00, 0x00, 0x00, 0x00,
    0x00, 0x00, 0x00, 0x00, 0x00, 0x00, 0x00, 0x40, 0x00, 0x00, 0x03, 0x07, 0x03, 0x00, 0x00, 0x00,
    0x40, 0x40, 0xc0, 0xe0, 0xe1, 0xe0, 0xf0, 0x71, 0x20, 0x10, 0x03, 0x01, 0x00, 0x00, 0x00, 0x00,
    0x00, 0x00, 0x02, 0x00, 0x00, 0x00, 0x00, 0x01, 0x00, 0x00, 0x00, 0x00, 0x00, 0x00, 0x00, 0x00,
    0x00, 0x00, 0x00, 0x00, 0x00, 0x00, 0x00, 0x00, 0x00, 0x00, 0x00, 0x00, 0x00, 0x00, 0x00, 0x00,
    0x00, 0x00, 0x00, 0x00, 0x00, 0x00, 0x00, 0x00, 0x00, 0x00, 0x00, 0x00, 0x00, 0x00, 0x00, 0x00,
    0x00, 0x00, 0x00, 0x00, 0x00, 0x00, 0x00, 0x00, 0x00, 0x00, 0x00, 0x00, 0x00, 0x00, 0x00, 0x00,
    0x00, 0x00, 0x00, 0x00, 0x00, 0x00, 0x00, 0x00, 0x00, 0x00, 0x00, 0x00, 0x00, 0x40, 0xc0, 0x80,
    0x80, 0xa0, 0xc0, 0xc8, 0xe0, 0x00, 0x00, 0x00, 0x20, 0x00, 0x00, 0x00, 0x00, 0x00, 0x00, 0x00,
    0x00, 0x00, 0x00, 0x00, 0x00, 0x00, 0x00, 0x00, 0x00, 0x10, 0x20, 0x00, 0x20, 0x30, 0x70, 0x98,
    0xd8, 0xbc, 0x4a, 0x1c, 0x08, 0x00, 0x04, 0xd8, 0xe3, 0xc1, 0x1b, 0x3a, 0xf6, 0x08, 0x11, 0xc0,
    0xa8, 0x20, 0x50, 0xe0, 0x00, 0x40, 0xe0, 0x80, 0x00, 0x00, 0x80, 0x00, 0x00, 0x00, 0x00, 0x00,
    0x00, 0x00, 0x00, 0x00, 0x00, 0x00, 0x00, 0x00, 0x00, 0x00, 0x00, 0x00, 0x00, 0x00, 0x00, 0x00,
    0x00, 0x00, 0x00, 0x00, 0x00, 0x00, 0x00, 0x00, 0x00, 0x00, 0x00, 0x00, 0x00, 0x00, 0x00, 0x00,
    0x00, 0x00, 0x00, 0x00, 0x00, 0x00, 0x00, 0x00, 0x00, 0x00, 0x00, 0x00, 0x00, 0x00, 0x00, 0x00,
    0x00, 0x00, 0x00, 0x00, 0x00, 0x60, 0xf0, 0xf0, 0xf0, 0xe2, 0x82, 0x06, 0x0e, 0x5c, 0xbc, 0xff,
    0xfe, 0xfd, 0xf7, 0xff, 0xfe, 0xff, 0x78, 0x00, 0x00, 0x00, 0x05, 0x34, 0xf9, 0x72, 0xc0, 0x00,
    0x00, 0x00, 0x00, 0x00, 0x40, 0x40, 0x80, 0xc0, 0x80, 0x82, 0x04, 0x0c, 0x30, 0x70, 0xc0, 0x80,
    0x81, 0x00, 0x62, 0x70, 0x7c, 0xfd, 0xfb, 0x37, 0x0f, 0x03, 0xc0, 0xc0, 0xff, 0xfe, 0xfe, 0xc7,
    0x7f, 0x7e, 0xf8, 0xe3, 0x87, 0x0c, 0x74, 0xcf, 0xf8, 0x60, 0x00, 0x03, 0x3e, 0x00, 0x00, 0xfe,
    0xf0, 0x04, 0x70, 0x80, 0x00, 0x80, 0x00, 0x00, 0x00, 0x00, 0x00, 0x00, 0x00, 0x00, 0x00, 0x00,
    0x00, 0x00, 0x00, 0x00, 0x00, 0x00, 0x00, 0x00, 0x00, 0x00, 0x00, 0x00, 0x00, 0x00, 0x00, 0x00,
    0x00, 0x00, 0x00, 0x00, 0x00, 0x00, 0x00, 0x00, 0x00, 0x00, 0x00, 0x00, 0x00, 0x00, 0x00, 0x00,
    0xf0, 0xf0, 0xe0, 0xce, 0xdc, 0xbc, 0xbf, 0x7f, 0xff, 0xfb, 0xff, 0xfe, 0xb8, 0x60, 0x01, 0x06,
    0xfb, 0x0f, 0x00, 0x03, 0x3f, 0x3f, 0x00, 0x00, 0x00, 0x00, 0x00, 0x00, 0x00, 0x01, 0x03, 0x07,
    0x04, 0x08, 0x10, 0x00, 0x01, 0x00, 0x00, 0x00, 0x08, 0x00, 0x01, 0x03, 0x02, 0x00, 0x00, 0x01,
    0x03, 0x07, 0x9a, 0x3e, 0x1d, 0x09, 0x81, 0xe0, 0xe8, 0xfe, 0xf3, 0xff, 0xfe, 0x7f, 0xc0, 0xff,
    0xa3, 0xc0, 0xff, 0xff, 0xff, 0xf7, 0xf8, 0x80, 0x00, 0x00, 0x9b, 0x7c, 0x00, 0x00, 0x73, 0x1d,
    0x1f, 0x9b, 0xcd, 0xe1, 0xf0, 0xf9, 0xfe, 0xc0, 0x00, 0x00, 0x00, 0x00, 0x00, 0x00, 0x00, 0x00,
    0x00, 0x00, 0x00, 0x00, 0x00, 0x00, 0x00, 0x00, 0x00, 0x00, 0x00, 0x00, 0x00, 0x00, 0x00, 0x00,
    0x00, 0x00, 0x00, 0x00, 0x00, 0x00, 0x00, 0x00, 0x00, 0x00, 0x00, 0x00, 0x00, 0x00, 0x00, 0x00,
    0x99, 0x98, 0xda, 0xda, 0x4a, 0x8b, 0xad, 0xc5, 0xf5, 0xf1, 0xc2, 0xc5, 0xc3, 0xdf, 0x6c, 0x74,
    0x20, 0xa0, 0xe0, 0xc0, 0xe0, 0xa0, 0xe0, 0xc0, 0xe0, 0xe0, 0xe0, 0xc0, 0xc0, 0x40, 0x00, 0x80,
    0x80, 0x80, 0x80, 0xc0, 0xc0, 0xc0, 0xc0, 0xc0, 0xc0, 0xc0, 0xc0, 0x80, 0xc0, 0xc0, 0xc0, 0xc0,
    0xc0, 0xc0, 0xc0, 0x80, 0xd0, 0xdc, 0xdf, 0xdf, 0xdf, 0x9f, 0x9f, 0x9f, 0x80, 0x90, 0x9f, 0x5f,
    0x97, 0xdf, 0xdf, 0xff, 0x5f, 0x5f, 0xff, 0xff, 0x7f, 0x70, 0x87, 0x80, 0x80, 0x00, 0x00, 0x00,
    0x09, 0x1a, 0x15, 0x95, 0x11, 0x10, 0x8b, 0x0b, 0x49, 0x48, 0x80, 0x00, 0x10, 0x40, 0x00, 0x40,
    0x00, 0x8c, 0x0e, 0x0e, 0x1e, 0x1e, 0x1e, 0x0c, 0x08, 0x40, 0x00, 0x00, 0x00, 0x00, 0x00, 0x00,
    0x00, 0x00, 0x00, 0x00, 0x00, 0x00, 0x00, 0x00, 0x00, 0x00, 0x00, 0x00, 0x00, 0x00, 0x00, 0x00,
    0x01, 0x21, 0x21, 0x03, 0x33, 0x11, 0x91, 0x80, 0x48, 0x48, 0x04, 0x24, 0x00, 0x12, 0x09, 0x21,
    0x08, 0x0c, 0x03, 0x03, 0x03, 0x03, 0x87, 0xc7, 0x27, 0x0f, 0x07, 0x01, 0x00, 0x01, 0x43, 0x03,
    0x03, 0x03, 0x01, 0x01, 0x01, 0x01, 0x05, 0x03, 0x02, 0x02, 0x02, 0x00, 0x00, 0x00, 0x00, 0x00,
    0x08, 0x00, 0x00, 0x00, 0x00, 0x00, 0x00, 0x01, 0x01, 0x09, 0x09, 0x01, 0x01, 0x81, 0x03, 0x1f,
    0x07, 0x01, 0x03, 0x1f, 0x07, 0x00, 0x11, 0x13, 0x0f, 0x0a, 0x80, 0x70, 0x00, 0x01, 0x03, 0x02,
    0x0c, 0x06, 0x04, 0x00, 0x04, 0x00, 0x00, 0x02, 0x00, 0x00, 0x00, 0x10, 0x22, 0x20, 0x24, 0x20,
    0x22, 0x20, 0x21, 0x22, 0x20, 0x24, 0x28, 0x20, 0x00, 0x00, 0x10, 0x14, 0x18, 0x12, 0x00, 0x20,
    0x64, 0x00, 0x08, 0x08, 0x04, 0x00, 0x00, 0x00, 0x00, 0x00, 0x00, 0x00, 0x00, 0x00, 0x00, 0x00
  },
  // Frame 57
  {
    0x00, 0x00, 0x00, 0x00, 0x00, 0x00, 0x00, 0x00, 0x00, 0x00, 0x00, 0x00, 0x00, 0x00, 0x00, 0x00,
    0x80, 0x00, 0x00, 0x40, 0x00, 0x20, 0x20, 0x20, 0x70, 0x10, 0x00, 0x08, 0x10, 0x14, 0x30, 0x10,
    0x00, 0x10, 0x1f, 0x16, 0x08, 0x18, 0x0b, 0x09, 0x09, 0x09, 0x03, 0x04, 0x07, 0x8f, 0x07, 0x81,
    0xc3, 0xcf, 0x43, 0x03, 0xc2, 0xc2, 0xc6, 0xc4, 0x87, 0x83, 0x00, 0x01, 0x01, 0x03, 0x04, 0x01,
    0x04, 0x01, 0x01, 0x06, 0x00, 0x04, 0x02, 0x00, 0x00, 0x00, 0x00, 0x00, 0x00, 0x00, 0x00, 0x00,
    0x00, 0x00, 0x00, 0x00, 0x40, 0x10, 0x00, 0x20, 0x40, 0x80, 0x00, 0x00, 0x00, 0x00, 0x00, 0x00,
    0x00, 0x00, 0x00, 0x00, 0x18, 0x00, 0x00, 0x00, 0x10, 0x00, 0x10, 0x00, 0x10, 0x10, 0x00, 0x10,
    0x00, 0x00, 0x10, 0x00, 0x00, 0x00, 0x10, 0x00, 0x00, 0x18, 0x00, 0x18, 0x00, 0x00, 0x00, 0x00,
    0x00, 0x00, 0x00, 0x00, 0x20, 0x00, 0x00, 0x00, 0x00, 0x00, 0x00, 0x00, 0x00, 0x01, 0x00, 0x00,
    0x00, 0x00, 0x00, 0x00, 0x00, 0x00, 0x00, 0x00, 0x00, 0x00, 0x00, 0x00, 0x00, 0x00, 0x00, 0x00,
    0x00, 0x00, 0x00, 0x00, 0x00, 0x00, 0x08, 0x44, 0xe0, 0xc2, 0xc4, 0xc4, 0xe4, 0xf4, 0x74, 0x95,
    0x83, 0x0b, 0xff, 0xfb, 0xf9, 0xf2, 0xe2, 0x60, 0x52, 0xd2, 0xd2, 0x64, 0xf4, 0x30, 0x00, 0x00,
    0x00, 0x40, 0xa0, 0x00, 0x00, 0x40, 0x00, 0x20, 0x40, 0x00, 0x00, 0x00, 0x00, 0x00, 0x10, 0x00,
    0x00, 0x00, 0x00, 0x00, 0x00, 0x00, 0x00, 0x00, 0x00, 0x00, 0x00, 0x00, 0x00, 0x00, 0x00, 0x00,
    0x00, 0x00, 0x00, 0x00, 0x00, 0x00, 0x00, 0x00, 0x00, 0x00, 0x00, 0x00, 0x00, 0x00, 0x00, 0x00,
    0x00, 0x00, 0x00, 0x00, 0x00, 0x00, 0x00, 0x00, 0x00, 0x00, 0x00, 0x00, 0x00, 0x00, 0x00, 0x00,
    0x00, 0x00, 0x00, 0x00, 0x00, 0x00, 0x00, 0x00, 0x00, 0x00, 0x00, 0x00, 0x00, 0x00, 0x00, 0x00,
    0x00, 0x00, 0x00, 0x00, 0x00, 0x00, 0x00, 0x00, 0x00, 0x00, 0x00, 0x00, 0x00, 0x00, 0x00, 0x00,
    0x00, 0x00, 0x00, 0x00, 0x00, 0x00, 0x00, 0x40, 0x00, 0x00, 0x03, 0x07, 0x03, 0x00, 0x00, 0x00,
    0x00, 0x40, 0x40, 0xe0, 0xe1, 0xe0, 0xf0, 0xf1, 0x20, 0x10, 0x03, 0x01, 0x00, 0x00, 0x00, 0x00,
    0x00, 0x02, 0x02, 0x00, 0x00, 0x01, 0x00, 0x01, 0x00, 0x00, 0x00, 0x00, 0x00, 0x00, 0x00, 0x00,
    0x00, 0x00, 0x00, 0x00, 0x00, 0x00, 0x00, 0x00, 0x00, 0x00, 0x00, 0x00, 0x00, 0x00, 0x00, 0x00,
    0x00, 0x00, 0x00, 0x00, 0x00, 0x00, 0x00, 0x00, 0x00, 0x00, 0x00, 0x00, 0x00, 0x00, 0x00, 0x00,
    0x00, 0x00, 0x00, 0x00, 0x00, 0x00, 0x00, 0x00, 0x00, 0x00, 0x00, 0x00, 0x00, 0x00, 0x00, 0x00,
    0x00, 0x00, 0x00, 0x00, 0x00, 0x00, 0x00, 0x00, 0x00, 0x00, 0x00, 0x00, 0x00, 0x00, 0xc0, 0x00,
    0x80, 0xa0, 0x40, 0xc8, 0xe0, 0x00, 0x00, 0x00, 0x00, 0x00, 0x00, 0x00, 0x00, 0x00, 0x00, 0x00,
    0x00, 0x00, 0x00, 0x00, 0x00, 0x00, 0x00, 0x00, 0x00, 0x14, 0x00, 0x00, 0x20, 0x20, 0x70, 0x98,
    0xd8, 0xbc, 0x5a, 0x1c, 0x08, 0x00, 0x04, 0x98, 0xe3, 0x81, 0x1b, 0x3a, 0xd6, 0x08, 0x11, 0xc0,
    0xa0, 0x20, 0x50, 0xa0, 0x00, 0xc0, 0xe0, 0x00, 0x00, 0x00, 0x00, 0x00, 0x00, 0x00, 0x00, 0x00,
    0x00, 0x00, 0x00, 0x00, 0x00, 0x00, 0x00, 0x00, 0x00, 0x00, 0x00, 0x00, 0x00, 0x00, 0x00, 0x00,
    0x00, 0x00, 0x00, 0x00, 0x00, 0x00, 0x00, 0x00, 0x00, 0x00, 0x00, 0x00, 0x00, 0x00, 0x00, 0x00,
    0x00, 0x00, 0x00, 0x00, 0x00, 0x00, 0x00, 0x00, 0x00, 0x00, 0x00, 0x00, 0x00, 0x00, 0x00, 0x00,
    0x00, 0x00, 0x00, 0x00, 0x00, 0x00, 0xf0, 0xf0, 0xf0, 0xf0, 0xc2, 0x86, 0x0e, 0x0e, 0x1c, 0xbf,
    0x7f, 0xff, 0xff, 0x0f, 0xff, 0xff, 0xff, 0x00, 0x00, 0x00, 0x03, 0x10, 0x58, 0xf0, 0xc0, 0x00,
    0x00, 0x00, 0x00, 0x00, 0x40, 0x40, 0x80, 0xc0, 0x80, 0x82, 0x84, 0x0c, 0x30, 0x70, 0xc8, 0x80,
    0x81, 0x00, 0x42, 0x70, 0x7c, 0xfd, 0xfb, 0x37, 0x0f, 0x03, 0xc0, 0xc0, 0xff, 0xfe, 0xfe, 0xc7,
    0x3f, 0x7e, 0x78, 0xe3, 0x87, 0x0c, 0x75, 0xcf, 0x78, 0x60, 0x00, 0x03, 0x6a, 0x00, 0xc0, 0x3a,
    0x80, 0x88, 0x40, 0x00, 0x40, 0x80, 0x00, 0x00, 0x00, 0x00, 0x00, 0x00, 0x00, 0x00, 0x00, 0x00,
    0x00, 0x00, 0x00, 0x00, 0x00, 0x00, 0x00, 0x00, 0x00, 0x00, 0x00, 0x00, 0x00, 0x00, 0x00, 0x00,
    0x00, 0x00, 0x00, 0x00, 0x00, 0x00, 0x00, 0x00, 0x00, 0x00, 0x00, 0x00, 0x00, 0x00, 0x00, 0x00,
    0xf8, 0xf8, 0xf0, 0xf0, 0xe2, 0xce, 0xdc, 0xbd, 0xbe, 0xff, 0x7f, 0xfb, 0xf7, 0xee, 0xd8, 0xa0,
    0x81, 0x06, 0xfb, 0x00, 0x0f, 0x3f, 0x3f, 0x00, 0x00, 0x00, 0x00, 0x00, 0x00, 0x00, 0x00, 0x03,
    0x06, 0x08, 0x10, 0x00, 0x00, 0x00, 0x00, 0x00, 0x00, 0x00, 0x01, 0x01, 0x02, 0x04, 0x00, 0x01,
    0x03, 0x07, 0x0b, 0x3e, 0x0d, 0x09, 0x81, 0xe0, 0xe0, 0xfe, 0xe1, 0xff, 0xf7, 0x6f, 0xc0, 0xff,
    0xa1, 0x80, 0xfd, 0xff, 0xff, 0xff, 0xf8, 0x81, 0x00, 0x00, 0x9b, 0x3c, 0x00, 0xa0, 0x63, 0x10,
    0x1f, 0x8b, 0xc5, 0xe3, 0xf0, 0xff, 0xf4, 0x80, 0x00, 0x00, 0x00, 0x00, 0x00, 0x00, 0x00, 0x00,
    0x00, 0x00, 0x00, 0x80, 0x80, 0x80, 0x80, 0x80, 0x80, 0x00, 0x00, 0x00, 0x00, 0x00, 0x00, 0x00,
    0x00, 0x00, 0x00, 0x00, 0x00, 0x00, 0x00, 0x00, 0x00, 0x00, 0x00, 0x00, 0x00, 0x00, 0x00, 0x00,
    0x29, 0xe9, 0xf9, 0xb8, 0x9a, 0xda, 0xda, 0x4b, 0xa3, 0xa3, 0xd5, 0xf5, 0xc0, 0xf2, 0xf1, 0xe3,
    0xee, 0x6c, 0x27, 0xb0, 0x50, 0x50, 0xf0, 0xf0, 0xf0, 0xf0, 0xe0, 0xe0, 0xe0, 0xe0, 0xe0, 0xe0,
    0x20, 0xa0, 0xf0, 0xc0, 0xe0, 0xc0, 0xe0, 0xe0, 0xe0, 0xe0, 0xe0, 0xe0, 0x60, 0x70, 0x70, 0x40,
    0x60, 0x60, 0x60, 0x60, 0x20, 0x3c, 0x7f, 0x7f, 0x6f, 0xcf, 0xcf, 0xcf, 0xe0, 0xe0, 0xef, 0xef,
    0x4f, 0x4f, 0xcf, 0x8f, 0xdf, 0x7f, 0xff, 0xff, 0x3f, 0x70, 0xd7, 0xa0, 0xa0, 0x20, 0x20, 0x40,
    0xd8, 0x93, 0xc5, 0x0c, 0x49, 0x00, 0x83, 0x00, 0x40, 0xc0, 0x00, 0x00, 0x80, 0xc0, 0x20, 0x00,
    0x80, 0x80, 0x00, 0x03, 0x07, 0x07, 0x07, 0x17, 0x47, 0x47, 0x02, 0x00, 0xc4, 0x80, 0x00, 0x00,
    0x00, 0x04, 0x00, 0x00, 0x00, 0x20, 0x20, 0x00, 0x00, 0x00, 0x00, 0x00, 0x00, 0x00, 0x00, 0x00,
    0x83, 0x41, 0x41, 0x01, 0x21, 0x21, 0x03, 0x03, 0x11, 0x91, 0x81, 0x08, 0x48, 0x44, 0x24, 0x02,
    0x12, 0x01, 0x00, 0x10, 0x0c, 0x04, 0x03, 0x03, 0x03, 0x03, 0xc7, 0x67, 0x17, 0x07, 0x01, 0x00,
    0x01, 0x01, 0x01, 0x01, 0x01, 0x01, 0x00, 0x00, 0x00, 0x00, 0x00, 0x00, 0x00, 0x00, 0x00, 0x00,
    0x08, 0x04, 0x00, 0x00, 0x00, 0x00, 0x00, 0x00, 0x00, 0x00, 0x24, 0x30, 0x10, 0x80, 0x00, 0x01,
    0x00, 0x21, 0x01, 0x07, 0x07, 0x00, 0x07, 0x0f, 0x06, 0x00, 0x88, 0x7f, 0x07, 0x01, 0x00, 0x00,
    0x00, 0x00, 0x01, 0x03, 0x06, 0x05, 0x02, 0x00, 0x02, 0x02, 0x08, 0x01, 0x02, 0x00, 0x00, 0x00,
    0x02, 0x00, 0x11, 0x10, 0x11, 0x14, 0x12, 0x10, 0x10, 0x02, 0x00, 0x01, 0x0a, 0x08, 0x08, 0x08,
    0x90, 0x28, 0x01, 0x04, 0x04, 0x04, 0x02, 0x00, 0x00, 0x00, 0x00, 0x00, 0x00, 0x00, 0x00, 0x00
  },
  // Frame 58
  {
    0x00, 0x00, 0x00, 0x00, 0x00, 0x00, 0x00, 0x00, 0x00, 0x00, 0x00, 0x00, 0x00, 0x00, 0x00, 0x00,
    0x80, 0x00, 0x00, 0x40, 0x00, 0x20, 0x20, 0x20, 0x70, 0x10, 0x00, 0x08, 0x10, 0x14, 0x30, 0x10,
    0x00, 0x10, 0x1f, 0x16, 0x08, 0x18, 0x0d, 0x09, 0x09, 0x09, 0x03, 0x04, 0x07, 0x0f, 0x07, 0x81,
    0xc3, 0xcf, 0x43, 0x07, 0xc2, 0xc2, 0xc6, 0xc4, 0x87, 0x83, 0x00, 0x01, 0x01, 0x03, 0x00, 0x01,
    0x04, 0x01, 0x00, 0x06, 0x02, 0x04, 0x02, 0x00, 0x00, 0x00, 0x10, 0x00, 0x00, 0x00, 0x00, 0x08,
    0x00, 0x00, 0x00, 0x00, 0x00, 0x10, 0x00, 0x00, 0x40, 0x80, 0x00, 0x00, 0x00, 0x00, 0x00, 0x00,
    0x00, 0x00, 0x00, 0x00, 0x18, 0x00, 0x00, 0x00, 0x10, 0x00, 0x10, 0x00, 0x10, 0x10, 0x00, 0x10,
    0x00, 0x00, 0x10, 0x00, 0x00, 0x00, 0x10, 0x00, 0x00, 0x18, 0x00, 0x18, 0x00, 0x00, 0x00, 0x00,
    0x00, 0x00, 0x00, 0x00, 0x20, 0x00, 0x00, 0x00, 0x00, 0x00, 0x00, 0x00, 0x00, 0x01, 0x00, 0x00,
    0x00, 0x00, 0x00, 0x00, 0x00, 0x00, 0x00, 0x00, 0x00, 0x00, 0x00, 0x00, 0x00, 0x00, 0x00, 0x00,
    0x00, 0x00, 0x00, 0x00, 0x00, 0x00, 0x08, 0x40, 0xe0, 0xc2, 0xc4, 0xc4, 0xe4, 0xf4, 0x74, 0x95,
    0x03, 0x0b, 0xff, 0xfb, 0xf9, 0xf2, 0xe2, 0x60, 0x52, 0xd6, 0xd2, 0x64, 0xf4, 0x30, 0x00, 0x00,
    0x20, 0xd0, 0xa0, 0x00, 0x40, 0x40, 0x00, 0x20, 0x40, 0x20, 0x00, 0x00, 0x00, 0x00, 0x10, 0x00,
    0x00, 0x00, 0x00, 0x00, 0x00, 0x00, 0x00, 0x00, 0x00, 0x00, 0x00, 0x00, 0x00, 0x00, 0x00, 0x00,
    0x00, 0x00, 0x00, 0x00, 0x00, 0x00, 0x00, 0x00, 0x00, 0x00, 0x00, 0x00, 0x00, 0x00, 0x00, 0x00,
    0x00, 0x00, 0x00, 0x00, 0x00, 0x00, 0x00, 0x00, 0x00, 0x00, 0x00, 0x00, 0x00, 0x00, 0x00, 0x00,
    0x00, 0x00, 0x00, 0x00, 0x00, 0x00, 0x00, 0x00, 0x00, 0x00, 0x00, 0x00, 0x00, 0x00, 0x00, 0x00,
    0x00, 0x00, 0x00, 0x00, 0x00, 0x00, 0x00, 0x00, 0x00, 0x00, 0x00, 0x00, 0x00, 0x00, 0x00, 0x00,
    0x00, 0x00, 0x00, 0x00, 0x00, 0x00, 0x00, 0x40, 0x00, 0x00, 0x03, 0x03, 0x03, 0x00, 0x00, 0x00,
    0x00, 0x40, 0x40, 0xe0, 0xe1, 0xe0, 0xf0, 0x71, 0x30, 0x10, 0x03, 0x01, 0x00, 0x00, 0x00, 0x00,
    0x00, 0x02, 0x02, 0x00, 0x00, 0x01, 0x00, 0x01, 0x00, 0x00, 0x00, 0x00, 0x00, 0x00, 0x00, 0x00,
    0x00, 0x00, 0x00, 0x00, 0x00, 0x00, 0x00, 0x00, 0x00, 0x00, 0x00, 0x00, 0x00, 0x00, 0x00, 0x00,
    0x00, 0x00, 0x00, 0x00, 0x00, 0x00, 0x00, 0x00, 0x00, 0x00, 0x00, 0x00, 0x00, 0x00, 0x00, 0x00,
    0x00, 0x00, 0x00, 0x00, 0x00, 0x00, 0x00, 0x00, 0x00, 0x00, 0x00, 0x00, 0x00, 0x00, 0x00, 0x00,
    0x00, 0x00, 0x00, 0x00, 0x00, 0x00, 0x00, 0x00, 0x00, 0x00, 0x00, 0x00, 0x00, 0x00, 0xc0, 0x00,
    0x80, 0xa0, 0x40, 0xc8, 0xe0, 0x80, 0x00, 0x00, 0x00, 0x00, 0x00, 0x00, 0x00, 0x00, 0x00, 0x00,
    0x00, 0x00, 0x00, 0x00, 0x00, 0x00, 0x00, 0x00, 0x00, 0x14, 0x00, 0x00, 0x20, 0x30, 0x70, 0x98,
    0xd8, 0xbc, 0x4a, 0x1c, 0x08, 0x00, 0x04, 0x98, 0xe3, 0x81, 0x1b, 0x3a, 0xd6, 0x08, 0x19, 0xc0,
    0x20, 0x20, 0x50, 0xa0, 0x00, 0xc0, 0xc0, 0x00, 0x00, 0x00, 0x00, 0x00, 0x00, 0x00, 0x00, 0x00,
    0x00, 0x00, 0x00, 0x00, 0x00, 0x00, 0x00, 0x00, 0x00, 0x00, 0x00, 0x00, 0x00, 0x00, 0x00, 0x00,
    0x00, 0x00, 0x00, 0x00, 0x00, 0x00, 0x00, 0x00, 0x00, 0x00, 0x00, 0x00, 0x00, 0x00, 0x00, 0x00,
    0x00, 0x00, 0x00, 0x00, 0x00, 0x00, 0x00, 0x00, 0x00, 0x00, 0x00, 0x00, 0x00, 0x00, 0x00, 0x00,
    0x00, 0x00, 0x00, 0x00, 0x00, 0x00, 0x60, 0xf0, 0xf0, 0xf0, 0xe2, 0x82, 0x04, 0x1e, 0x3c, 0x7f,
    0xff, 0xfe, 0xfd, 0xf7, 0xff, 0xff, 0xff, 0x30, 0x00, 0x00, 0x01, 0x08, 0x58, 0xb0, 0xc0, 0x80,
    0x00, 0x00, 0x00, 0x00, 0x40, 0xc0, 0x80, 0x80, 0x80, 0x82, 0x84, 0x0c, 0x30, 0x30, 0xc8, 0x80,
    0x81, 0x00, 0x42, 0x70, 0x7c, 0xfd, 0xfb, 0x37, 0x0f, 0x03, 0xc0, 0xc0, 0xff, 0xfe, 0xfe, 0xc7,
    0x7f, 0x7e, 0x78, 0xe3, 0x86, 0x0c, 0x55, 0xcf, 0x78, 0x60, 0x00, 0x03, 0xea, 0x00, 0xf2, 0x38,
    0x00, 0x88, 0x60, 0x00, 0x40, 0x80, 0x00, 0x00, 0x00, 0x00, 0x00, 0x00, 0x00, 0x00, 0x00, 0x00,
    0x00, 0x00, 0x00, 0x00, 0x00, 0x00, 0x00, 0x00, 0x00, 0x00, 0x00, 0x00, 0x00, 0x00, 0x00, 0x00,
    0x00, 0x00, 0x00, 0x00, 0x00, 0x00, 0x00, 0x00, 0x00, 0x00, 0x00, 0x00, 0x00, 0x00, 0x00, 0x00,
    0x80, 0x90, 0xf0, 0xf0, 0xe0, 0xe2, 0xc8, 0xdc, 0xb9, 0xbe, 0xff, 0x7f, 0xfb, 0xf7, 0xec, 0xd8,
    0xa0, 0x43, 0x05, 0x38, 0x0f, 0x3f, 0x3f, 0x00, 0x00, 0x00, 0x00, 0x00, 0x00, 0x00, 0x00, 0x03,
    0x06, 0x08, 0x10, 0x00, 0x00, 0x00, 0x00, 0x02, 0x00, 0x00, 0x01, 0x01, 0x02, 0x00, 0x00, 0x01,
    0x03, 0x07, 0x0b, 0x36, 0x0c, 0x09, 0x81, 0xe0, 0xe0, 0xfe, 0xe1, 0xff, 0xf7, 0x7f, 0xc0, 0xff,
    0xe3, 0x80, 0xff, 0xff, 0xff, 0xff, 0xf8, 0x81, 0x00, 0x01, 0x9b, 0x3c, 0x00, 0xe0, 0x21, 0x10,
    0x1f, 0x8b, 0xc7, 0xe2, 0xf0, 0xff, 0xf4, 0x80, 0x00, 0x00, 0x00, 0x00, 0x80, 0x00, 0x80, 0x80,
    0x00, 0x00, 0x00, 0x40, 0xe0, 0xe0, 0xe0, 0xe0, 0xe0, 0xe0, 0xc0, 0x00, 0x80, 0x80, 0x80, 0x80,
    0x80, 0x00, 0x00, 0x00, 0x00, 0x00, 0x00, 0x00, 0x00, 0x00, 0x00, 0x00, 0x00, 0x00, 0x00, 0x00,
    0xc3, 0x63, 0x2b, 0x6b, 0xa9, 0xbb, 0x9a, 0xda, 0x4a, 0x0b, 0xa1, 0xc5, 0xf5, 0xc5, 0xd2, 0xc9,
    0xcf, 0xe3, 0x6e, 0x38, 0xb0, 0x10, 0x50, 0x60, 0xe0, 0xf0, 0xf0, 0xe0, 0xf0, 0xf0, 0xf0, 0xf0,
    0xf0, 0x70, 0x90, 0xd0, 0xf0, 0xe0, 0xe0, 0xf0, 0xf0, 0xf0, 0xf0, 0x50, 0x70, 0x70, 0x70, 0x30,
    0x20, 0x30, 0x38, 0x30, 0x30, 0x34, 0x3b, 0x3b, 0x3b, 0x3b, 0x7b, 0x63, 0x60, 0x70, 0x73, 0x73,
    0x7b, 0x2b, 0x0b, 0xcb, 0x8b, 0xcb, 0x7b, 0xfb, 0xff, 0xf8, 0x3b, 0x78, 0xe8, 0xc8, 0x90, 0x10,
    0x18, 0x31, 0x25, 0x60, 0xc1, 0xa2, 0x08, 0xa0, 0x40, 0x80, 0x80, 0x20, 0x0a, 0x4b, 0x29, 0x40,
    0x80, 0xa8, 0x00, 0xb0, 0x10, 0x00, 0x01, 0x01, 0x49, 0x5d, 0x88, 0x20, 0x16, 0xc2, 0x15, 0x0f,
    0x88, 0x27, 0x0d, 0x0f, 0x06, 0x46, 0x06, 0x04, 0x10, 0x10, 0x00, 0x00, 0x00, 0x00, 0x00, 0x00,
    0x03, 0x03, 0x03, 0x03, 0x41, 0x01, 0x01, 0x20, 0x03, 0x03, 0x11, 0x01, 0x80, 0x88, 0x40, 0x04,
    0x22, 0x02, 0x00, 0x09, 0x00, 0x10, 0x0c, 0x02, 0x03, 0x03, 0x01, 0x01, 0xc7, 0xe3, 0x1b, 0x03,
    0x00, 0x00, 0x01, 0x01, 0x00, 0x00, 0x00, 0x00, 0x00, 0x00, 0x00, 0x00, 0x00, 0x00, 0x00, 0x00,
    0x08, 0x04, 0x02, 0x00, 0x00, 0x00, 0x00, 0x00, 0x00, 0x00, 0x20, 0x3a, 0x18, 0x80, 0x00, 0x20,
    0x00, 0x30, 0x10, 0x00, 0x03, 0x03, 0x10, 0x00, 0x07, 0x03, 0x82, 0x70, 0x04, 0x03, 0x00, 0x00,
    0x00, 0x00, 0x08, 0x00, 0x00, 0x01, 0x01, 0x00, 0x00, 0x00, 0x00, 0x00, 0x00, 0x00, 0x04, 0x04,
    0x00, 0x00, 0x01, 0x00, 0x01, 0x00, 0x00, 0x00, 0x04, 0x04, 0x04, 0x00, 0x02, 0x02, 0x00, 0x01,
    0x18, 0x2a, 0x03, 0x00, 0x02, 0x00, 0x01, 0x00, 0x00, 0x00, 0x00, 0x00, 0x00, 0x00, 0x00, 0x00
  },
  // Frame 59
  {
    0x00, 0x00, 0x00, 0x00, 0x00, 0x00, 0x00, 0x00, 0x00, 0x00, 0x00, 0x00, 0x00, 0x00, 0x00, 0x00,
    0x80, 0x00, 0x00, 0x40, 0x00, 0x20, 0x20, 0x20, 0x70, 0x10, 0x08, 0x08, 0x10, 0x30, 0x30, 0x10,
    0x10, 0x11, 0x1b, 0x04, 0x12, 0x1b, 0x04, 0x09, 0x09, 0x09, 0x0b, 0x04, 0x07, 0x8f, 0x86, 0xc1,
    0xc7, 0xcf, 0x43, 0x47, 0xc6, 0xc2, 0xc6, 0x85, 0x05, 0x03, 0x01, 0x85, 0x01, 0x07, 0x04, 0x01,
    0x04, 0x05, 0x06, 0x06, 0x04, 0x00, 0x06, 0x00, 0x00, 0x00, 0x10, 0x00, 0x04, 0x00, 0x00, 0x00,
    0x00, 0x00, 0x00, 0x00, 0x10, 0x10, 0x00, 0x20, 0x40, 0x00, 0x00, 0x00, 0x00, 0x00, 0x00, 0x00,
    0x00, 0x00, 0x00, 0x00, 0x18, 0x00, 0x00, 0x00, 0x10, 0x00, 0x10, 0x00, 0x10, 0x10, 0x00, 0x10,
    0x00, 0x00, 0x10, 0x00, 0x00, 0x00, 0x10, 0x00, 0x00, 0x18, 0x00, 0x18, 0x00, 0x00, 0x00, 0x00,
    0x00, 0x00, 0x00, 0x00, 0x00, 0x10, 0x00, 0x00, 0x00, 0x00, 0x00, 0x00, 0x00, 0x01, 0x00, 0x00,
    0x00, 0x00, 0x00, 0x00, 0x00, 0x00, 0x00, 0x00, 0x00, 0x00, 0x00, 0x00, 0x00, 0x00, 0x00, 0x00,
    0x00, 0x00, 0x00, 0x00, 0x00, 0x00, 0x20, 0x60, 0x82, 0xc2, 0xc6, 0xc4, 0xe4, 0xf4, 0x74, 0x97,
    0x83, 0x18, 0xfb, 0xfe, 0xf3, 0xf2, 0xe0, 0x72, 0x56, 0xd6, 0xfa, 0x6e, 0x30, 0x30, 0x00, 0x00,
    0x20, 0xc0, 0x40, 0x00, 0x40, 0x50, 0x00, 0x40, 0x00, 0x00, 0x00, 0x00, 0x00, 0x00, 0x00, 0x00,
    0x00, 0x00, 0x00, 0x00, 0x00, 0x00, 0x00, 0x00, 0x00, 0x01, 0x00, 0x00, 0x00, 0x00, 0x00, 0x00,
    0x00, 0x00, 0x00, 0x00, 0x00, 0x00, 0x00, 0x00, 0x00, 0x00, 0x00, 0x00, 0x00, 0x00, 0x00, 0x00,
    0x00, 0x00, 0x00, 0x00, 0x00, 0x00, 0x00, 0x00, 0x00, 0x00, 0x00, 0x00, 0x00, 0x00, 0x00, 0x00,
    0x00, 0x00, 0x00, 0x00, 0x00, 0x01, 0x00, 0x00, 0x00, 0x00, 0x00, 0x00, 0x00, 0x00, 0x00, 0x00,
    0x00, 0x00, 0x00, 0x00, 0x00, 0x00, 0x00, 0x00, 0x00, 0x00, 0x00, 0x00, 0x00, 0x00, 0x00, 0x00,
    0x00, 0x00, 0x00, 0x00, 0x00, 0x00, 0x00, 0x00, 0x00, 0x00, 0x03, 0x01, 0x43, 0x00, 0x00, 0x00,
    0x40, 0x40, 0xe0, 0xe0, 0xe1, 0xe0, 0x71, 0x31, 0x20, 0x02, 0x02, 0x09, 0x00, 0x80, 0x00, 0x00,
    0x00, 0x02, 0x00, 0x00, 0x00, 0x01, 0x01, 0x00, 0x00, 0x00, 0x00, 0x00, 0x00, 0x00, 0x00, 0x00,
    0x00, 0x00, 0x00, 0x00, 0x00, 0x00, 0x00, 0x00, 0x00, 0x00, 0x00, 0x00, 0x00, 0x00, 0x00, 0x00,
    0x00, 0x00, 0x00, 0x00, 0x00, 0x00, 0x00, 0x00, 0x00, 0x00, 0x00, 0x00, 0x00, 0x00, 0x00, 0x00,
    0x00, 0x00, 0x00, 0x00, 0x00, 0x00, 0x00, 0x00, 0x00, 0x00, 0x00, 0x00, 0x00, 0x00, 0x00, 0x00,
    0x00, 0x00, 0x00, 0x00, 0x00, 0x00, 0x00, 0x00, 0x00, 0x00, 0x00, 0x00, 0x00, 0x40, 0xc0, 0x00,
    0x80, 0xa0, 0x40, 0xd8, 0xe0, 0x80, 0x00, 0x00, 0x20, 0x00, 0x00, 0x00, 0x00, 0x00, 0x00, 0x00,
    0x00, 0x00, 0x00, 0x00, 0x00, 0x00, 0x00, 0x00, 0x00, 0x10, 0x20, 0x00, 0x20, 0x30, 0x70, 0x98,
    0xfc, 0xbc, 0x4a, 0x1e, 0x00, 0x00, 0x04, 0xd0, 0xe3, 0x81, 0x1a, 0x3a, 0x9c, 0x08, 0x08, 0xc0,
    0x20, 0x20, 0x50, 0xa0, 0x00, 0xe0, 0xc0, 0x20, 0x00, 0x00, 0x00, 0x00, 0x00, 0x00, 0x00, 0x00,
    0x00, 0x00, 0x00, 0x00, 0x00, 0x00, 0x00, 0x00, 0x00, 0x00, 0x00, 0x00, 0x00, 0x00, 0x00, 0x00,
    0x00, 0x00, 0x00, 0x00, 0x00, 0x00, 0x00, 0x00, 0x00, 0x00, 0x00, 0x00, 0x00, 0x00, 0x00, 0x00,
    0x00, 0x00, 0x00, 0x00, 0x00, 0x00, 0x00, 0x00, 0x00, 0x00, 0x00, 0x00, 0x00, 0x00, 0x00, 0x00,
    0x00, 0x00, 0x00, 0x00, 0x00, 0x00, 0x00, 0xe0, 0xf0, 0xf0, 0xe0, 0xc2, 0x04, 0x1c, 0x3c, 0x7f,
    0xbf, 0x7e, 0xfd, 0xff, 0x3f, 0xfe, 0xff, 0xf8, 0x00, 0x00, 0x01, 0x08, 0x19, 0xb2, 0xc0, 0x80,
    0x00, 0x00, 0x00, 0x00, 0x40, 0x40, 0x80, 0xc0, 0x82, 0x82, 0x84, 0x0c, 0x30, 0x70, 0xc8, 0x80,
    0x81, 0x00, 0x42, 0x70, 0x7c, 0xfd, 0xfb, 0x37, 0x0f, 0x01, 0xc0, 0xc0, 0xff, 0xff, 0xfc, 0xcf,
    0x7f, 0x5e, 0xf8, 0xc3, 0x86, 0x0c, 0x51, 0xce, 0x78, 0x60, 0x00, 0x03, 0xea, 0x00, 0xfe, 0x10,
    0x00, 0xd8, 0xa0, 0x00, 0x40, 0x80, 0x00, 0x00, 0x00, 0x00, 0x00, 0x00, 0x00, 0x00, 0x00, 0x00,
    0x00, 0x00, 0x00, 0x00, 0x80, 0x80, 0xc0, 0xc0, 0x80, 0x80, 0x80, 0x00, 0x00, 0x00, 0x00, 0x00,
    0x00, 0x00, 0x00, 0x00, 0x00, 0x00, 0x00, 0x00, 0x00, 0x00, 0x00, 0x00, 0x00, 0x00, 0x00, 0x00,
    0x00, 0x00, 0x00, 0x20, 0x60, 0xc0, 0xc0, 0x88, 0x99, 0xb9, 0xf3, 0x7f, 0xff, 0xff, 0xfe, 0xfc,
    0xe8, 0xd0, 0xa2, 0x41, 0x0f, 0x1f, 0xdf, 0x43, 0x00, 0x00, 0x00, 0x00, 0x00, 0x00, 0x00, 0x03,
    0x06, 0x08, 0x10, 0x00, 0x00, 0x00, 0x01, 0x02, 0x00, 0x00, 0x01, 0x01, 0x02, 0x00, 0x00, 0x01,
    0x03, 0x87, 0x0b, 0x36, 0x0c, 0x0d, 0x01, 0x40, 0x60, 0xfe, 0xe1, 0x7f, 0x76, 0x6f, 0x40, 0xff,
    0xe0, 0x80, 0xf9, 0xbf, 0xff, 0xff, 0xf8, 0x01, 0x00, 0x40, 0xdb, 0xbc, 0x80, 0xe0, 0xe9, 0x90,
    0x1b, 0x8f, 0xc7, 0x60, 0x98, 0x37, 0x44, 0xc0, 0xa0, 0x00, 0x00, 0x20, 0x40, 0x46, 0xcc, 0xb8,
    0x30, 0x10, 0x60, 0x40, 0x03, 0x13, 0x03, 0x03, 0x03, 0x07, 0x03, 0x01, 0x00, 0x00, 0x88, 0x20,
    0x42, 0x02, 0x50, 0x00, 0x02, 0x88, 0x00, 0x20, 0x00, 0x2c, 0x08, 0x00, 0x00, 0x00, 0x00, 0x00,
    0x24, 0x26, 0x86, 0x93, 0xd3, 0xd3, 0x51, 0x21, 0x21, 0x89, 0x9d, 0xcd, 0x65, 0x2d, 0xb5, 0x82,
    0x9b, 0xc9, 0xef, 0x6b, 0x36, 0x34, 0x93, 0x40, 0x28, 0x18, 0xb8, 0xe8, 0xf8, 0xf0, 0xf8, 0xf8,
    0xf8, 0xf8, 0x58, 0x0c, 0xe4, 0xf4, 0x3c, 0x78, 0x78, 0x7c, 0x3c, 0x3c, 0x3c, 0x1c, 0x1e, 0x1e,
    0x0e, 0x0e, 0x0a, 0x8b, 0xce, 0xc6, 0xcf, 0xcf, 0xc5, 0xc5, 0xc5, 0x05, 0x85, 0x0d, 0x0e, 0x0f,
    0x0d, 0x0d, 0x03, 0x03, 0x09, 0x11, 0x01, 0x3f, 0x7f, 0x47, 0x1f, 0x3f, 0x33, 0x27, 0x0e, 0x0c,
    0x1d, 0x49, 0x11, 0x73, 0xe2, 0xc6, 0x66, 0x6c, 0x9c, 0x94, 0xa0, 0xa0, 0x8a, 0x83, 0xc0, 0xc5,
    0xe0, 0xa0, 0xe8, 0xa0, 0x25, 0x20, 0x24, 0x22, 0x20, 0x2c, 0x04, 0x04, 0x06, 0x46, 0x54, 0xb3,
    0x90, 0x03, 0x00, 0x0a, 0x08, 0x00, 0x00, 0x04, 0x00, 0x00, 0x00, 0x00, 0x00, 0x00, 0x00, 0x00,
    0x03, 0x03, 0x09, 0x05, 0x06, 0x02, 0x02, 0x03, 0x03, 0x43, 0x02, 0x03, 0x23, 0x03, 0x01, 0x01,
    0x80, 0x80, 0x44, 0x02, 0x21, 0x30, 0x08, 0x00, 0x00, 0x06, 0x01, 0x01, 0x00, 0x01, 0x03, 0x03,
    0xc3, 0x0e, 0x00, 0x00, 0x00, 0x00, 0x00, 0x00, 0x00, 0x00, 0x00, 0x00, 0x00, 0x00, 0x00, 0x00,
    0x08, 0x04, 0x03, 0x00, 0x01, 0x01, 0x01, 0x01, 0x01, 0x03, 0x00, 0x3c, 0x1f, 0x87, 0x00, 0x20,
    0x07, 0x3f, 0x1b, 0x03, 0x00, 0x00, 0x1e, 0x00, 0x00, 0x00, 0x8f, 0x70, 0x00, 0x00, 0x00, 0x00,
    0x00, 0x00, 0xf0, 0x02, 0x00, 0x00, 0x00, 0x00, 0x00, 0x00, 0x00, 0x00, 0x00, 0x10, 0x00, 0x00,
    0x00, 0x00, 0x00, 0x01, 0x01, 0x01, 0x02, 0x01, 0x00, 0x00, 0x00, 0x00, 0x00, 0x00, 0x00, 0x07,
    0x07, 0x0e, 0x16, 0x00, 0x00, 0x00, 0x00, 0x00, 0x00, 0x00, 0x00, 0x00, 0x00, 0x00, 0x00, 0x00
  },
  // Frame 60
  {
    0x00, 0x00, 0x00, 0x00, 0x00, 0x00, 0x00, 0x00, 0x00, 0x00, 0x00, 0x00, 0x00, 0x00, 0x00, 0x00,
    0x00, 0x00, 0x40, 0x40, 0x20, 0x20, 0x20, 0x30, 0x10, 0x20, 0x08, 0x10, 0x30, 0x30, 0x10, 0x10,
    0x11, 0x1b, 0x00, 0x10, 0x0f, 0x00, 0x01, 0x09, 0x09, 0x0b, 0x04, 0x07, 0x8f, 0x87, 0xc1, 0xc7,
    0x4f, 0x47, 0x07, 0xc6, 0xc2, 0x86, 0x84, 0x87, 0x07, 0x02, 0x03, 0x03, 0x05, 0x03, 0x03, 0x07,
    0x00, 0x05, 0x00, 0x02, 0x00, 0x02, 0x02, 0x00, 0x00, 0x00, 0x04, 0x00, 0x00, 0x00, 0x00, 0x10,
    0x00, 0x00, 0x00, 0x00, 0x10, 0x30, 0x20, 0x00, 0x00, 0x00, 0x00, 0x00, 0x00, 0x00, 0x00, 0x00,
    0x00, 0x00, 0x00, 0x00, 0x18, 0x00, 0x00, 0x00, 0x10, 0x00, 0x10, 0x00, 0x10, 0x10, 0x00, 0x10,
    0x00, 0x10, 0x10, 0x00, 0x00, 0x00, 0x10, 0x00, 0x00, 0x18, 0x00, 0x18, 0x00, 0x00, 0x00, 0x00,
    0x00, 0x00, 0x00, 0x00, 0x00, 0x00, 0x00, 0x00, 0x00, 0x00, 0x02, 0x00, 0x00, 0x00, 0x00, 0x00,
    0x00, 0x00, 0x00, 0x00, 0x00, 0x00, 0x00, 0x00, 0x00, 0x00, 0x00, 0x00, 0x00, 0x00, 0x00, 0x00,
    0x00, 0x00, 0x00, 0x00, 0x00, 0x08, 0x44, 0xe0, 0xc2, 0xc4, 0xc6, 0xe4, 0xf4, 0x74, 0x15, 0x1b,
    0x18, 0xff, 0xfe, 0xf9, 0xf2, 0xe2, 0x68, 0x72, 0xd6, 0xd2, 0x6e, 0xfc, 0x30, 0x00, 0x00, 0x00,
    0x40, 0x80, 0x40, 0x00, 0x40, 0x40, 0x80, 0x00, 0xa0, 0x00, 0x90, 0x00, 0x00, 0x00, 0x00, 0x00,
    0x00, 0x02, 0x00, 0x00, 0x00, 0x00, 0x00, 0x00, 0x00, 0x00, 0x00, 0x00, 0x00, 0x00, 0x00, 0x00,
    0x00, 0x00, 0x00, 0x00, 0x00, 0x00, 0x00, 0x00, 0x00, 0x00, 0x00, 0x00, 0x00, 0x00, 0x00, 0x00,
    0x00, 0x00, 0x00, 0x00, 0x00, 0x00, 0x00, 0x00, 0x00, 0x00, 0x00, 0x00, 0x00, 0x00, 0x00, 0x00,
    0x00, 0x00, 0x00, 0x00, 0x00, 0x00, 0x00, 0x00, 0x00, 0x00, 0x00, 0x00, 0x00, 0x08, 0x00, 0x00,
    0x00, 0x00, 0x00, 0x00, 0x00, 0x00, 0x00, 0x00, 0x00, 0x40, 0x00, 0x00, 0x00, 0x00, 0x00, 0x00,
    0x00, 0x00, 0x00, 0x00, 0x00, 0x00, 0x00, 0x00, 0x00, 0x01, 0x07, 0x01, 0x00, 0x40, 0x40, 0x00,
    0x40, 0x40, 0xe0, 0xe1, 0xea, 0xf0, 0xf1, 0x30, 0x00, 0x03, 0x13, 0x20, 0x00, 0x00, 0x00, 0x00,
    0x00, 0x00, 0x00, 0x01, 0x01, 0x01, 0x00, 0x00, 0x00, 0x00, 0x00, 0x00, 0x00, 0x00, 0x00, 0x00,
    0x00, 0x00, 0x00, 0x00, 0x00, 0x00, 0x00, 0x00, 0x00, 0x00, 0x00, 0x00, 0x00, 0x00, 0x00, 0x00,
    0x00, 0x00, 0x00, 0x00, 0x00, 0x00, 0x00, 0x00, 0x00, 0x00, 0x00, 0x00, 0x00, 0x00, 0x00, 0x00,
    0x00, 0x00, 0x00, 0x00, 0x00, 0x00, 0x00, 0x00, 0x00, 0x00, 0x00, 0x00, 0x00, 0x00, 0x00, 0x00,
    0x00, 0x00, 0x00, 0x00, 0x00, 0x00, 0x00, 0x00, 0x00, 0x00, 0x00, 0x00, 0x00, 0x80, 0x80, 0x80,
    0x00, 0x40, 0xc0, 0x80, 0xd0, 0x80, 0x00, 0x00, 0x40, 0x00, 0x00, 0x00, 0x00, 0x00, 0x00, 0x00,
    0x00, 0x00, 0x00, 0x00, 0x00, 0x00, 0x00, 0x08, 0x10, 0x00, 0x20, 0x10, 0x20, 0x70, 0x30, 0x88,
    0xfc, 0xfa, 0x2c, 0x06, 0x00, 0x80, 0x0c, 0xf0, 0xc3, 0x0b, 0x1e, 0x18, 0x08, 0x8c, 0x48, 0xd0,
    0x00, 0x20, 0x40, 0x20, 0x40, 0x00, 0xc0, 0x00, 0x00, 0x00, 0x00, 0x00, 0x00, 0x00, 0x00, 0x00,
    0x00, 0x00, 0x00, 0x00, 0x00, 0x00, 0x00, 0x00, 0x00, 0x00, 0x00, 0x00, 0x00, 0x00, 0x00, 0x00,
    0x00, 0x80, 0x20, 0x60, 0xf0, 0xf0, 0xf0, 0xe0, 0xe0, 0x40, 0x00, 0x00, 0x00, 0x00, 0x00, 0x80,
    0x00, 0x00, 0x00, 0x00, 0x00, 0x00, 0x00, 0x00, 0x00, 0x00, 0x00, 0x00, 0x00, 0x00, 0x00, 0x00,
    0x00, 0x00, 0x00, 0x00, 0x00, 0x00, 0x00, 0x00, 0xe0, 0xc0, 0x80, 0x04, 0x0c, 0x1c, 0x39, 0x3f,
    0xfe, 0x7f, 0xfe, 0xff, 0xdf, 0x7e, 0xfe, 0xf8, 0x00, 0x00, 0x03, 0x08, 0x18, 0xb0, 0xc0, 0x00,
    0x00, 0x00, 0x00, 0x00, 0x40, 0x00, 0x80, 0x80, 0x80, 0x82, 0x04, 0x0c, 0x30, 0x70, 0xc0, 0x80,
    0x81, 0x02, 0x62, 0xf0, 0x7c, 0xfd, 0xfb, 0x37, 0x0f, 0x00, 0xc0, 0xf8, 0xfe, 0xff, 0xfc, 0xff,
    0x7f, 0x7c, 0xf0, 0xc1, 0x86, 0x19, 0x53, 0x8e, 0x30, 0xe0, 0x00, 0x03, 0x6b, 0x00, 0xfd, 0x00,
    0x04, 0x78, 0xf0, 0x00, 0x00, 0x80, 0x00, 0x00, 0x00, 0x00, 0x00, 0x00, 0x00, 0x00, 0x00, 0x00,
    0x00, 0x00, 0x00, 0x00, 0x00, 0x00, 0x00, 0x00, 0x00, 0x00, 0x00, 0x00, 0x00, 0x00, 0x00, 0x00,
    0x00, 0x00, 0x00, 0x01, 0x00, 0x00, 0x00, 0x00, 0x00, 0x00, 0x00, 0x00, 0x00, 0x00, 0x00, 0x00,
    0x00, 0x00, 0x00, 0x00, 0x00, 0x00, 0x80, 0x80, 0x11, 0x33, 0x63, 0x67, 0xee, 0xea, 0xfe, 0xf4,
    0xfc, 0xe8, 0xd1, 0xe3, 0xc5, 0x47, 0x8f, 0x17, 0x6c, 0x80, 0x00, 0x00, 0x00, 0x00, 0x00, 0x07,
    0x04, 0x08, 0x10, 0x00, 0x00, 0x00, 0x00, 0x00, 0x00, 0x04, 0x01, 0x01, 0x02, 0x00, 0x00, 0x81,
    0x03, 0x87, 0x4b, 0xf6, 0xec, 0x8d, 0xe1, 0xe0, 0xe0, 0xfe, 0xe3, 0x6f, 0xfe, 0xff, 0xf0, 0xff,
    0xb1, 0xf0, 0xd3, 0xff, 0xf7, 0xaf, 0xa8, 0x29, 0xe8, 0xe9, 0xeb, 0xb8, 0x38, 0x68, 0x69, 0xc8,
    0xcb, 0x95, 0x97, 0x94, 0xac, 0xb0, 0x68, 0x40, 0xa0, 0x80, 0x00, 0x00, 0x00, 0x00, 0x0c, 0x00,
    0x00, 0x20, 0x40, 0x48, 0x00, 0x00, 0x00, 0x80, 0x00, 0x00, 0x00, 0x04, 0x00, 0x00, 0x00, 0x00,
    0x00, 0x00, 0x00, 0x00, 0x00, 0x00, 0x00, 0x00, 0x00, 0x00, 0x00, 0x00, 0x00, 0x00, 0x00, 0x00,
    0x20, 0x30, 0x10, 0x90, 0x88, 0x08, 0x40, 0x44, 0x05, 0x25, 0x2b, 0x2a, 0x0a, 0x0a, 0x8b, 0x4b,
    0x69, 0x19, 0x33, 0x97, 0xd3, 0x63, 0x27, 0x36, 0x9c, 0x40, 0x2c, 0x38, 0xd8, 0xe8, 0xf8, 0xf8,
    0xf8, 0xfc, 0xfc, 0xdc, 0x04, 0x62, 0x78, 0x7c, 0x7c, 0x3e, 0x3e, 0x1e, 0x1e, 0x0f, 0x0f, 0x0f,
    0x07, 0x07, 0x15, 0x84, 0xe1, 0xe1, 0xf1, 0xf1, 0xf1, 0xf0, 0xf0, 0x31, 0x81, 0xf1, 0xe1, 0x00,
    0xc0, 0xe8, 0xe0, 0xe1, 0x21, 0x20, 0x60, 0xe1, 0x63, 0x67, 0xec, 0x01, 0x03, 0x07, 0x02, 0x08,
    0x10, 0x55, 0x25, 0x6d, 0xda, 0xd2, 0x73, 0x31, 0xb0, 0xb0, 0xb0, 0x30, 0x80, 0x80, 0x40, 0xc0,
    0xc0, 0xe0, 0x20, 0x60, 0xb0, 0x90, 0x10, 0x10, 0x10, 0x10, 0x10, 0x00, 0x00, 0x10, 0x10, 0x50,
    0xb0, 0xa0, 0x00, 0x00, 0x00, 0x00, 0x00, 0x00, 0x00, 0x00, 0x00, 0x00, 0x00, 0x00, 0x00, 0x00,
    0x03, 0x01, 0x01, 0x04, 0x04, 0x06, 0x02, 0x01, 0x00, 0x08, 0x04, 0x02, 0x03, 0x01, 0x00, 0x04,
    0x02, 0x02, 0x01, 0x00, 0x08, 0x0c, 0x82, 0x41, 0x60, 0x30, 0x00, 0x00, 0x01, 0x01, 0x00, 0x01,
    0x07, 0x03, 0x03, 0xc7, 0xc0, 0x00, 0x00, 0x00, 0x00, 0x00, 0x00, 0x00, 0x00, 0xe8, 0x00, 0x00,
    0x00, 0x00, 0x02, 0x00, 0x00, 0x01, 0x01, 0x01, 0x01, 0x03, 0x01, 0x3c, 0x1f, 0x8f, 0x00, 0x20,
    0x0f, 0x1f, 0x1b, 0x03, 0x00, 0x00, 0x18, 0x01, 0x00, 0x00, 0x87, 0x70, 0x00, 0x00, 0x00, 0x01,
    0x00, 0x00, 0x00, 0x04, 0x01, 0x00, 0x00, 0x02, 0x00, 0x00, 0x00, 0x00, 0x00, 0x40, 0x00, 0x00,
    0x00, 0x00, 0x00, 0x00, 0x01, 0x00, 0x01, 0x01, 0x00, 0x00, 0x00, 0x00, 0x00, 0x00, 0x00, 0x00,
    0x01, 0x06, 0x2c, 0x10, 0x00, 0x00, 0x00, 0x00, 0x00, 0x00, 0x00, 0x00, 0x00, 0x00, 0x00, 0x00
  },
  // Frame 61
  {
    0x00, 0x00, 0x00, 0x00, 0x00, 0x00, 0x00, 0x00, 0x00, 0x00, 0x00, 0x00, 0x00, 0x00, 0x00, 0x80,
    0x00, 0x00, 0x40, 0x00, 0x20, 0x60, 0x20, 0x30, 0x30, 0x08, 0x00, 0x10, 0x34, 0x10, 0x12, 0x10,
    0x15, 0x13, 0x08, 0x10, 0x0f, 0x01, 0x01, 0x01, 0x03, 0x06, 0x07, 0x8d, 0x87, 0x80, 0xc3, 0xcf,
    0x4f, 0x47, 0x63, 0xc7, 0x86, 0x87, 0x85, 0x03, 0x03, 0x02, 0x01, 0x01, 0x01, 0x01, 0x01, 0x07,
    0x00, 0x01, 0x00, 0x00, 0x00, 0x02, 0x06, 0x02, 0x04, 0x0c, 0x00, 0x00, 0x00, 0x00, 0x00, 0x10,
    0x00, 0x00, 0x00, 0x40, 0x00, 0x10, 0x20, 0x00, 0x00, 0x00, 0x00, 0x00, 0x00, 0x00, 0x00, 0x00,
    0x00, 0x00, 0x00, 0x00, 0x18, 0x00, 0x00, 0x00, 0x10, 0x00, 0x10, 0x00, 0x10, 0x10, 0x00, 0x10,
    0x00, 0x10, 0x10, 0x00, 0x00, 0x00, 0x10, 0x00, 0x00, 0x18, 0x00, 0x18, 0x00, 0x00, 0x00, 0x00,
    0x00, 0x00, 0x00, 0x00, 0x00, 0x00, 0x00, 0x00, 0x00, 0x08, 0x02, 0x00, 0x00, 0x00, 0x00, 0x00,
    0x00, 0x00, 0x00, 0x00, 0x00, 0x00, 0x00, 0x00, 0x00, 0x00, 0x00, 0x00, 0x00, 0x00, 0x00, 0x00,
    0x00, 0x00, 0x00, 0x00, 0x00, 0x08, 0x60, 0xa2, 0xc0, 0xc6, 0xc4, 0xe4, 0xf4, 0x74, 0x17, 0x03,
    0x1c, 0xfa, 0xfe, 0xf9, 0xf2, 0xe0, 0x68, 0x72, 0xd6, 0xda, 0x6e, 0xbc, 0x30, 0x00, 0x00, 0x20,
    0x40, 0xa0, 0x40, 0x00, 0x40, 0x40, 0x80, 0x00, 0xa0, 0x00, 0x10, 0x00, 0x00, 0x00, 0x00, 0x00,
    0x00, 0x02, 0x00, 0x00, 0x00, 0x00, 0x00, 0x00, 0x00, 0x00, 0x00, 0x00, 0x00, 0x00, 0x00, 0x00,
    0x00, 0x00, 0x00, 0x00, 0x00, 0x00, 0x00, 0x00, 0x00, 0x00, 0x00, 0x00, 0x00, 0x00, 0x00, 0x00,
    0x00, 0x00, 0x00, 0x00, 0x00, 0x00, 0x00, 0x00, 0x00, 0x00, 0x00, 0x00, 0x00, 0x00, 0x00, 0x00,
    0x00, 0x00, 0x00, 0x00, 0x00, 0x02, 0x00, 0x00, 0x00, 0x00, 0x00, 0x00, 0x00, 0x00, 0x00, 0x00,
    0x00, 0x00, 0x00, 0x00, 0x00, 0x00, 0x00, 0x00, 0x00, 0x00, 0x00, 0x00, 0x00, 0x00, 0x00, 0x00,
    0x00, 0x00, 0x00, 0x00, 0x00, 0x00, 0x00, 0x00, 0x00, 0x01, 0x07, 0x03, 0x00, 0x40, 0x40, 0x00,
    0x40, 0x40, 0xe0, 0xe1, 0xe8, 0xf0, 0xf1, 0x30, 0x00, 0x03, 0x13, 0x00, 0x00, 0x00, 0x00, 0x00,
    0x00, 0x00, 0x00, 0x01, 0x01, 0x00, 0x00, 0x00, 0x00, 0x00, 0x00, 0x00, 0x00, 0x00, 0x00, 0x00,
    0x00, 0x00, 0x00, 0x00, 0x00, 0x00, 0x00, 0x00, 0x00, 0x00, 0x00, 0x00, 0x00, 0x00, 0x00, 0x00,
    0x00, 0x00, 0x00, 0x00, 0x00, 0x00, 0x00, 0x00, 0x00, 0x00, 0x00, 0x00, 0x00, 0x00, 0x00, 0x00,
    0x00, 0x00, 0x00, 0x00, 0x00, 0x00, 0x00, 0x00, 0x00, 0x00, 0x00, 0x00, 0x00, 0x00, 0x00, 0x00,
    0x00, 0x00, 0x00, 0x00, 0x00, 0x00, 0x00, 0x00, 0x00, 0x00, 0x00, 0x00, 0x00, 0x80, 0x80, 0x00,
    0x00, 0x40, 0xc0, 0x80, 0xd0, 0x80, 0x00, 0x00, 0x40, 0xc0, 0x00, 0x00, 0x00, 0x00, 0x00, 0x00,
    0x00, 0x00, 0x00, 0x00, 0x00, 0x00, 0x00, 0x08, 0x14, 0x00, 0x00, 0x10, 0x20, 0x70, 0x30, 0x98,
    0xec, 0xda, 0x2c, 0x06, 0x00, 0x80, 0x08, 0xf0, 0xc3, 0x0b, 0x1e, 0x18, 0x08, 0x84, 0x68, 0xd0,
    0x00, 0x30, 0x40, 0x20, 0x40, 0x20, 0xc0, 0x00, 0x00, 0x00, 0x00, 0x00, 0x00, 0x00, 0x00, 0x00,
    0x00, 0x00, 0x00, 0x00, 0x00, 0x00, 0x00, 0x00, 0x00, 0x00, 0x00, 0x00, 0x00, 0x00, 0x00, 0x00,
    0x00, 0x00, 0x98, 0x1c, 0xbc, 0x3c, 0x3c, 0x38, 0x38, 0x10, 0x00, 0x00, 0x00, 0x00, 0x80, 0x00,
    0x80, 0x00, 0x00, 0x00, 0x00, 0x00, 0x00, 0x00, 0x00, 0x00, 0x00, 0x00, 0x00, 0x00, 0x00, 0x00,
    0x00, 0x00, 0x00, 0x00, 0x00, 0x00, 0x00, 0x00, 0xe0, 0xc0, 0x80, 0x04, 0x08, 0x18, 0x39, 0x3f,
    0x7f, 0xfd, 0xfe, 0xf7, 0xdf, 0x7e, 0xff, 0xf8, 0x00, 0x00, 0x03, 0x00, 0x18, 0xf0, 0xc0, 0x00,
    0x00, 0x00, 0x00, 0x00, 0x40, 0x00, 0x80, 0x80, 0x88, 0x02, 0x00, 0x0c, 0x30, 0x70, 0xc0, 0x80,
    0x81, 0x00, 0x62, 0x70, 0x7c, 0xfd, 0xfb, 0x37, 0x0f, 0x00, 0xc0, 0xf8, 0xfe, 0xff, 0xfc, 0xff,
    0x7f, 0x7c, 0xf1, 0xc3, 0x86, 0x19, 0x53, 0x8e, 0x30, 0xe0, 0x00, 0x03, 0x6b, 0x00, 0xfd, 0x00,
    0x04, 0x78, 0x10, 0x40, 0x10, 0x10, 0x00, 0x20, 0x44, 0x32, 0x40, 0x84, 0x00, 0xcc, 0x01, 0x88,
    0x32, 0x80, 0x12, 0x22, 0x4c, 0x22, 0x4c, 0x80, 0x00, 0x48, 0x81, 0x20, 0x22, 0x00, 0x20, 0x00,
    0x04, 0x60, 0x00, 0x08, 0x41, 0x00, 0x00, 0x00, 0x00, 0x00, 0x00, 0x00, 0x00, 0x00, 0x00, 0x00,
    0x00, 0x00, 0x00, 0x00, 0x00, 0x00, 0x00, 0x80, 0x11, 0x13, 0x63, 0x67, 0xee, 0xce, 0xdc, 0xfc,
    0xf8, 0xe9, 0xd0, 0xe3, 0xc5, 0x47, 0x8f, 0x17, 0x28, 0xc0, 0x00, 0x00, 0x00, 0x00, 0x03, 0x07,
    0x04, 0x08, 0x10, 0x00, 0x01, 0x00, 0x00, 0x00, 0x00, 0x04, 0x01, 0x01, 0x02, 0x00, 0x00, 0x81,
    0x83, 0x87, 0x4b, 0xf6, 0xcc, 0xc9, 0xe1, 0xe0, 0xe0, 0x6e, 0x71, 0xff, 0xfe, 0xff, 0xe0, 0xb7,
    0xb9, 0xf0, 0xe3, 0xaf, 0xfb, 0xeb, 0x2c, 0xa9, 0x84, 0x9d, 0xef, 0xfc, 0xb4, 0x3c, 0x69, 0x68,
    0xcb, 0xc9, 0x89, 0xda, 0xd0, 0xb8, 0xb0, 0x71, 0x50, 0x03, 0x02, 0x00, 0x10, 0x00, 0x00, 0x00,
    0x00, 0x00, 0x01, 0x00, 0x40, 0x01, 0x00, 0x00, 0x00, 0x10, 0x04, 0x00, 0x08, 0x00, 0x0c, 0x00,
    0x00, 0x01, 0x00, 0x00, 0x00, 0x00, 0x00, 0x00, 0x00, 0x00, 0x00, 0x00, 0x00, 0x00, 0x00, 0x00,
    0x00, 0x20, 0x20, 0x10, 0x10, 0x00, 0x88, 0x48, 0x41, 0x45, 0x06, 0x26, 0x26, 0x0e, 0x0f, 0x49,
    0x0b, 0x27, 0x37, 0x17, 0x93, 0xd7, 0x67, 0x2f, 0x1c, 0x58, 0x23, 0x18, 0x98, 0xe8, 0xf0, 0xf8,
    0xf8, 0xfc, 0xfc, 0xfc, 0x04, 0x60, 0x78, 0x3c, 0x78, 0x3e, 0x3e, 0x1e, 0x1e, 0x0f, 0x0f, 0x0f,
    0x07, 0x07, 0x05, 0x80, 0xe1, 0xe1, 0xf1, 0xf1, 0xf0, 0xf0, 0xf8, 0x38, 0x80, 0xf0, 0xf0, 0x00,
    0xea, 0xe2, 0xe0, 0xf0, 0x70, 0x30, 0x60, 0xe0, 0x63, 0x63, 0xf6, 0x05, 0x03, 0x03, 0x00, 0x08,
    0x10, 0x54, 0x25, 0x6c, 0x52, 0xd2, 0x73, 0x31, 0xb1, 0xb0, 0xb0, 0x70, 0xa0, 0x80, 0x40, 0xc0,
    0xc0, 0xe0, 0x20, 0x20, 0xb0, 0x90, 0x10, 0x10, 0x10, 0x10, 0x00, 0x00, 0x00, 0x10, 0x10, 0x50,
    0xf0, 0xa0, 0x00, 0x00, 0x00, 0x00, 0x00, 0x00, 0x00, 0x00, 0x00, 0x00, 0x00, 0x00, 0x00, 0x00,
    0x06, 0x0a, 0x09, 0x09, 0x00, 0x04, 0x00, 0x00, 0x00, 0x00, 0x08, 0x04, 0x02, 0x03, 0x00, 0x00,
    0x04, 0x02, 0x02, 0x21, 0x10, 0x08, 0x04, 0x80, 0x60, 0x70, 0x18, 0x00, 0x01, 0x01, 0x01, 0x01,
    0x0f, 0x07, 0x07, 0xc7, 0xe0, 0x00, 0x00, 0x00, 0x00, 0x00, 0x00, 0x00, 0x00, 0x00, 0x00, 0x00,
    0x00, 0x00, 0x02, 0x00, 0x00, 0x01, 0x01, 0x01, 0x01, 0x01, 0x01, 0x3c, 0x1f, 0x8f, 0x00, 0x20,
    0x0f, 0x1f, 0x1b, 0x03, 0x00, 0x00, 0x08, 0x01, 0x00, 0x00, 0x87, 0x70, 0x00, 0x00, 0x00, 0x01,
    0x00, 0x00, 0x00, 0x04, 0x01, 0x00, 0x00, 0x02, 0x00, 0x00, 0x00, 0x00, 0x00, 0x40, 0x00, 0x00,
    0x00, 0x00, 0x00, 0x00, 0x01, 0x00, 0x01, 0x01, 0x00, 0x00, 0x00, 0x00, 0x00, 0x00, 0x00, 0x00,
    0x01, 0x04, 0x2c, 0x30, 0x00, 0x00, 0x00, 0x00, 0x00, 0x00, 0x00, 0x00, 0x00, 0x00, 0x00, 0x00
  },
  // Frame 62
  {
    0x00, 0x00, 0x00, 0x00, 0x00, 0x00, 0x00, 0x00, 0x00, 0x00, 0x00, 0x00, 0x00, 0x00, 0x00, 0x80,
    0x00, 0x40, 0x40, 0x00, 0x20, 0x20, 0x30, 0x10, 0x20, 0x08, 0x00, 0x30, 0x30, 0x10, 0x00, 0x10,
    0x12, 0x10, 0x00, 0x1b, 0x04, 0x01, 0x09, 0x09, 0x06, 0x05, 0x0f, 0x8d, 0x07, 0x80, 0xc3, 0xcf,
    0x47, 0x87, 0xe2, 0xe3, 0x87, 0x87, 0x87, 0x01, 0x00, 0x04, 0x01, 0x05, 0x01, 0x01, 0x01, 0x01,
    0x00, 0x01, 0x01, 0x00, 0x04, 0x00, 0x02, 0x02, 0x00, 0x00, 0x04, 0x08, 0x00, 0x00, 0x04, 0x10,
    0x00, 0x00, 0x00, 0x40, 0x40, 0x00, 0x00, 0x40, 0x00, 0x00, 0x00, 0x00, 0x00, 0x00, 0x00, 0x00,
    0x00, 0x00, 0x00, 0x00, 0x18, 0x00, 0x00, 0x00, 0x10, 0x00, 0x10, 0x00, 0x10, 0x10, 0x00, 0x10,
    0x00, 0x10, 0x10, 0x00, 0x00, 0x00, 0x10, 0x00, 0x00, 0x18, 0x00, 0x18, 0x00, 0x00, 0x00, 0x00,
    0x00, 0x00, 0x00, 0x00, 0x00, 0x00, 0x00, 0x00, 0x00, 0x08, 0x00, 0x00, 0x00, 0x00, 0x00, 0x00,
    0x00, 0x00, 0x00, 0x00, 0x00, 0x00, 0x00, 0x00, 0x00, 0x00, 0x00, 0x00, 0x00, 0x00, 0x00, 0x00,
    0x00, 0x00, 0x00, 0x00, 0x10, 0x20, 0x60, 0x82, 0xc0, 0xc6, 0xc4, 0xf4, 0xf4, 0x74, 0x97, 0x83,
    0x1f, 0xfb, 0xfc, 0xf3, 0xf0, 0xe0, 0x6a, 0x72, 0xda, 0xda, 0x4e, 0x3c, 0x10, 0x00, 0x00, 0x00,
    0x60, 0xa0, 0x40, 0x00, 0x40, 0x00, 0x80, 0x00, 0xa0, 0x00, 0x10, 0x00, 0x00, 0x00, 0x00, 0x00,
    0x20, 0x00, 0x00, 0x00, 0x00, 0x00, 0x00, 0x00, 0x00, 0x00, 0x00, 0x00, 0x00, 0x00, 0x00, 0x00,
    0x00, 0x00, 0x00, 0x00, 0x00, 0x00, 0x00, 0x00, 0x00, 0x00, 0x00, 0x00, 0x00, 0x00, 0x00, 0x00,
    0x00, 0x00, 0x00, 0x00, 0x00, 0x00, 0x00, 0x00, 0x00, 0x00, 0x00, 0x00, 0x00, 0x00, 0x00, 0x00,
    0x00, 0x00, 0x00, 0x01, 0x00, 0x00, 0x00, 0x00, 0x00, 0x00, 0x00, 0x00, 0x00, 0x00, 0x00, 0x00,
    0x00, 0x00, 0x00, 0x00, 0x00, 0x00, 0x00, 0x00, 0x00, 0x00, 0x00, 0x00, 0x00, 0x00, 0x00, 0x00,
    0x00, 0x00, 0x00, 0x00, 0x00, 0x00, 0x00, 0x00, 0x00, 0x03, 0x07, 0x03, 0x00, 0x40, 0x40, 0x00,
    0x40, 0x40, 0x60, 0x61, 0xe8, 0xf0, 0xf1, 0x30, 0x00, 0x03, 0x01, 0x00, 0x00, 0x00, 0x00, 0x00,
    0x00, 0x00, 0x00, 0x01, 0x01, 0x00, 0x00, 0x00, 0x00, 0x00, 0x00, 0x00, 0x00, 0x00, 0x00, 0x00,
    0x00, 0x00, 0x00, 0x00, 0x00, 0x00, 0x00, 0x00, 0x00, 0x00, 0x00, 0x00, 0x00, 0x00, 0x00, 0x00,
    0x00, 0x00, 0x00, 0x00, 0x00, 0x00, 0x00, 0x00, 0x00, 0x00, 0x00, 0x00, 0x00, 0x00, 0x00, 0x00,
    0x00, 0x00, 0x00, 0x00, 0x00, 0x00, 0x00, 0x00, 0x00, 0x00, 0x00, 0x00, 0x00, 0x00, 0x00, 0x00,
    0x00, 0x00, 0x00, 0x00, 0x00, 0x00, 0x00, 0x00, 0x00, 0x00, 0x00, 0x00, 0x00, 0x80, 0x80, 0x00,
    0x00, 0x40, 0xc0, 0xf0, 0xc0, 0x80, 0x00, 0x00, 0x00, 0xc0, 0x00, 0x00, 0x00, 0x00, 0x00, 0x00,
    0x00, 0x00, 0x00, 0x00, 0x00, 0x00, 0x00, 0x08, 0x14, 0x00, 0x00, 0x10, 0x20, 0x70, 0x34, 0x98,
    0xfc, 0xda, 0x2c, 0x04, 0x00, 0x80, 0x08, 0xf1, 0xc3, 0x0b, 0x1e, 0x1c, 0x08, 0x84, 0x68, 0xd8,
    0x00, 0x30, 0x40, 0x20, 0x40, 0x30, 0xc0, 0x00, 0x00, 0x00, 0x00, 0x00, 0x00, 0x00, 0x00, 0x00,
    0x00, 0x00, 0x00, 0x00, 0x00, 0x00, 0x00, 0x00, 0x00, 0x00, 0x00, 0x00, 0x00, 0x80, 0x00, 0x00,
    0x42, 0x02, 0x87, 0x07, 0x87, 0x07, 0xc7, 0x06, 0x04, 0x00, 0x00, 0x00, 0x40, 0x40, 0x80, 0x00,
    0x80, 0x00, 0x00, 0x00, 0x00, 0x00, 0x00, 0x00, 0x00, 0x00, 0x00, 0x00, 0x00, 0x00, 0x00, 0x00,
    0x00, 0x00, 0x00, 0x00, 0x00, 0x00, 0x00, 0x00, 0xc0, 0x80, 0x00, 0x00, 0x18, 0x18, 0x39, 0xfe,
    0xff, 0xfd, 0xfa, 0xf7, 0xdf, 0x7f, 0xfe, 0xf8, 0x00, 0x00, 0x03, 0x04, 0x18, 0x70, 0xc0, 0x00,
    0x00, 0x00, 0x00, 0x80, 0x40, 0x00, 0x80, 0x81, 0x88, 0x00, 0x00, 0x0c, 0x30, 0x70, 0xc0, 0x80,
    0x81, 0x00, 0x62, 0x70, 0x7c, 0xfd, 0xf3, 0x37, 0x0f, 0x00, 0xc0, 0xf8, 0xfe, 0xff, 0xf8, 0xff,
    0x7f, 0x7c, 0xf1, 0xc3, 0x86, 0x19, 0x73, 0x8c, 0x30, 0xe0, 0x00, 0x03, 0x6b, 0x00, 0xfd, 0x00,
    0x04, 0x18, 0x00, 0x10, 0x00, 0x10, 0x04, 0x20, 0x44, 0x12, 0x40, 0x84, 0x00, 0xcd, 0x01, 0x80,
    0x32, 0x00, 0x30, 0x00, 0x4c, 0x00, 0x4c, 0x80, 0x10, 0x41, 0x81, 0x20, 0x00, 0x00, 0x00, 0x40,
    0x08, 0x40, 0x00, 0x80, 0x80, 0x02, 0x00, 0x00, 0x00, 0x00, 0x00, 0x00, 0x00, 0x00, 0x00, 0x00,
    0x00, 0x00, 0x00, 0x00, 0x00, 0x00, 0x00, 0x00, 0x11, 0x23, 0x67, 0xc6, 0xce, 0xcc, 0xd4, 0xfc,
    0xe8, 0xf9, 0xf3, 0xa1, 0xc7, 0x4b, 0x8d, 0x1b, 0x68, 0xc0, 0x00, 0x00, 0x00, 0x00, 0x03, 0x07,
    0x04, 0x08, 0x10, 0x00, 0x01, 0x02, 0x00, 0x00, 0x04, 0x04, 0x01, 0x02, 0x02, 0x00, 0x00, 0x01,
    0x83, 0x87, 0x0a, 0xf6, 0xed, 0x89, 0xe1, 0xe0, 0xf0, 0xfe, 0xe3, 0x7f, 0xfe, 0xff, 0xf0, 0xf7,
    0xd1, 0xf8, 0xf1, 0xaf, 0xbb, 0xab, 0x28, 0xad, 0xac, 0xed, 0xff, 0xb4, 0x28, 0x68, 0x69, 0xcc,
    0xcb, 0x89, 0x5a, 0xd0, 0xb8, 0xb0, 0xd8, 0x51, 0x00, 0x03, 0x02, 0x00, 0x10, 0x00, 0x00, 0x00,
    0x00, 0x00, 0x01, 0x00, 0x00, 0x01, 0x00, 0x00, 0x00, 0x10, 0x04, 0x00, 0x08, 0x00, 0x04, 0x08,
    0x00, 0x00, 0x01, 0x02, 0x00, 0x00, 0x00, 0x00, 0x00, 0x00, 0x00, 0x00, 0x00, 0x00, 0x00, 0x00,
    0x00, 0x00, 0x20, 0x20, 0x10, 0x10, 0x00, 0x89, 0x8a, 0x4a, 0x42, 0x06, 0x04, 0x05, 0x25, 0x97,
    0xd7, 0x77, 0x33, 0x03, 0x8f, 0xc7, 0x67, 0x2f, 0x0c, 0x18, 0x23, 0x10, 0xd8, 0xe8, 0xf0, 0xf8,
    0xf8, 0xf8, 0x38, 0x0c, 0x0c, 0xf0, 0x78, 0x7e, 0x3c, 0x78, 0x1c, 0x3e, 0x1e, 0x1e, 0x0f, 0x0f,
    0x0f, 0x07, 0x05, 0x80, 0xe1, 0xe3, 0xf1, 0xf1, 0xf1, 0xf0, 0xf0, 0x31, 0x81, 0xf1, 0xe0, 0x00,
    0xe0, 0xe1, 0xe1, 0xf3, 0x70, 0x30, 0x20, 0xe1, 0x63, 0x76, 0xf4, 0x01, 0x03, 0x03, 0x00, 0x08,
    0x92, 0x56, 0x25, 0x6c, 0x52, 0xd2, 0x73, 0x31, 0xb1, 0xb0, 0xb0, 0x70, 0xa0, 0x80, 0x40, 0x80,
    0xc0, 0xe0, 0xa0, 0x20, 0xb0, 0x90, 0x10, 0x10, 0x10, 0x10, 0x10, 0x00, 0x00, 0x10, 0x10, 0x50,
    0xb0, 0xa0, 0x00, 0x00, 0x00, 0x00, 0x00, 0x00, 0x00, 0x00, 0x00, 0x00, 0x00, 0x00, 0x00, 0x00,
    0x04, 0x02, 0x02, 0x01, 0x09, 0x01, 0x00, 0x00, 0x00, 0x00, 0x08, 0x04, 0x04, 0x02, 0x01, 0x00,
    0x04, 0x04, 0x42, 0x61, 0x10, 0x00, 0x04, 0x86, 0x40, 0x60, 0x10, 0x04, 0x03, 0x01, 0x01, 0x00,
    0x03, 0x0f, 0x00, 0x70, 0x00, 0x00, 0x00, 0x00, 0x00, 0x00, 0x00, 0x00, 0x00, 0xf0, 0x00, 0x00,
    0x10, 0x08, 0x02, 0x00, 0x00, 0x01, 0x01, 0x01, 0x01, 0x01, 0x01, 0x3c, 0x1f, 0x8f, 0x00, 0x20,
    0x0f, 0x1f, 0x1b, 0x03, 0x00, 0x00, 0x08, 0x01, 0x00, 0x00, 0x87, 0x70, 0x00, 0x00, 0x00, 0x01,
    0x00, 0x00, 0x00, 0x88, 0x01, 0x00, 0x00, 0x02, 0x00, 0x00, 0x00, 0x00, 0x00, 0x80, 0x00, 0x00,
    0x00, 0x00, 0x00, 0x00, 0x01, 0x00, 0x01, 0x00, 0x01, 0x00, 0x00, 0x00, 0x00, 0x00, 0x00, 0x00,
    0x01, 0x04, 0x2c, 0x34, 0x00, 0x00, 0x00, 0x00, 0x00, 0x00, 0x00, 0x00, 0x00, 0x00, 0x00, 0x00
  },
  // Frame 63
  {
    0x00, 0x00, 0x00, 0x00, 0x00, 0x00, 0x00, 0x00, 0x00, 0x00, 0x00, 0x00, 0x00, 0x00, 0x00, 0x80,
    0x00, 0x40, 0x40, 0x00, 0x60, 0x20, 0x30, 0x10, 0x00, 0x08, 0x00, 0x30, 0x10, 0x10, 0x00, 0x10,
    0x12, 0x10, 0x00, 0x0b, 0x00, 0x09, 0x09, 0x0b, 0x06, 0x05, 0x0f, 0x83, 0x0a, 0x81, 0xc3, 0xcf,
    0x47, 0x87, 0xe6, 0xe2, 0x87, 0x86, 0x86, 0x00, 0x04, 0x04, 0x01, 0x05, 0x05, 0x01, 0x01, 0x01,
    0x00, 0x01, 0x01, 0x04, 0x00, 0x04, 0x00, 0x06, 0x04, 0x10, 0x00, 0x08, 0x00, 0x00, 0x00, 0x10,
    0x00, 0x00, 0x00, 0x40, 0x40, 0x20, 0x20, 0x40, 0x00, 0x00, 0x00, 0x00, 0x00, 0x00, 0x00, 0x00,
    0x00, 0x00, 0x00, 0x00, 0x18, 0x00, 0x00, 0x00, 0x10, 0x00, 0x10, 0x00, 0x10, 0x10, 0x00, 0x10,
    0x00, 0x10, 0x10, 0x00, 0x00, 0x00, 0x10, 0x00, 0x00, 0x18, 0x00, 0x18, 0x00, 0x00, 0x00, 0x00,
    0x00, 0x00, 0x00, 0x00, 0x00, 0x00, 0x00, 0x00, 0x00, 0x00, 0x00, 0x00, 0x00, 0x00, 0x00, 0x00,
    0x00, 0x00, 0x00, 0x00, 0x00, 0x00, 0x00, 0x00, 0x00, 0x00, 0x00, 0x00, 0x00, 0x00, 0x00, 0x00,
    0x00, 0x00, 0x00, 0x00, 0x10, 0x20, 0x60, 0x82, 0xc0, 0xc6, 0xc4, 0xf4, 0xf4, 0x74, 0x97, 0x83,
    0x7f, 0xfb, 0xfc, 0xf3, 0xf2, 0xe0, 0x6a, 0x72, 0xda, 0xda, 0x4e, 0x38, 0x10, 0x00, 0x00, 0x00,
    0x60, 0xa0, 0x00, 0x00, 0x40, 0x00, 0x80, 0x00, 0x80, 0x00, 0x10, 0x00, 0x00, 0x00, 0x00, 0x04,
    0x20, 0x00, 0x00, 0x00, 0x00, 0x00, 0x00, 0x00, 0x00, 0x00, 0x00, 0x00, 0x00, 0x00, 0x00, 0x00,
    0x00, 0x00, 0x00, 0x00, 0x00, 0x00, 0x00, 0x00, 0x00, 0x00, 0x00, 0x00, 0x00, 0x00, 0x00, 0x00,
    0x00, 0x00, 0x00, 0x00, 0x00, 0x00, 0x00, 0x00, 0x00, 0x00, 0x00, 0x00, 0x00, 0x00, 0x00, 0x00,
    0x00, 0x00, 0x00, 0x01, 0x00, 0x00, 0x00, 0x00, 0x00, 0x00, 0x00, 0x00, 0x00, 0x00, 0x00, 0x00,
    0x00, 0x00, 0x00, 0x00, 0x00, 0x00, 0x00, 0x00, 0x00, 0x00, 0x20, 0x00, 0x00, 0x00, 0x00, 0x00,
    0x00, 0x00, 0x00, 0x00, 0x00, 0x00, 0x00, 0x00, 0x00, 0x03, 0x07, 0x03, 0x00, 0x40, 0x40, 0x00,
    0x40, 0x40, 0x60, 0x61, 0xe8, 0xf0, 0xf1, 0x30, 0x00, 0x0b, 0x01, 0x00, 0x00, 0x00, 0x00, 0x00,
    0x00, 0x00, 0x00, 0x01, 0x01, 0x00, 0x00, 0x00, 0x00, 0x00, 0x00, 0x00, 0x00, 0x00, 0x00, 0x00,
    0x00, 0x00, 0x00, 0x00, 0x00, 0x00, 0x00, 0x00, 0x00, 0x00, 0x00, 0x00, 0x00, 0x00, 0x00, 0x00,
    0x00, 0x00, 0x80, 0x80, 0x80, 0x00, 0x00, 0x00, 0x00, 0x00, 0x00, 0x00, 0x00, 0x00, 0x00, 0x00,
    0x00, 0x00, 0x00, 0x00, 0x00, 0x00, 0x00, 0x00, 0x00, 0x00, 0x00, 0x00, 0x00, 0x00, 0x00, 0x00,
    0x00, 0x00, 0x00, 0x00, 0x00, 0x00, 0x00, 0x00, 0x00, 0x00, 0x00, 0x00, 0x00, 0x80, 0x80, 0x00,
    0x00, 0xc0, 0xd0, 0xf0, 0xc0, 0x80, 0x00, 0x00, 0x00, 0xc0, 0x00, 0x00, 0x00, 0x00, 0x00, 0x00,
    0x00, 0x00, 0x00, 0x00, 0x00, 0x00, 0x00, 0x08, 0x14, 0x00, 0x00, 0x10, 0x20, 0x70, 0x30, 0x98,
    0xfc, 0xda, 0x2c, 0x04, 0x00, 0x80, 0x08, 0xf1, 0xc3, 0x0b, 0x1e, 0x1c, 0x08, 0x84, 0x68, 0xd0,
    0x00, 0x20, 0x40, 0x20, 0x40, 0x30, 0xc0, 0x00, 0x00, 0x00, 0x00, 0x00, 0x00, 0x00, 0x00, 0x00,
    0x00, 0x00, 0x00, 0x00, 0x00, 0x00, 0x00, 0x00, 0x00, 0x00, 0x00, 0x00, 0x00, 0x00, 0x80, 0x00,
    0x00, 0x03, 0x07, 0x07, 0x07, 0x07, 0x47, 0x07, 0x00, 0x00, 0x00, 0x40, 0x40, 0x00, 0x80, 0x00,
    0x00, 0x00, 0x00, 0x00, 0x00, 0x00, 0x00, 0x00, 0x00, 0x00, 0x00, 0x00, 0x00, 0x00, 0x00, 0x00,
    0x00, 0x00, 0x00, 0x00, 0x00, 0x00, 0x00, 0x00, 0xc0, 0x80, 0x00, 0x08, 0x18, 0x38, 0x39, 0x7e,
    0xff, 0xfd, 0xfb, 0xf7, 0xdf, 0x7f, 0xfe, 0xf0, 0x00, 0x00, 0x02, 0x04, 0x58, 0x70, 0xc0, 0x00,
    0x00, 0x00, 0x00, 0x80, 0x40, 0x00, 0x80, 0x81, 0x88, 0x00, 0x00, 0x0c, 0x30, 0x70, 0xd0, 0x80,
    0x81, 0x00, 0x62, 0x70, 0x7c, 0xf9, 0xf3, 0x37, 0x0f, 0x00, 0xc0, 0xf8, 0xfe, 0xff, 0xf8, 0xff,
    0x7f, 0x7c, 0xf1, 0xc3, 0x86, 0x19, 0x73, 0x8c, 0x30, 0x60, 0x00, 0x03, 0x6b, 0x00, 0xfd, 0x00,
    0x04, 0x18, 0x00, 0x90, 0x00, 0x10, 0x00, 0x20, 0x44, 0x02, 0x44, 0x88, 0x00, 0x88, 0x13, 0x00,
    0x30, 0x00, 0x20, 0x40, 0x48, 0x01, 0x48, 0x01, 0x00, 0x90, 0x22, 0x20, 0x40, 0x04, 0x40, 0x00,
    0x00, 0x42, 0x00, 0x20, 0x00, 0x20, 0x00, 0x00, 0x00, 0x00, 0x00, 0x00, 0x00, 0x00, 0x00, 0x00,
    0x00, 0x00, 0x00, 0x00, 0x00, 0x00, 0x80, 0x00, 0x23, 0x63, 0xc7, 0xce, 0xcc, 0xdc, 0xbc, 0xf8,
    0xf9, 0xf0, 0xf3, 0xa5, 0x47, 0x8b, 0x15, 0x3b, 0x78, 0x80, 0x00, 0x00, 0x00, 0x00, 0x03, 0x07,
    0x04, 0x00, 0x10, 0x00, 0x01, 0x02, 0x00, 0x00, 0x0a, 0x04, 0x11, 0x02, 0x02, 0x00, 0x00, 0x01,
    0x83, 0x87, 0x8a, 0x76, 0xed, 0xc9, 0xc1, 0xc0, 0xe0, 0xfe, 0xe3, 0xff, 0x6e, 0x7f, 0xf0, 0xef,
    0xd3, 0x70, 0xdb, 0x9f, 0x9f, 0x0f, 0x78, 0x69, 0x78, 0x99, 0x9f, 0x6c, 0x68, 0xc8, 0xc9, 0x90,
    0x93, 0x14, 0x90, 0xbc, 0x21, 0x60, 0x71, 0xa3, 0x00, 0x03, 0x00, 0x00, 0x20, 0x00, 0x00, 0x00,
    0x10, 0x01, 0x02, 0x00, 0x00, 0x00, 0x02, 0x00, 0x00, 0x00, 0x00, 0x00, 0x08, 0x00, 0x0c, 0x01,
    0x00, 0x01, 0x00, 0x00, 0x00, 0x00, 0x00, 0x00, 0x00, 0x00, 0x00, 0x00, 0x00, 0x00, 0x00, 0x00,
    0x00, 0x40, 0x20, 0x20, 0x30, 0x10, 0x80, 0x01, 0x8a, 0x4a, 0x5e, 0x54, 0x05, 0x05, 0x17, 0x97,
    0x53, 0x53, 0x3f, 0x2f, 0xe7, 0x47, 0x2e, 0x2c, 0x8c, 0x58, 0x32, 0x30, 0xd0, 0xe0, 0xf0, 0xf0,
    0xf8, 0xf8, 0xd8, 0x18, 0xec, 0xf4, 0x78, 0xfc, 0x3c, 0x7c, 0x3c, 0x3e, 0x1e, 0x1f, 0x0e, 0x0f,
    0x0f, 0x0f, 0x05, 0x81, 0xe3, 0xe3, 0xe3, 0xf0, 0xf1, 0xf1, 0xf1, 0x30, 0x80, 0xe0, 0xd0, 0x01,
    0xc1, 0xe1, 0xe1, 0xe1, 0x61, 0x21, 0x21, 0xe1, 0x66, 0x6d, 0xf9, 0x03, 0x02, 0x02, 0x00, 0x09,
    0x92, 0x56, 0x05, 0x6c, 0x72, 0xd2, 0x73, 0x71, 0xb5, 0xb0, 0xb0, 0x70, 0xa0, 0x80, 0x40, 0x80,
    0xc0, 0xc0, 0xa0, 0x20, 0x80, 0xb0, 0x10, 0x10, 0x10, 0x10, 0x10, 0x00, 0x10, 0x10, 0x10, 0x50,
    0xa0, 0x80, 0x20, 0x00, 0x00, 0x00, 0x00, 0x00, 0x00, 0x00, 0x00, 0x00, 0x00, 0x00, 0x00, 0x00,
    0x14, 0x12, 0x02, 0x01, 0x09, 0x09, 0x00, 0x00, 0x00, 0x10, 0x08, 0x04, 0x04, 0x02, 0x01, 0x08,
    0x04, 0x04, 0x42, 0x61, 0x10, 0x08, 0x04, 0x00, 0x40, 0x30, 0x00, 0x01, 0x01, 0x01, 0x01, 0x01,
    0x03, 0x0f, 0xff, 0x00, 0x00, 0x00, 0x00, 0x00, 0x00, 0x00, 0x00, 0x00, 0xe0, 0x00, 0x00, 0x00,
    0x10, 0x08, 0x00, 0x00, 0x00, 0x01, 0x01, 0x01, 0x01, 0x01, 0x01, 0x38, 0x1f, 0x8f, 0x81, 0x40,
    0x1f, 0x1f, 0x1f, 0x03, 0x00, 0x00, 0x08, 0x01, 0x00, 0x00, 0x83, 0x78, 0x00, 0x00, 0x00, 0x01,
    0x00, 0x00, 0x00, 0x88, 0x00, 0x00, 0x00, 0x02, 0x00, 0x00, 0x00, 0x00, 0x00, 0x80, 0x00, 0x00,
    0x00, 0x00, 0x00, 0x00, 0x01, 0x00, 0x01, 0x00, 0x01, 0x00, 0x00, 0x00, 0x00, 0x00, 0x00, 0x00,
    0x07, 0x06, 0x2c, 0x14, 0x00, 0x00, 0x00, 0x00, 0x00, 0x00, 0x00, 0x00, 0x00, 0x00, 0x00, 0x00
  },
  // Frame 64
  {
    0x00, 0x00, 0x00, 0x00, 0x00, 0x00, 0x00, 0x00, 0x00, 0x00, 0x00, 0x00, 0x00, 0x00, 0x00, 0x80,
    0x00, 0x40, 0x40, 0x00, 0x60, 0x20, 0x30, 0x10, 0x00, 0x08, 0x00, 0x20, 0x10, 0x10, 0x10, 0x10,
    0x13, 0x08, 0x12, 0x0f, 0x01, 0x09, 0x09, 0x03, 0x06, 0x04, 0x0d, 0x83, 0x02, 0xc1, 0xc7, 0xc7,
    0x47, 0x87, 0xc6, 0x62, 0x87, 0x84, 0x80, 0x00, 0x04, 0x04, 0x01, 0x05, 0x05, 0x01, 0x01, 0x01,
    0x00, 0x01, 0x01, 0x04, 0x00, 0x04, 0x00, 0x06, 0x10, 0x10, 0x00, 0x04, 0x00, 0x00, 0x00, 0x00,
    0x00, 0x00, 0x00, 0x00, 0x40, 0x20, 0x00, 0x40, 0x00, 0x00, 0x00, 0x00, 0x00, 0x00, 0x00, 0x00,
    0x00, 0x00, 0x00, 0x00, 0x18, 0x00, 0x00, 0x00, 0x10, 0x00, 0x10, 0x00, 0x10, 0x10, 0x00, 0x10,
    0x00, 0x10, 0x10, 0x00, 0x00, 0x00, 0x10, 0x00, 0x00, 0x18, 0x00, 0x18, 0x00, 0x00, 0x00, 0x00,
    0x00, 0x00, 0x00, 0x00, 0x00, 0x00, 0x00, 0x04, 0x00, 0x00, 0x00, 0x00, 0x01, 0x00, 0x00, 0x00,
    0x00, 0x00, 0x00, 0x00, 0x00, 0x00, 0x00, 0x00, 0x00, 0x00, 0x00, 0x00, 0x00, 0x00, 0x00, 0x00,
    0x00, 0x00, 0x00, 0x00, 0x10, 0x20, 0x60, 0x82, 0xc0, 0xc6, 0xc4, 0xf4, 0xf4, 0x74, 0x97, 0x83,
    0x7f, 0xfb, 0xfc, 0xf3, 0xf0, 0xe0, 0x6a, 0x72, 0xda, 0xda, 0x4e, 0x38, 0x10, 0x00, 0x00, 0x00,
    0x60, 0xa0, 0x00, 0x00, 0x40, 0x00, 0x80, 0x00, 0x80, 0x00, 0x00, 0x00, 0x00, 0x00, 0x08, 0x04,
    0x20, 0x00, 0x00, 0x00, 0x00, 0x00, 0x00, 0x00, 0x00, 0x00, 0x00, 0x00, 0x00, 0x00, 0x00, 0x00,
    0x00, 0x00, 0x00, 0x00, 0x00, 0x00, 0x00, 0x00, 0x00, 0x00, 0x00, 0x00, 0x00, 0x00, 0x00, 0x00,
    0x00, 0x00, 0x00, 0x00, 0x00, 0x00, 0x00, 0x00, 0x00, 0x00, 0x00, 0x00, 0x00, 0x00, 0x00, 0x00,
    0x00, 0x00, 0x00, 0x01, 0x00, 0x00, 0x00, 0x00, 0x00, 0x00, 0x00, 0x00, 0x00, 0x00, 0x00, 0x00,
    0x00, 0x00, 0x00, 0x00, 0x00, 0x00, 0x00, 0x00, 0x00, 0x00, 0x20, 0x00, 0x00, 0x00, 0x00, 0x00,
    0x00, 0x00, 0x00, 0x00, 0x00, 0x00, 0x00, 0x00, 0x00, 0x03, 0x07, 0x03, 0x00, 0x40, 0x40, 0x00,
    0x40, 0x40, 0x60, 0x61, 0xe8, 0xf0, 0xf1, 0x30, 0x00, 0x0b, 0x01, 0x00, 0x00, 0x00, 0x00, 0x00,
    0x00, 0x00, 0x01, 0x00, 0x00, 0x00, 0x00, 0x00, 0x00, 0x00, 0x00, 0x00, 0x00, 0x00, 0x00, 0x00,
    0x00, 0x00, 0x00, 0x00, 0x00, 0x00, 0x00, 0x00, 0x00, 0x00, 0x00, 0x00, 0x00, 0x00, 0x00, 0x00,
    0x00, 0x00, 0x00, 0x00, 0x00, 0x00, 0x00, 0x00, 0x00, 0x00, 0x00, 0x00, 0x00, 0x00, 0x00, 0x00,
    0x00, 0x00, 0x00, 0x00, 0x00, 0x00, 0x00, 0x00, 0x00, 0x00, 0x00, 0x00, 0x00, 0x00, 0x00, 0x00,
    0x00, 0x00, 0x00, 0x00, 0x00, 0x00, 0x00, 0x00, 0x00, 0x00, 0x00, 0x00, 0x00, 0x80, 0x80, 0x00,
    0x00, 0xc0, 0x90, 0xb0, 0x80, 0x00, 0x00, 0x00, 0x00, 0x80, 0x00, 0x00, 0x00, 0x00, 0x00, 0x00,
    0x00, 0x00, 0x00, 0x00, 0x00, 0x00, 0x00, 0x08, 0x14, 0x00, 0x00, 0x10, 0x20, 0x70, 0x30, 0x98,
    0xfc, 0xda, 0x2c, 0x04, 0x00, 0x80, 0x08, 0xf1, 0xc3, 0x0b, 0x1e, 0x1c, 0x08, 0x84, 0x68, 0xd0,
    0x00, 0x20, 0x40, 0x20, 0x40, 0x10, 0xc0, 0x00, 0x00, 0x00, 0x00, 0x00, 0x00, 0x00, 0x00, 0x00,
    0x00, 0x00, 0x00, 0x00, 0x00, 0x00, 0x00, 0x00, 0x00, 0x00, 0x00, 0x00, 0x00, 0x00, 0x00, 0x00,
    0x03, 0x07, 0x07, 0x07, 0x07, 0x07, 0x06, 0x00, 0x00, 0x00, 0x00, 0x00, 0x00, 0x00, 0x00, 0x00,
    0x00, 0x00, 0x00, 0x00, 0x00, 0x00, 0x00, 0x00, 0x00, 0x00, 0x00, 0x00, 0x00, 0x00, 0x00, 0x00,
    0x00, 0x00, 0x00, 0x00, 0x00, 0x00, 0x00, 0x80, 0x80, 0x00, 0x00, 0x18, 0x38, 0x38, 0x73, 0xff,
    0xfd, 0xff, 0xff, 0xef, 0x3d, 0xff, 0xfc, 0xf0, 0x00, 0x00, 0x02, 0x14, 0xb0, 0x60, 0xc0, 0x00,
    0x00, 0x00, 0x40, 0x80, 0x40, 0x00, 0x80, 0x81, 0x8a, 0x80, 0x00, 0x14, 0x30, 0x70, 0xd0, 0x80,
    0x01, 0x80, 0x62, 0x70, 0x7c, 0xf9, 0xf3, 0x27, 0x07, 0x00, 0xc0, 0xfc, 0xfe, 0xff, 0x78, 0xff,
    0x7f, 0x7c, 0xd1, 0xc3, 0x86, 0x19, 0x53, 0x8e, 0x38, 0x60, 0x00, 0x03, 0x6b, 0x00, 0xff, 0x00,
    0x00, 0x18, 0x00, 0x80, 0x00, 0x10, 0x00, 0x20, 0x40, 0x00, 0x44, 0x80, 0x00, 0x88, 0x12, 0x00,
    0x30, 0x00, 0x20, 0x40, 0x48, 0x41, 0x48, 0x13, 0x00, 0x93, 0x20, 0x20, 0x40, 0x20, 0xc0, 0x00,
    0x10, 0x00, 0x20, 0x00, 0x00, 0x40, 0x00, 0x00, 0x00, 0x00, 0x00, 0x00, 0x00, 0x00, 0x00, 0x00,
    0x00, 0x00, 0x00, 0x00, 0x00, 0x00, 0x00, 0x23, 0x07, 0xc7, 0xce, 0xdc, 0x9c, 0xbc, 0xf8, 0xf9,
    0xf0, 0xb3, 0xe7, 0xcb, 0x8f, 0x16, 0x3b, 0x58, 0x80, 0x00, 0x00, 0x00, 0x00, 0x01, 0x03, 0x03,
    0x04, 0x08, 0x10, 0x00, 0x01, 0x02, 0x04, 0x00, 0x0c, 0x04, 0x11, 0x02, 0x02, 0x00, 0x00, 0x01,
    0x03, 0x07, 0x0a, 0xbe, 0xbd, 0x89, 0x81, 0x80, 0xe0, 0xfe, 0xe3, 0xff, 0xde, 0xdf, 0xe0, 0xdf,
    0xbb, 0xe0, 0xa3, 0xbf, 0xaf, 0x9e, 0xb8, 0xb1, 0xf0, 0xd0, 0xab, 0xbc, 0x20, 0x20, 0x29, 0x60,
    0x48, 0x40, 0xe0, 0x80, 0xc1, 0x44, 0x01, 0x00, 0x00, 0x42, 0x00, 0x10, 0x20, 0x00, 0x00, 0x00,
    0x00, 0x01, 0x02, 0x00, 0x00, 0x00, 0x00, 0x20, 0x00, 0x00, 0x00, 0x20, 0x08, 0x04, 0x08, 0x01,
    0x00, 0x03, 0x00, 0x00, 0x00, 0x00, 0x00, 0x00, 0x00, 0x00, 0x00, 0x00, 0x00, 0x00, 0x00, 0x00,
    0x00, 0x20, 0x20, 0x30, 0x10, 0x90, 0x01, 0x8a, 0x8a, 0x4c, 0x5c, 0x5d, 0x1f, 0x1b, 0x9b, 0x4f,
    0x0f, 0x0f, 0xa7, 0xef, 0x4e, 0x4f, 0x1e, 0xb8, 0x41, 0x26, 0xb0, 0xd0, 0xe0, 0xf0, 0xf0, 0xf0,
    0xb0, 0x10, 0x88, 0xe0, 0xf0, 0xf0, 0x78, 0xf8, 0x3c, 0x7c, 0x3c, 0x3c, 0x3c, 0x1e, 0x1e, 0x17,
    0x0b, 0x03, 0x07, 0x87, 0xc7, 0xc3, 0xe3, 0xe1, 0xe7, 0xe7, 0xe3, 0x03, 0x03, 0x8b, 0x83, 0x03,
    0xca, 0xc2, 0xc2, 0x80, 0x06, 0x0e, 0x1b, 0xd3, 0x46, 0x4c, 0xed, 0x09, 0x03, 0x03, 0x02, 0x0a,
    0x92, 0x56, 0x44, 0x6c, 0x69, 0xd1, 0x70, 0x71, 0xb1, 0xb0, 0xb8, 0xb0, 0xa0, 0x80, 0x00, 0xc0,
    0xc0, 0xc0, 0xa0, 0x20, 0x80, 0x20, 0x10, 0x10, 0x10, 0x10, 0x10, 0x10, 0x10, 0x10, 0x10, 0x50,
    0xa0, 0x80, 0x20, 0x00, 0x00, 0x00, 0x00, 0x00, 0x00, 0x00, 0x00, 0x00, 0x00, 0x00, 0x00, 0x00,
    0x00, 0x02, 0x01, 0x09, 0x01, 0x00, 0x00, 0x10, 0x00, 0x08, 0x04, 0x02, 0x01, 0x10, 0x08, 0x80,
    0x84, 0x02, 0x21, 0x10, 0x00, 0x00, 0x01, 0x00, 0x00, 0x00, 0x03, 0x01, 0x01, 0x01, 0x01, 0x00,
    0x00, 0x00, 0x01, 0x00, 0x01, 0x00, 0x00, 0x00, 0x00, 0x00, 0x00, 0x00, 0x00, 0x00, 0x00, 0x00,
    0x10, 0x08, 0x04, 0x00, 0x00, 0x01, 0x01, 0x01, 0x01, 0x01, 0x41, 0x38, 0x3f, 0x0f, 0x81, 0x40,
    0x1f, 0x1f, 0x1f, 0x03, 0x00, 0x00, 0x08, 0x01, 0x00, 0x00, 0x03, 0x58, 0x20, 0x00, 0x00, 0x01,
    0x00, 0x00, 0x00, 0x98, 0x00, 0x00, 0x00, 0x00, 0x00, 0x00, 0x00, 0x00, 0x00, 0x00, 0x10, 0x00,
    0x00, 0x00, 0x00, 0x00, 0x01, 0x00, 0x01, 0x00, 0x01, 0x00, 0x00, 0x00, 0x00, 0x00, 0x00, 0x00,
    0x07, 0x07, 0x0a, 0x16, 0x00, 0x00, 0x00, 0x00, 0x00, 0x00, 0x00, 0x00, 0x00, 0x00, 0x00, 0x00
  },
  // Frame 65
  {
    0x00, 0x00, 0x00, 0x00, 0x00, 0x00, 0x00, 0x00, 0x00, 0x00, 0x00, 0x00, 0x00, 0x00, 0x00, 0x80,
    0x00, 0x40, 0x40, 0x00, 0x60, 0x20, 0x30, 0x30, 0x00, 0x08, 0x00, 0x20, 0x10, 0x10, 0x10, 0x10,
    0x13, 0x08, 0x12, 0x0f, 0x01, 0x01, 0x09, 0x03, 0x06, 0x04, 0x0d, 0x83, 0x02, 0xc1, 0xc7, 0xc7,
    0x47, 0x87, 0xc6, 0x62, 0x87, 0x84, 0x80, 0x00, 0x04, 0x00, 0x01, 0x05, 0x05, 0x01, 0x01, 0x01,
    0x00, 0x01, 0x01, 0x00, 0x00, 0x04, 0x00, 0x02, 0x10, 0x10, 0x00, 0x04, 0x00, 0x00, 0x00, 0x00,
    0x00, 0x00, 0x00, 0x00, 0x40, 0x20, 0x20, 0x40, 0x00, 0x00, 0x00, 0x00, 0x00, 0x00, 0x00, 0x00,
    0x00, 0x00, 0x00, 0x00, 0x18, 0x00, 0x00, 0x00, 0x10, 0x00, 0x10, 0x00, 0x10, 0x10, 0x00, 0x10,
    0x00, 0x10, 0x10, 0x00, 0x00, 0x00, 0x10, 0x00, 0x00, 0x18, 0x00, 0x18, 0x00, 0x00, 0x00, 0x00,
    0x00, 0x00, 0x00, 0x00, 0x00, 0x00, 0x00, 0x04, 0x00, 0x08, 0x00, 0x00, 0x01, 0x00, 0x00, 0x00,
    0x00, 0x00, 0x00, 0x00, 0x00, 0x00, 0x00, 0x00, 0x00, 0x00, 0x00, 0x00, 0x00, 0x00, 0x00, 0x00,
    0x00, 0x00, 0x00, 0x00, 0x10, 0x20, 0x60, 0x82, 0xc0, 0xc4, 0xc4, 0xf4, 0xf4, 0x74, 0x97, 0x83,
    0x7f, 0xfb, 0xfc, 0xf3, 0xf0, 0xe0, 0x6a, 0x72, 0xca, 0xd8, 0x4e, 0x38, 0x10, 0x00, 0x00, 0x00,
    0x60, 0xa0, 0x00, 0x00, 0x40, 0x00, 0x20, 0x00, 0x80, 0x00, 0x00, 0x00, 0x00, 0x00, 0x08, 0x00,
    0x00, 0x00, 0x00, 0x00, 0x00, 0x00, 0x00, 0x00, 0x00, 0x00, 0x00, 0x00, 0x00, 0x00, 0x00, 0x00,
    0x00, 0x00, 0x00, 0x00, 0x00, 0x00, 0x00, 0x00, 0x00, 0x00, 0x00, 0x00, 0x00, 0x00, 0x00, 0x00,
    0x00, 0x00, 0x00, 0x00, 0x00, 0x00, 0x00, 0x00, 0x00, 0x00, 0x00, 0x00, 0x00, 0x00, 0x00, 0x00,
    0x00, 0x00, 0x00, 0x01, 0x00, 0x00, 0x00, 0x00, 0x00, 0x00, 0x00, 0x00, 0x00, 0x00, 0x00, 0x00,
    0x00, 0x00, 0x00, 0x00, 0x00, 0x00, 0x00, 0x00, 0x00, 0x00, 0x20, 0x00, 0x00, 0x00, 0x00, 0x00,
    0x00, 0x00, 0x00, 0x00, 0x00, 0x00, 0x00, 0x00, 0x00, 0x03, 0x07, 0x03, 0x00, 0x00, 0x40, 0x00,
    0x40, 0x40, 0xe0, 0xe1, 0xe8, 0xf0, 0xf1, 0x30, 0x00, 0x0b, 0x01, 0x00, 0x00, 0x00, 0x00, 0x00,
    0x00, 0x00, 0x01, 0x00, 0x00, 0x00, 0x00, 0x00, 0x00, 0x00, 0x00, 0x00, 0x00, 0x00, 0x00, 0x00,
    0x00, 0x00, 0x00, 0x00, 0x00, 0x00, 0x00, 0x00, 0x00, 0x00, 0x00, 0x00, 0x00, 0x00, 0x00, 0x00,
    0x00, 0x00, 0x00, 0x00, 0x00, 0x00, 0x00, 0x00, 0x00, 0x00, 0x00, 0x00, 0x00, 0x00, 0x00, 0x00,
    0x00, 0x00, 0x00, 0x00, 0x00, 0x00, 0x00, 0x00, 0x00, 0x00, 0x00, 0x00, 0x00, 0x00, 0x00, 0x00,
    0x00, 0x00, 0x00, 0x00, 0x00, 0x00, 0x00, 0x00, 0x00, 0x00, 0x00, 0x00, 0x80, 0x80, 0x80, 0x00,
    0x40, 0xc0, 0x90, 0x80, 0x80, 0x00, 0x00, 0x00, 0x00, 0x80, 0x00, 0x00, 0x00, 0x00, 0x00, 0x00,
    0x00, 0x00, 0x00, 0x00, 0x00, 0x00, 0x00, 0x08, 0x14, 0x00, 0x00, 0x30, 0x20, 0x70, 0xb4, 0x98,
    0x7c, 0xda, 0x2c, 0x06, 0x00, 0x80, 0x08, 0xf1, 0xc3, 0x0b, 0x1e, 0x1c, 0x08, 0x84, 0x68, 0xd0,
    0x00, 0x20, 0x40, 0x20, 0x40, 0x10, 0xc0, 0x00, 0x00, 0x00, 0x00, 0x00, 0x00, 0x00, 0x00, 0x00,
    0x00, 0x00, 0x00, 0x00, 0x00, 0x00, 0x00, 0x00, 0x00, 0x00, 0x00, 0x00, 0x00, 0x00, 0x00, 0x00,
    0x04, 0x0e, 0x0e, 0x0e, 0x0e, 0x0e, 0x0c, 0x00, 0x00, 0x00, 0x00, 0x00, 0x00, 0x00, 0x00, 0x00,
    0x00, 0x00, 0x00, 0x00, 0x00, 0x00, 0x00, 0x00, 0x00, 0x00, 0x00, 0x00, 0x00, 0x00, 0x00, 0x00,
    0x00, 0x00, 0x00, 0x00, 0x00, 0x00, 0x80, 0x80, 0x00, 0x00, 0x00, 0x18, 0x38, 0xf1, 0xf3, 0xff,
    0xfd, 0xfe, 0xf7, 0xdf, 0x7d, 0xff, 0xfc, 0x60, 0x00, 0x00, 0x06, 0x00, 0xb2, 0x60, 0xc0, 0x00,
    0x00, 0x00, 0x40, 0x80, 0x40, 0x80, 0x80, 0x81, 0x82, 0x80, 0x00, 0x10, 0x30, 0x70, 0xd0, 0x80,
    0x01, 0x80, 0x60, 0xf0, 0x7c, 0xf9, 0xf3, 0x27, 0x07, 0x00, 0xc0, 0xfc, 0xfe, 0xff, 0xb8, 0xff,
    0x7f, 0x7c, 0xd1, 0xc3, 0x86, 0x19, 0x73, 0x8e, 0x78, 0x60, 0x00, 0x03, 0x6b, 0x00, 0xfe, 0x10,
    0x00, 0x08, 0x20, 0x90, 0x00, 0x00, 0x00, 0x20, 0xc0, 0x20, 0xc0, 0x08, 0x00, 0x08, 0x00, 0x00,
    0x30, 0x00, 0x20, 0xc4, 0x08, 0x40, 0x88, 0x30, 0x00, 0x90, 0x24, 0x40, 0x00, 0x24, 0xc0, 0x00,
    0x30, 0x00, 0x10, 0x00, 0x00, 0x00, 0x00, 0x00, 0x00, 0x00, 0x00, 0x00, 0x00, 0x00, 0x00, 0x00,
    0x00, 0x00, 0x00, 0x00, 0x00, 0x00, 0x01, 0x43, 0xc7, 0xce, 0xcc, 0x9c, 0xbc, 0xf8, 0xf8, 0xd0,
    0xb3, 0xe1, 0xc7, 0x8f, 0x17, 0x3d, 0x6f, 0x90, 0x00, 0x00, 0x00, 0x00, 0x00, 0x01, 0x01, 0x03,
    0x04, 0x08, 0x10, 0x00, 0x01, 0x02, 0x04, 0x04, 0x0c, 0x00, 0x11, 0x02, 0x00, 0x00, 0x00, 0x01,
    0x03, 0x07, 0x0a, 0x3e, 0x3d, 0x09, 0x81, 0xc0, 0xe0, 0xfe, 0xa2, 0xbb, 0xfe, 0xb7, 0x80, 0x7f,
    0xf3, 0x40, 0x73, 0x77, 0x3d, 0x7e, 0x78, 0xe1, 0xa0, 0x41, 0x4b, 0x7c, 0x40, 0x60, 0xe9, 0xd0,
    0xa0, 0xc0, 0x00, 0x40, 0xa1, 0x40, 0x83, 0x10, 0x00, 0x02, 0xc0, 0x10, 0x05, 0x00, 0x01, 0x01,
    0x00, 0x01, 0x02, 0x14, 0x00, 0x00, 0x02, 0x10, 0x00, 0x04, 0x00, 0x00, 0x81, 0x05, 0x48, 0x0a,
    0x20, 0x2a, 0x10, 0x00, 0x00, 0x00, 0x00, 0x00, 0x00, 0x00, 0x00, 0x00, 0x00, 0x00, 0x00, 0x00,
    0x20, 0x20, 0x30, 0x10, 0x90, 0x81, 0x82, 0x8a, 0x4c, 0x4c, 0x5d, 0x5f, 0x1b, 0x8f, 0xef, 0x6f,
    0x07, 0x07, 0x9f, 0xce, 0x5f, 0x5e, 0x98, 0x71, 0x66, 0x60, 0xc0, 0xe0, 0xe0, 0xe0, 0xf0, 0xf0,
    0x30, 0xb0, 0xd0, 0xe0, 0xf0, 0xf0, 0x78, 0xf0, 0x78, 0x78, 0x38, 0x3c, 0x3c, 0x2e, 0x16, 0x12,
    0x0d, 0x0f, 0x0f, 0x8f, 0xc7, 0xc7, 0xc7, 0xc7, 0xc3, 0xc7, 0x85, 0x55, 0x05, 0x07, 0x05, 0x05,
    0x85, 0x91, 0x11, 0x0d, 0x1c, 0x36, 0x2f, 0x8d, 0x59, 0x5b, 0xd3, 0x06, 0x0e, 0x04, 0x04, 0x08,
    0x90, 0x55, 0x41, 0x6b, 0xea, 0xd1, 0x71, 0x70, 0xb0, 0xb0, 0xb8, 0xb0, 0xa0, 0x80, 0x80, 0xc1,
    0xc0, 0xc1, 0xa0, 0xa0, 0x02, 0x22, 0x30, 0x50, 0x10, 0x11, 0x10, 0x10, 0x10, 0x50, 0x50, 0x20,
    0xa0, 0x80, 0x00, 0x00, 0x00, 0x00, 0x00, 0x00, 0x00, 0x00, 0x00, 0x00, 0x00, 0x00, 0x00, 0x00,
    0x02, 0x09, 0x09, 0x01, 0x00, 0x00, 0x10, 0x10, 0x08, 0x04, 0x00, 0x02, 0x11, 0x08, 0x08, 0x84,
    0x42, 0x21, 0x10, 0x00, 0x00, 0x00, 0x00, 0x00, 0x02, 0x03, 0x03, 0x03, 0x01, 0x03, 0xf1, 0x00,
    0x00, 0x01, 0x03, 0x00, 0x01, 0x00, 0x00, 0x00, 0x40, 0x00, 0x00, 0x00, 0x00, 0x00, 0x00, 0x00,
    0x00, 0x08, 0x04, 0x00, 0x01, 0x01, 0x01, 0x01, 0x01, 0x01, 0x41, 0x38, 0x3f, 0x0f, 0x81, 0x40,
    0x1f, 0x1f, 0x1f, 0x03, 0x00, 0x00, 0x00, 0x01, 0x00, 0x00, 0x03, 0x58, 0x20, 0x00, 0x00, 0x01,
    0x00, 0x00, 0x00, 0xd8, 0x00, 0x00, 0x00, 0x00, 0x00, 0x00, 0x00, 0x00, 0x00, 0x00, 0x10, 0x00,
    0x00, 0x00, 0x00, 0x00, 0x01, 0x00, 0x01, 0x00, 0x00, 0x00, 0x00, 0x00, 0x00, 0x00, 0x00, 0x00,
    0x07, 0x07, 0x04, 0x30, 0x00, 0x00, 0x00, 0x00, 0x00, 0x00, 0x00, 0x00, 0x00, 0x00, 0x00, 0x00
  },
  // Frame 66
  {
    0x00, 0x00, 0x00, 0x00, 0x00, 0x00, 0x00, 0x00, 0x00, 0x00, 0x00, 0x00, 0x00, 0x00, 0x00, 0x00,
    0x00, 0x40, 0x40, 0x00, 0x20, 0x20, 0x30, 0x30, 0x00, 0x08, 0x10, 0x30, 0x10, 0x10, 0x10, 0x10,
    0x13, 0x08, 0x10, 0x0d, 0x01, 0x01, 0x01, 0x02, 0x04, 0x00, 0x0d, 0x83, 0x02, 0xc1, 0xcf, 0xc7,
    0x47, 0x83, 0xc6, 0xe6, 0x87, 0x84, 0x80, 0x00, 0x04, 0x01, 0x01, 0x05, 0x05, 0x01, 0x01, 0x01,
    0x00, 0x01, 0x05, 0x00, 0x00, 0x04, 0x00, 0x02, 0x00, 0x18, 0x00, 0x00, 0x00, 0x00, 0x00, 0x00,
    0x00, 0x00, 0x00, 0x00, 0x40, 0xa0, 0x20, 0x40, 0x00, 0x00, 0x00, 0x00, 0x00, 0x00, 0x00, 0x00,
    0x00, 0x00, 0x00, 0x00, 0x18, 0x00, 0x00, 0x00, 0x10, 0x00, 0x10, 0x00, 0x10, 0x10, 0x00, 0x10,
    0x00, 0x10, 0x10, 0x00, 0x00, 0x00, 0x10, 0x00, 0x00, 0x18, 0x00, 0x18, 0x00, 0x00, 0x00, 0x00,
    0x00, 0x00, 0x00, 0x00, 0x00, 0x00, 0x00, 0x04, 0x00, 0x00, 0x00, 0x00, 0x01, 0x00, 0x00, 0x00,
    0x00, 0x00, 0x00, 0x00, 0x00, 0x00, 0x00, 0x00, 0x00, 0x00, 0x00, 0x00, 0x00, 0x00, 0x00, 0x00,
    0x00, 0x00, 0x00, 0x00, 0x10, 0x20, 0x60, 0x82, 0xc0, 0xc4, 0xc4, 0xf4, 0xf4, 0x74, 0x97, 0x83,
    0x7f, 0xfb, 0xfc, 0xf3, 0xf2, 0xe0, 0x6a, 0xd2, 0xca, 0xc8, 0x4e, 0x3c, 0x10, 0x00, 0x00, 0x20,
    0x40, 0x80, 0x00, 0x00, 0x40, 0x40, 0x20, 0x01, 0x00, 0x00, 0x80, 0x00, 0x00, 0x02, 0x08, 0x00,
    0x00, 0x00, 0x00, 0x00, 0x00, 0x00, 0x00, 0x00, 0x00, 0x00, 0x00, 0x00, 0x00, 0x00, 0x00, 0x00,
    0x00, 0x00, 0x00, 0x00, 0x00, 0x00, 0x00, 0x00, 0x00, 0x00, 0x00, 0x00, 0x00, 0x00, 0x00, 0x00,
    0x00, 0x00, 0x00, 0x00, 0x00, 0x00, 0x00, 0x00, 0x00, 0x00, 0x00, 0x00, 0x00, 0x00, 0x00, 0x00,
    0x00, 0x00, 0x00, 0x01, 0x00, 0x00, 0x00, 0x00, 0x00, 0x00, 0x00, 0x00, 0x00, 0x00, 0x00, 0x00,
    0x00, 0x00, 0x00, 0x00, 0x00, 0x00, 0x00, 0x00, 0x00, 0x00, 0x00, 0x00, 0x00, 0x00, 0x00, 0x00,
    0x00, 0x00, 0x00, 0x00, 0x00, 0x00, 0x00, 0x40, 0x00, 0x03, 0x07, 0x03, 0x00, 0x00, 0x40, 0x00,
    0x40, 0x40, 0xe0, 0xe1, 0xe0, 0xf0, 0xf1, 0x30, 0x00, 0x0b, 0x01, 0x00, 0x00, 0x00, 0x00, 0x00,
    0x00, 0x00, 0x01, 0x00, 0x00, 0x01, 0x00, 0x00, 0x00, 0x00, 0x00, 0x00, 0x00, 0x00, 0x00, 0x00,
    0x00, 0x00, 0x00, 0x00, 0x00, 0x00, 0x00, 0x00, 0x00, 0x00, 0x00, 0x00, 0x00, 0x00, 0x00, 0x00,
    0x00, 0x00, 0x00, 0x00, 0x00, 0x00, 0x00, 0x00, 0x00, 0x00, 0x00, 0x00, 0x00, 0x00, 0x00, 0x00,
    0x00, 0x00, 0x00, 0x00, 0x00, 0x00, 0x00, 0x00, 0x00, 0x00, 0x00, 0x00, 0x00, 0x00, 0x00, 0x00,
    0x00, 0x00, 0x00, 0x00, 0x00, 0x00, 0x00, 0x00, 0x00, 0x00, 0x00, 0x00, 0x80, 0x80, 0x00, 0x00,
    0x40, 0xc0, 0x90, 0xc0, 0x80, 0x00, 0x00, 0x00, 0x40, 0x00, 0x00, 0x00, 0x00, 0x00, 0x00, 0x00,
    0x00, 0x00, 0x00, 0x00, 0x00, 0x40, 0x00, 0x00, 0x14, 0x00, 0x00, 0x30, 0x20, 0x70, 0xb0, 0x18,
    0x7c, 0xda, 0x2c, 0x02, 0x00, 0x82, 0x08, 0xf1, 0xc3, 0x0b, 0x1e, 0x1c, 0x08, 0x8d, 0x68, 0xd0,
    0x00, 0x20, 0x50, 0xa0, 0x00, 0x10, 0xc0, 0x00, 0x00, 0x00, 0x00, 0x00, 0x00, 0x00, 0x00, 0x00,
    0x00, 0x00, 0x00, 0x00, 0x00, 0x00, 0x00, 0x00, 0x00, 0x00, 0x00, 0x00, 0x00, 0x00, 0x00, 0x00,
    0xb0, 0x70, 0x70, 0x70, 0x70, 0xf0, 0x20, 0x00, 0x00, 0x00, 0x00, 0x00, 0x00, 0x00, 0x00, 0x00,
    0x00, 0x00, 0x00, 0x00, 0x00, 0x00, 0x00, 0x00, 0x00, 0x00, 0x00, 0x00, 0x00, 0x00, 0x00, 0x00,
    0x00, 0x00, 0x00, 0x00, 0x00, 0x00, 0xc0, 0x80, 0x00, 0x00, 0x18, 0x38, 0x78, 0xf1, 0xfe, 0xfd,
    0xff, 0xfe, 0xef, 0x3f, 0xff, 0xff, 0xf0, 0x00, 0x00, 0x01, 0x0a, 0x28, 0xf2, 0xe0, 0x80, 0x00,
    0x00, 0x20, 0x40, 0xc0, 0x00, 0x80, 0x80, 0x80, 0x02, 0x80, 0x08, 0x10, 0x30, 0x68, 0xd0, 0x80,
    0x00, 0x80, 0x60, 0xf0, 0x7c, 0xf9, 0x73, 0x27, 0x07, 0x00, 0xc0, 0xfc, 0xfe, 0xff, 0x38, 0xff,
    0x7f, 0x7c, 0xf0, 0xc3, 0x86, 0x19, 0x73, 0x8e, 0x78, 0x60, 0x00, 0x03, 0x6b, 0x00, 0xfe, 0x18,
    0x80, 0x8c, 0xe0, 0x90, 0x20, 0x80, 0x00, 0x00, 0x00, 0x00, 0x80, 0x00, 0x00, 0x00, 0x00, 0x00,
    0x40, 0x40, 0x00, 0x80, 0x00, 0x40, 0x00, 0x20, 0x00, 0x80, 0x00, 0x40, 0x80, 0x00, 0x00, 0x00,
    0x00, 0x00, 0x00, 0x00, 0x00, 0x00, 0x00, 0x00, 0x00, 0x00, 0x00, 0x00, 0x00, 0x00, 0x00, 0x00,
    0x00, 0x00, 0x00, 0x00, 0x00, 0x21, 0xe3, 0xc7, 0xce, 0xdc, 0x9c, 0xfc, 0xf8, 0xd8, 0xf2, 0xe1,
    0xc7, 0x8b, 0x1f, 0x3f, 0x6d, 0xd7, 0x00, 0x00, 0x00, 0x00, 0x00, 0x00, 0x00, 0x01, 0x01, 0x02,
    0x08, 0x08, 0x10, 0x00, 0x01, 0x02, 0x06, 0x04, 0x0c, 0x11, 0x11, 0x22, 0x00, 0x00, 0x00, 0x03,
    0x07, 0x07, 0x9a, 0x3e, 0x1d, 0x09, 0x01, 0xc0, 0xe0, 0xfe, 0xe3, 0xfb, 0xfe, 0x77, 0xe0, 0xff,
    0x67, 0x00, 0xfb, 0x77, 0xfd, 0xfe, 0x78, 0x81, 0x80, 0x00, 0x0b, 0xfc, 0x00, 0x20, 0x09, 0x00,
    0x03, 0x83, 0x01, 0x01, 0x00, 0x41, 0x0b, 0x00, 0x00, 0x02, 0x00, 0x05, 0x01, 0x00, 0x83, 0x05,
    0x02, 0x01, 0x82, 0x10, 0x08, 0x00, 0x00, 0x00, 0x20, 0x00, 0x00, 0x80, 0x01, 0x0d, 0x08, 0x0a,
    0x00, 0x40, 0x10, 0xb0, 0x00, 0x00, 0x00, 0x00, 0x00, 0x00, 0x00, 0x00, 0x00, 0x00, 0x00, 0x00,
    0x10, 0x10, 0x90, 0x01, 0x8a, 0x8a, 0x4c, 0x4c, 0x4d, 0x4b, 0x4b, 0xaf, 0x2f, 0xe7, 0x4f, 0x5f,
    0xcf, 0xde, 0x9d, 0x78, 0x70, 0xb1, 0x4e, 0x40, 0x80, 0xc0, 0xc0, 0xc0, 0xe0, 0xe0, 0x60, 0x20,
    0xa0, 0xc0, 0xf0, 0xe0, 0xe0, 0xf0, 0xe0, 0xf0, 0x70, 0x70, 0x70, 0x58, 0x28, 0x28, 0x14, 0x1c,
    0x1c, 0x1c, 0x1e, 0x1e, 0x0c, 0x14, 0x1f, 0x3f, 0x3e, 0x3e, 0x1f, 0x17, 0x1c, 0x1f, 0x1d, 0x1d,
    0x15, 0x71, 0xf0, 0x9b, 0x3f, 0x77, 0xef, 0x4d, 0x19, 0xb9, 0x33, 0x12, 0x02, 0x02, 0x06, 0x0c,
    0x8d, 0x5c, 0x54, 0x60, 0xf0, 0xc4, 0x41, 0x63, 0x60, 0x80, 0x81, 0x80, 0x00, 0x80, 0x00, 0xc1,
    0xc4, 0xc0, 0xc0, 0x51, 0x42, 0x30, 0x20, 0x00, 0x20, 0x09, 0x18, 0x14, 0x54, 0x14, 0x02, 0xa2,
    0xa1, 0x41, 0x40, 0x00, 0x00, 0x00, 0x00, 0x00, 0x00, 0x00, 0x00, 0x00, 0x00, 0x00, 0x00, 0x00,
    0x0d, 0x04, 0x04, 0x12, 0x12, 0x08, 0x08, 0x04, 0x22, 0x12, 0x01, 0x08, 0x84, 0x84, 0x02, 0x23,
    0x01, 0x18, 0x04, 0x02, 0x01, 0x01, 0x06, 0x07, 0x03, 0x03, 0x03, 0x8f, 0x03, 0x00, 0x00, 0x03,
    0x03, 0x01, 0x03, 0x00, 0x01, 0x01, 0x00, 0x00, 0x00, 0x00, 0x00, 0x00, 0x00, 0x00, 0x00, 0x00,
    0x00, 0x08, 0x00, 0x00, 0x01, 0x01, 0x01, 0x00, 0x00, 0x00, 0x00, 0x3c, 0x3e, 0x0e, 0x80, 0x40,
    0x1c, 0x1c, 0x1c, 0x02, 0x00, 0x00, 0x08, 0x01, 0x00, 0x00, 0x03, 0x58, 0x20, 0x00, 0x00, 0x01,
    0x00, 0x00, 0x00, 0x08, 0x00, 0x00, 0x00, 0x00, 0x00, 0x00, 0x00, 0x00, 0x00, 0x00, 0x00, 0x00,
    0x00, 0x01, 0x00, 0x00, 0x01, 0x00, 0x01, 0x02, 0x00, 0x00, 0x00, 0x00, 0x00, 0x00, 0x00, 0x04,
    0x07, 0x03, 0x1e, 0x20, 0x00, 0x00, 0x00, 0x00, 0x00, 0x00, 0x00, 0x00, 0x00, 0x00, 0x00, 0x00
  },
  // Frame 67
  {
    0x00, 0x00, 0x00, 0x00, 0x00, 0x00, 0x00, 0x00, 0x00, 0x00, 0x00, 0x00, 0x00, 0x00, 0x00, 0x00,
    0x00, 0x40, 0x40, 0x00, 0x20, 0x20, 0x30, 0x30, 0x00, 0x08, 0x10, 0x30, 0x10, 0x10, 0x10, 0x14,
    0x13, 0x08, 0x12, 0x0d, 0x01, 0x01, 0x01, 0x02, 0x04, 0x04, 0x0d, 0x83, 0x02, 0x81, 0xcf, 0xc7,
    0x47, 0x83, 0xe6, 0xe6, 0x87, 0x84, 0x80, 0x00, 0x04, 0x01, 0x01, 0x05, 0x05, 0x01, 0x01, 0x01,
    0x00, 0x01, 0x05, 0x00, 0x00, 0x00, 0x00, 0x02, 0x00, 0x18, 0x00, 0x00, 0x00, 0x00, 0x00, 0x10,
    0x00, 0x00, 0x00, 0x00, 0x40, 0xa0, 0x20, 0x60, 0x00, 0x00, 0x00, 0x00, 0x00, 0x00, 0x00, 0x00,
    0x00, 0x00, 0x00, 0x00, 0x18, 0x00, 0x00, 0x00, 0x10, 0x00, 0x10, 0x00, 0x10, 0x10, 0x00, 0x10,
    0x00, 0x10, 0x10, 0x00, 0x00, 0x00, 0x10, 0x00, 0x00, 0x18, 0x00, 0x18, 0x00, 0x00, 0x00, 0x00,
    0x00, 0x00, 0x00, 0x00, 0x00, 0x00, 0x00, 0x04, 0x00, 0x00, 0x00, 0x00, 0x01, 0x00, 0x00, 0x00,
    0x00, 0x00, 0x00, 0x00, 0x00, 0x00, 0x00, 0x00, 0x00, 0x00, 0x00, 0x00, 0x00, 0x00, 0x00, 0x00,
    0x00, 0x00, 0x00, 0x00, 0x10, 0x20, 0x60, 0x82, 0xc0, 0xc4, 0xc4, 0xf4, 0xf4, 0x74, 0x97, 0x83,
    0x7f, 0xfb, 0xfc, 0xf3, 0xf2, 0xe0, 0x6a, 0xf2, 0xca, 0xc8, 0x4e, 0x3c, 0x10, 0x00, 0x00, 0x20,
    0x40, 0x80, 0x00, 0x00, 0x40, 0x40, 0x20, 0x01, 0x00, 0x00, 0x80, 0x00, 0x00, 0x02, 0x08, 0x00,
    0x00, 0x00, 0x00, 0x00, 0x00, 0x00, 0x00, 0x00, 0x00, 0x00, 0x00, 0x00, 0x00, 0x00, 0x00, 0x00,
    0x00, 0x00, 0x00, 0x00, 0x00, 0x00, 0x00, 0x00, 0x00, 0x00, 0x00, 0x00, 0x00, 0x00, 0x00, 0x00,
    0x00, 0x00, 0x00, 0x00, 0x00, 0x00, 0x00, 0x00, 0x00, 0x00, 0x00, 0x00, 0x00, 0x00, 0x00, 0x00,
    0x00, 0x00, 0x00, 0x01, 0x00, 0x00, 0x00, 0x00, 0x00, 0x00, 0x00, 0x00, 0x00, 0x00, 0x00, 0x00,
    0x00, 0x00, 0x00, 0x00, 0x00, 0x00, 0x00, 0x00, 0x00, 0x00, 0x00, 0x00, 0x00, 0x00, 0x00, 0x00,
    0x00, 0x00, 0x00, 0x00, 0x00, 0x00, 0x00, 0x40, 0x00, 0x03, 0x07, 0x03, 0x00, 0x00, 0x40, 0x00,
    0x40, 0x40, 0xe0, 0xe1, 0xe8, 0xf0, 0xf1, 0x30, 0x00, 0x0b, 0x01, 0x00, 0x00, 0x00, 0x00, 0x00,
    0x00, 0x00, 0x01, 0x00, 0x00, 0x01, 0x00, 0x00, 0x00, 0x00, 0x00, 0x00, 0x00, 0x00, 0x00, 0x00,
    0x00, 0x00, 0x00, 0x00, 0x00, 0x00, 0x00, 0x00, 0x00, 0x00, 0x00, 0x00, 0x00, 0x00, 0x00, 0x00,
    0x00, 0x00, 0x00, 0x00, 0x00, 0x00, 0x00, 0x00, 0x00, 0x00, 0x00, 0x00, 0x00, 0x00, 0x00, 0x00,
    0x00, 0x00, 0x00, 0x00, 0x00, 0x00, 0x00, 0x00, 0x00, 0x00, 0x00, 0x00, 0x00, 0x00, 0x00, 0x00,
    0x00, 0x00, 0x00, 0x00, 0x00, 0x00, 0x00, 0x00, 0x00, 0x00, 0x00, 0x00, 0x80, 0x80, 0x00, 0x00,
    0xc0, 0xc0, 0x90, 0xc0, 0x80, 0x00, 0x00, 0x00, 0x40, 0x00, 0x00, 0x00, 0x00, 0x00, 0x00, 0x00,
    0x00, 0x00, 0x00, 0x00, 0x00, 0x00, 0x00, 0x00, 0x14, 0x28, 0x00, 0x30, 0x20, 0x70, 0xb0, 0x18,
    0x7c, 0xda, 0x2c, 0x02, 0x00, 0x80, 0x08, 0xf1, 0xc1, 0x0b, 0x1e, 0x1c, 0x08, 0x8d, 0x68, 0xd0,
    0x00, 0x20, 0x50, 0xa0, 0x40, 0x10, 0xc0, 0x00, 0x00, 0x00, 0x00, 0x00, 0x00, 0x00, 0x00, 0x00,
    0x00, 0x00, 0x00, 0x00, 0x00, 0x00, 0x00, 0x00, 0x00, 0x00, 0x00, 0x00, 0x00, 0x00, 0x00, 0x00,
    0xc0, 0xc0, 0xc0, 0xc0, 0xc0, 0xc0, 0x80, 0x00, 0x00, 0x00, 0x00, 0x00, 0x00, 0x00, 0x00, 0x00,
    0x00, 0x00, 0x00, 0x00, 0x00, 0x00, 0x00, 0x00, 0x00, 0x00, 0x00, 0x00, 0x00, 0x00, 0x00, 0x00,
    0x00, 0x00, 0x00, 0x00, 0x00, 0x80, 0xc0, 0x00, 0x00, 0x08, 0x18, 0x38, 0x70, 0xf3, 0xff, 0xfd,
    0xfb, 0xf7, 0xcf, 0xff, 0xff, 0xff, 0x70, 0x00, 0x00, 0x01, 0x0a, 0x68, 0xf0, 0xe0, 0x80, 0x00,
    0x00, 0x20, 0x40, 0xc0, 0x00, 0x80, 0x80, 0x80, 0x02, 0x80, 0x08, 0x10, 0x30, 0x68, 0xd0, 0x80,
    0x00, 0x80, 0x60, 0xf0, 0x7c, 0xf9, 0x73, 0x27, 0x07, 0x00, 0xe0, 0xfc, 0xfe, 0xff, 0x30, 0xff,
    0x7f, 0x7c, 0xd1, 0x43, 0x8e, 0x1d, 0x73, 0x8e, 0x78, 0x60, 0x00, 0x03, 0x6b, 0x00, 0xfe, 0x18,
    0x80, 0x0c, 0x60, 0x90, 0x20, 0x80, 0x00, 0x00, 0x00, 0x00, 0x00, 0x00, 0x00, 0x00, 0x00, 0x00,
    0x00, 0x01, 0x01, 0x01, 0x01, 0x01, 0x00, 0x00, 0x00, 0x00, 0x00, 0x00, 0x00, 0x00, 0x00, 0x00,
    0x00, 0x00, 0x00, 0x00, 0x00, 0x00, 0x00, 0x00, 0x00, 0x00, 0x00, 0x00, 0x00, 0x00, 0x00, 0x00,
    0x00, 0x00, 0x00, 0x00, 0x20, 0x23, 0xc7, 0xcf, 0xce, 0x9c, 0xfc, 0xe8, 0xd9, 0xf1, 0xe3, 0xc5,
    0x8b, 0x0f, 0x37, 0x6e, 0xf7, 0x0f, 0x00, 0x00, 0x00, 0x00, 0x00, 0x00, 0x00, 0x00, 0x03, 0x02,
    0x08, 0x08, 0x00, 0x00, 0x00, 0x02, 0x06, 0x04, 0x0c, 0x11, 0x11, 0x22, 0x00, 0x00, 0x00, 0x03,
    0x07, 0x0f, 0x9e, 0x3e, 0x1d, 0x0b, 0x01, 0xe0, 0xe8, 0xff, 0xf7, 0xfb, 0xff, 0x37, 0xe0, 0xff,
    0xe7, 0xc0, 0xfb, 0xef, 0xfd, 0xfe, 0xf8, 0x81, 0x80, 0x01, 0x0b, 0xfc, 0x00, 0x00, 0x21, 0x10,
    0x0b, 0x0f, 0x07, 0x21, 0x40, 0x00, 0x8a, 0x00, 0xc4, 0x00, 0x0c, 0x08, 0x00, 0xd0, 0x20, 0x05,
    0x42, 0x41, 0x12, 0x24, 0x08, 0x08, 0x02, 0x12, 0x00, 0x00, 0x00, 0x80, 0x20, 0x09, 0x08, 0x1a,
    0x20, 0x10, 0x30, 0x20, 0x00, 0x00, 0x00, 0x00, 0x00, 0x00, 0x00, 0x00, 0x00, 0x00, 0x00, 0x00,
    0x90, 0x00, 0x91, 0x8a, 0x4a, 0x4c, 0x5c, 0x5d, 0x4b, 0x4b, 0xaf, 0x2f, 0x67, 0x5f, 0x5f, 0xcf,
    0xdf, 0xbd, 0x38, 0x70, 0xe1, 0xce, 0x40, 0x80, 0xc0, 0xc0, 0xc0, 0xc0, 0xc0, 0x40, 0x20, 0xa0,
    0xe0, 0x80, 0xc0, 0xc0, 0xe0, 0xe0, 0xe0, 0xe0, 0xf0, 0xb0, 0x70, 0x50, 0x08, 0x38, 0x30, 0x38,
    0x28, 0x2c, 0x0c, 0x2c, 0x3c, 0x3c, 0x7f, 0x7f, 0x7f, 0x3d, 0x39, 0x3b, 0x38, 0x38, 0x3b, 0xab,
    0xeb, 0xab, 0x78, 0xfe, 0xce, 0x9b, 0x3b, 0x33, 0x75, 0x64, 0x47, 0x04, 0x0c, 0x08, 0x1e, 0x30,
    0x25, 0x78, 0x12, 0x4c, 0xd0, 0xc4, 0x00, 0x00, 0x0c, 0x80, 0x00, 0x00, 0x00, 0x08, 0x01, 0x00,
    0x0c, 0x28, 0x60, 0x00, 0x40, 0x60, 0x08, 0x21, 0x02, 0x20, 0x00, 0x10, 0x10, 0x20, 0x28, 0xa0,
    0xa0, 0x44, 0x40, 0x00, 0x00, 0x00, 0x00, 0x00, 0x00, 0x00, 0x00, 0x00, 0x00, 0x00, 0x00, 0x00,
    0x04, 0x12, 0x12, 0x08, 0x09, 0x04, 0x24, 0x12, 0x13, 0x09, 0x00, 0x04, 0x46, 0x02, 0x03, 0x01,
    0x80, 0x44, 0x02, 0x01, 0x04, 0x06, 0x07, 0x07, 0x03, 0x07, 0xf7, 0x03, 0x00, 0x04, 0x07, 0x07,
    0x03, 0x01, 0x03, 0x01, 0x01, 0x01, 0x00, 0x00, 0x00, 0x00, 0x00, 0x00, 0x00, 0x00, 0x00, 0x00,
    0x00, 0x08, 0x00, 0x00, 0x00, 0x00, 0x00, 0x00, 0x00, 0x00, 0x00, 0x3c, 0x38, 0x08, 0x80, 0x40,
    0x19, 0x39, 0x1e, 0x00, 0x00, 0x00, 0x08, 0x00, 0x00, 0x00, 0x03, 0x58, 0x20, 0x00, 0x00, 0x03,
    0x00, 0x00, 0x00, 0x0c, 0x00, 0x00, 0x00, 0x00, 0x00, 0x00, 0x00, 0x00, 0x00, 0x00, 0x00, 0x00,
    0x01, 0x01, 0x00, 0x00, 0x01, 0x00, 0x00, 0x02, 0x00, 0x00, 0x00, 0x00, 0x00, 0x00, 0x00, 0x01,
    0x0f, 0x05, 0x2e, 0x20, 0x00, 0x00, 0x00, 0x00, 0x00, 0x00, 0x00, 0x00, 0x00, 0x00, 0x00, 0x00
  },
  // Frame 68
  {
    0x00, 0x00, 0x00, 0x00, 0x00, 0x00, 0x00, 0x00, 0x00, 0x00, 0x00, 0x00, 0x00, 0x00, 0x00, 0x00,
    0x00, 0x40, 0x40, 0x00, 0x20, 0x20, 0x30, 0x30, 0x00, 0x08, 0x10, 0x30, 0x10, 0x10, 0x10, 0x14,
    0x13, 0x08, 0x10, 0x0d, 0x01, 0x01, 0x01, 0x02, 0x04, 0x04, 0x0d, 0x87, 0x02, 0x81, 0xcf, 0xc7,
    0x47, 0x83, 0xc6, 0xc6, 0x87, 0x84, 0x80, 0x00, 0x04, 0x01, 0x01, 0x05, 0x01, 0x00, 0x01, 0x01,
    0x00, 0x01, 0x01, 0x04, 0x00, 0x04, 0x02, 0x02, 0x00, 0x08, 0x00, 0x04, 0x00, 0x00, 0x00, 0x10,
    0x00, 0x00, 0x00, 0x00, 0x40, 0x00, 0x00, 0x00, 0x00, 0x00, 0x00, 0x00, 0x00, 0x00, 0x00, 0x00,
    0x00, 0x00, 0x00, 0x00, 0x18, 0x00, 0x00, 0x00, 0x10, 0x00, 0x10, 0x00, 0x10, 0x10, 0x00, 0x10,
    0x00, 0x10, 0x10, 0x00, 0x00, 0x00, 0x10, 0x00, 0x00, 0x18, 0x00, 0x18, 0x00, 0x00, 0x00, 0x00,
    0x00, 0x00, 0x00, 0x00, 0x00, 0x00, 0x00, 0x04, 0x00, 0x00, 0x00, 0x00, 0x00, 0x00, 0x00, 0x00,
    0x00, 0x00, 0x00, 0x00, 0x00, 0x00, 0x00, 0x00, 0x00, 0x00, 0x00, 0x00, 0x00, 0x00, 0x00, 0x00,
    0x00, 0x00, 0x00, 0x00, 0x10, 0x20, 0x60, 0x82, 0xc0, 0xc4, 0xc4, 0xe4, 0xf4, 0x74, 0x97, 0x83,
    0x7f, 0xfb, 0xfc, 0xf3, 0xf2, 0xe0, 0x6a, 0x52, 0xd6, 0xf8, 0x6e, 0x3c, 0x10, 0x00, 0x00, 0x20,
    0x40, 0x80, 0x40, 0x00, 0x40, 0x40, 0x20, 0x41, 0x00, 0x00, 0x80, 0x00, 0x00, 0x00, 0x08, 0x00,
    0x00, 0x00, 0x00, 0x00, 0x00, 0x00, 0x00, 0x00, 0x00, 0x00, 0x00, 0x00, 0x00, 0x00, 0x00, 0x00,
    0x00, 0x00, 0x00, 0x00, 0x00, 0x00, 0x00, 0x00, 0x00, 0x00, 0x00, 0x00, 0x00, 0x00, 0x00, 0x00,
    0x00, 0x00, 0x00, 0x00, 0x00, 0x00, 0x00, 0x00, 0x00, 0x00, 0x00, 0x00, 0x00, 0x00, 0x00, 0x00,
    0x00, 0x00, 0x00, 0x01, 0x00, 0x00, 0x00, 0x00, 0x00, 0x00, 0x00, 0x00, 0x00, 0x00, 0x00, 0x00,
    0x00, 0x00, 0x00, 0x00, 0x00, 0x00, 0x00, 0x00, 0x00, 0x00, 0x00, 0x00, 0x00, 0x00, 0x00, 0x00,
    0x00, 0x00, 0x00, 0x00, 0x00, 0x00, 0x00, 0x40, 0x00, 0x03, 0x07, 0x03, 0x00, 0x00, 0x40, 0x00,
    0x40, 0x40, 0xe0, 0xe1, 0xe0, 0xf1, 0xf1, 0x30, 0x00, 0x0b, 0x03, 0x00, 0x00, 0x00, 0x00, 0x00,
    0x00, 0x00, 0x01, 0x00, 0x00, 0x01, 0x00, 0x00, 0x00, 0x00, 0x00, 0x00, 0x00, 0x00, 0x00, 0x00,
    0x00, 0x00, 0x00, 0x00, 0x00, 0x00, 0x00, 0x00, 0x00, 0x00, 0x00, 0x00, 0x00, 0x00, 0x00, 0x00,
    0x00, 0x00, 0x00, 0x00, 0x00, 0x00, 0x00, 0x00, 0x00, 0x00, 0x00, 0x00, 0x00, 0x00, 0x00, 0x00,
    0x00, 0x00, 0x00, 0x00, 0x00, 0x00, 0x00, 0x00, 0x00, 0x00, 0x00, 0x00, 0x00, 0x00, 0x00, 0x00,
    0x00, 0x00, 0x00, 0x00, 0x00, 0x00, 0x00, 0x00, 0x00, 0x00, 0x00, 0x00, 0x80, 0x80, 0x00, 0x00,
    0xc0, 0x80, 0x90, 0xc0, 0x00, 0x00, 0x00, 0x00, 0xc0, 0x00, 0x00, 0x00, 0x00, 0x00, 0x00, 0x00,
    0x00, 0x00, 0x00, 0x00, 0x00, 0x00, 0x00, 0x00, 0x14, 0x28, 0x00, 0x30, 0x30, 0x70, 0xb0, 0x98,
    0xfc, 0xda, 0x2c, 0x02, 0x00, 0x80, 0x08, 0xf1, 0xc3, 0x0b, 0x1e, 0x1c, 0x08, 0x85, 0x68, 0xd0,
    0x00, 0x60, 0x50, 0xa0, 0x40, 0x00, 0xc0, 0x00, 0x00, 0x00, 0x00, 0x00, 0x00, 0x00, 0x00, 0x00,
    0x00, 0x00, 0x00, 0x00, 0x00, 0x00, 0x00, 0x00, 0x00, 0x00, 0x00, 0x00, 0x00, 0x00, 0x00, 0x00,
    0x00, 0x00, 0x00, 0x00, 0x00, 0x00, 0x00, 0x00, 0x00, 0x00, 0x00, 0x00, 0x00, 0x00, 0x00, 0x00,
    0x00, 0x00, 0x00, 0x00, 0x00, 0x00, 0x00, 0x00, 0x00, 0x00, 0x00, 0x00, 0x00, 0x00, 0x00, 0x00,
    0x00, 0x00, 0x00, 0x00, 0xc0, 0xc0, 0x80, 0x00, 0x08, 0x18, 0x78, 0xf8, 0xf1, 0xf3, 0xff, 0xff,
    0xff, 0xfd, 0x7f, 0xfd, 0xff, 0xfe, 0x00, 0x00, 0x00, 0x03, 0x10, 0x58, 0x70, 0xc0, 0x80, 0x00,
    0x00, 0x00, 0x40, 0x40, 0x00, 0x80, 0x80, 0x82, 0x02, 0x84, 0x08, 0x10, 0x30, 0x68, 0xd0, 0x80,
    0x00, 0x0c, 0x60, 0xf8, 0xfc, 0xf9, 0x73, 0x27, 0x07, 0x00, 0xe0, 0xfc, 0xfe, 0xff, 0x20, 0xff,
    0x7f, 0x7c, 0xf1, 0xc3, 0x0e, 0x19, 0xf3, 0x0e, 0x30, 0xe0, 0x00, 0x03, 0x6b, 0x00, 0xfe, 0x18,
    0x80, 0x04, 0x60, 0x90, 0x00, 0x80, 0x00, 0x00, 0x00, 0x00, 0x00, 0x00, 0x00, 0x00, 0x00, 0x28,
    0x1c, 0x1c, 0x1c, 0x1c, 0x1c, 0x3c, 0x00, 0x00, 0x00, 0x00, 0x00, 0x00, 0x00, 0x00, 0x00, 0x00,
    0x00, 0x00, 0x00, 0x00, 0x00, 0x00, 0x00, 0x00, 0x00, 0x00, 0x00, 0x00, 0x00, 0x00, 0x00, 0x00,
    0x00, 0x00, 0x00, 0x50, 0x63, 0xe7, 0xcf, 0xde, 0xfc, 0xfc, 0xf8, 0xf0, 0x71, 0xe2, 0x85, 0x0b,
    0x17, 0x7f, 0xdc, 0x07, 0x0f, 0x00, 0x00, 0x00, 0x00, 0x00, 0x00, 0x00, 0x00, 0x00, 0x03, 0x06,
    0x08, 0x10, 0x00, 0x00, 0x00, 0x01, 0x02, 0x06, 0x0c, 0x01, 0x13, 0x22, 0x00, 0x00, 0x01, 0x03,
    0x07, 0x0f, 0x9e, 0x3c, 0x1d, 0x0a, 0x01, 0xe0, 0xfc, 0xff, 0xf7, 0xff, 0x7f, 0x37, 0xe0, 0xff,
    0xe6, 0xc0, 0xff, 0xcf, 0xff, 0xde, 0xf0, 0x81, 0x00, 0x01, 0x1b, 0xfc, 0x00, 0x00, 0x61, 0x10,
    0x0b, 0x8f, 0x47, 0x61, 0x70, 0x7c, 0x3e, 0x20, 0xc0, 0x00, 0x00, 0x00, 0x80, 0x00, 0x00, 0x40,
    0x00, 0x00, 0x20, 0x00, 0x80, 0x00, 0x00, 0x20, 0x40, 0x00, 0x80, 0x00, 0x00, 0x00, 0x00, 0x00,
    0x00, 0x00, 0x00, 0x00, 0x00, 0x00, 0x00, 0x00, 0x00, 0x00, 0x00, 0x00, 0x00, 0x00, 0x00, 0x00,
    0x88, 0x49, 0x5a, 0x5e, 0x5c, 0x5d, 0x5f, 0x6b, 0xaf, 0xa7, 0x07, 0x1f, 0x0f, 0x3f, 0x1f, 0xbe,
    0xf8, 0xf0, 0x0f, 0x80, 0x80, 0x00, 0x80, 0x80, 0x80, 0x80, 0x80, 0x80, 0x80, 0x80, 0x40, 0x80,
    0x80, 0x00, 0x80, 0x80, 0x80, 0xc0, 0xc0, 0xc0, 0x40, 0x40, 0x00, 0xe0, 0xe0, 0xe0, 0xe0, 0x60,
    0xf0, 0xf0, 0xf0, 0xe0, 0xe0, 0xfc, 0xff, 0xef, 0xef, 0xef, 0xef, 0xef, 0xe0, 0xee, 0xaf, 0xef,
    0xf7, 0xf7, 0x17, 0xf7, 0xdf, 0xdf, 0xbf, 0x2f, 0x3f, 0x30, 0x5f, 0xc0, 0xc0, 0x80, 0x20, 0xc0,
    0x04, 0x08, 0x23, 0x0c, 0x30, 0x00, 0x00, 0x04, 0x00, 0x10, 0x01, 0x00, 0x10, 0x28, 0x00, 0x04,
    0x08, 0x60, 0x00, 0x00, 0x00, 0x28, 0x00, 0x42, 0x04, 0x00, 0x00, 0x01, 0x02, 0x02, 0x40, 0x80,
    0x80, 0x42, 0x00, 0x04, 0x00, 0x00, 0x00, 0x00, 0x00, 0x00, 0x00, 0x00, 0x00, 0x00, 0x00, 0x00,
    0x0a, 0x09, 0x25, 0x24, 0x12, 0x12, 0x0b, 0x81, 0x08, 0x44, 0x06, 0x26, 0x11, 0x83, 0x49, 0x04,
    0x06, 0x01, 0x0d, 0x0e, 0x07, 0x07, 0x07, 0xaf, 0x07, 0x07, 0x03, 0x0d, 0x0e, 0x07, 0x03, 0x07,
    0x07, 0x03, 0x03, 0x03, 0x01, 0x01, 0x01, 0x05, 0x00, 0x00, 0x00, 0x00, 0x00, 0x00, 0x00, 0x00,
    0x00, 0x00, 0x00, 0x00, 0x00, 0x01, 0x01, 0x01, 0x00, 0x00, 0x40, 0x20, 0x00, 0x06, 0x8f, 0x40,
    0x03, 0x27, 0x06, 0x00, 0x01, 0x01, 0x03, 0x03, 0x00, 0x00, 0x00, 0x78, 0x20, 0x01, 0x01, 0x00,
    0x00, 0x00, 0x00, 0x00, 0x00, 0x00, 0x04, 0x04, 0x00, 0x00, 0x00, 0x04, 0x04, 0x04, 0x00, 0x00,
    0x00, 0x04, 0x04, 0x04, 0x04, 0x00, 0x02, 0x02, 0x02, 0x02, 0x01, 0x01, 0x01, 0x01, 0x00, 0x0b,
    0x0d, 0x18, 0x6c, 0x00, 0x00, 0x00, 0x00, 0x00, 0x00, 0x00, 0x00, 0x00, 0x00, 0x00, 0x00, 0x00
  },
  // Frame 69
  {
    0x00, 0x00, 0x00, 0x00, 0x00, 0x00, 0x00, 0x00, 0x00, 0x00, 0x00, 0x00, 0x00, 0x00, 0x00, 0x00,
    0x00, 0x40, 0x40, 0x00, 0x20, 0x20, 0x30, 0x30, 0x00, 0x08, 0x10, 0x30, 0x10, 0x10, 0x10, 0x14,
    0x13, 0x08, 0x12, 0x0d, 0x01, 0x01, 0x01, 0x02, 0x04, 0x00, 0x0d, 0x87, 0x02, 0x81, 0xcf, 0xc7,
    0x47, 0x83, 0xe6, 0x46, 0x87, 0x84, 0x80, 0x00, 0x00, 0x01, 0x01, 0x01, 0x01, 0x01, 0x01, 0x00,
    0x00, 0x01, 0x01, 0x04, 0x00, 0x04, 0x02, 0x06, 0x00, 0x0c, 0x00, 0x04, 0x04, 0x00, 0x00, 0x10,
    0x00, 0x00, 0x00, 0x00, 0x40, 0x00, 0x00, 0x00, 0x00, 0x00, 0x00, 0x00, 0x00, 0x00, 0x00, 0x00,
    0x00, 0x00, 0x00, 0x00, 0x18, 0x00, 0x00, 0x00, 0x10, 0x00, 0x10, 0x00, 0x10, 0x10, 0x00, 0x10,
    0x00, 0x10, 0x10, 0x00, 0x00, 0x00, 0x10, 0x00, 0x00, 0x18, 0x00, 0x18, 0x00, 0x00, 0x00, 0x00,
    0x00, 0x00, 0x00, 0x00, 0x00, 0x00, 0x00, 0x04, 0x00, 0x00, 0x00, 0x00, 0x00, 0x02, 0x00, 0x00,
    0x00, 0x00, 0x00, 0x00, 0x00, 0x00, 0x00, 0x00, 0x00, 0x00, 0x00, 0x00, 0x00, 0x00, 0x00, 0x00,
    0x00, 0x00, 0x00, 0x00, 0x10, 0x20, 0x60, 0x82, 0xc0, 0xc4, 0xc4, 0xe4, 0xf4, 0x74, 0x9f, 0x83,
    0x7f, 0xfb, 0xfc, 0xf3, 0xf2, 0xe0, 0x6a, 0x52, 0xd6, 0xf8, 0x6e, 0x3c, 0x10, 0x00, 0x00, 0x20,
    0x40, 0x80, 0x40, 0x00, 0x40, 0x40, 0x20, 0x41, 0x00, 0x00, 0x80, 0x00, 0x00, 0x00, 0x08, 0x00,
    0x00, 0x00, 0x00, 0x00, 0x00, 0x00, 0x00, 0x00, 0x00, 0x00, 0x00, 0x00, 0x00, 0x00, 0x00, 0x00,
    0x00, 0x00, 0x00, 0x00, 0x00, 0x00, 0x00, 0x00, 0x00, 0x00, 0x00, 0x00, 0x00, 0x00, 0x00, 0x00,
    0x00, 0x00, 0x00, 0x00, 0x00, 0x00, 0x00, 0x00, 0x00, 0x00, 0x00, 0x00, 0x00, 0x00, 0x00, 0x00,
    0x00, 0x00, 0x00, 0x01, 0x00, 0x00, 0x00, 0x00, 0x00, 0x00, 0x00, 0x00, 0x00, 0x00, 0x00, 0x00,
    0x00, 0x00, 0x00, 0x00, 0x00, 0x00, 0x00, 0x00, 0x00, 0x00, 0x00, 0x00, 0x00, 0x00, 0x00, 0x00,
    0x00, 0x00, 0x00, 0x00, 0x00, 0x00, 0x00, 0x40, 0x00, 0x03, 0x07, 0x03, 0x00, 0x00, 0x40, 0x00,
    0x40, 0x40, 0xe0, 0xe1, 0xe0, 0xf1, 0xf1, 0x30, 0x00, 0x0b, 0x03, 0x00, 0x00, 0x00, 0x00, 0x00,
    0x00, 0x00, 0x01, 0x00, 0x00, 0x01, 0x00, 0x00, 0x00, 0x00, 0x00, 0x00, 0x00, 0x00, 0x00, 0x00,
    0x00, 0x00, 0x00, 0x00, 0x00, 0x00, 0x00, 0x00, 0x00, 0x00, 0x00, 0x00, 0x00, 0x00, 0x00, 0x00,
    0x00, 0x00, 0x00, 0x00, 0x00, 0x00, 0x00, 0x00, 0x00, 0x00, 0x00, 0x00, 0x00, 0x00, 0x00, 0x00,
    0x00, 0x00, 0x00, 0x00, 0x00, 0x00, 0x00, 0x00, 0x00, 0x00, 0x00, 0x00, 0x00, 0x00, 0x00, 0x00,
    0x00, 0x00, 0x00, 0x00, 0x00, 0x00, 0x00, 0x00, 0x00, 0x00, 0x00, 0x00, 0x80, 0x80, 0x00, 0x00,
    0xc0, 0x80, 0x90, 0xc0, 0x00, 0x00, 0x00, 0x00, 0xc0, 0x00, 0x00, 0x00, 0x00, 0x00, 0x00, 0x00,
    0x00, 0x00, 0x00, 0x00, 0x00, 0x00, 0x00, 0x00, 0x14, 0x28, 0x00, 0x30, 0x30, 0x70, 0xb0, 0x98,
    0xfc, 0xda, 0x2c, 0x06, 0x00, 0x00, 0x08, 0xf1, 0xc3, 0x0b, 0x1e, 0x1c, 0x08, 0x8d, 0x68, 0xd0,
    0x00, 0x60, 0x50, 0xa0, 0x40, 0x80, 0xc0, 0x00, 0x00, 0x00, 0x00, 0x00, 0x00, 0x00, 0x00, 0x00,
    0x00, 0x00, 0x00, 0x00, 0x00, 0x00, 0x00, 0x00, 0x00, 0x00, 0x00, 0x00, 0x00, 0x00, 0x00, 0x00,
    0x00, 0x00, 0x00, 0x00, 0x00, 0x00, 0x00, 0x00, 0x00, 0x00, 0x00, 0x00, 0x00, 0x00, 0x00, 0x00,
    0x00, 0x00, 0x00, 0x00, 0x00, 0x00, 0x00, 0x00, 0x00, 0x00, 0x00, 0x00, 0x00, 0x00, 0x00, 0x00,
    0x00, 0x00, 0x00, 0x80, 0xc0, 0xc0, 0x80, 0x00, 0x08, 0x18, 0x38, 0x78, 0xf1, 0xfe, 0xff, 0xff,
    0xf6, 0xcf, 0xff, 0xfd, 0xff, 0xfe, 0x00, 0x00, 0x00, 0x03, 0x14, 0xd8, 0x70, 0xc0, 0x80, 0x00,
    0x00, 0x00, 0x40, 0x40, 0x00, 0x80, 0x80, 0x82, 0x82, 0x84, 0x0c, 0x10, 0x30, 0x68, 0xd0, 0x80,
    0x00, 0x4c, 0x60, 0xf8, 0xfc, 0xf9, 0x73, 0x2f, 0x03, 0x00, 0xe0, 0xfc, 0xfe, 0xff, 0x20, 0xff,
    0x7f, 0x7c, 0xf1, 0xc3, 0x0e, 0x09, 0xf3, 0x0e, 0x30, 0x60, 0x00, 0x03, 0x6a, 0x00, 0xfe, 0x18,
    0xc0, 0x04, 0x60, 0x90, 0x00, 0x80, 0x00, 0x00, 0x00, 0x00, 0x00, 0x00, 0x00, 0x00, 0x80, 0x60,
    0xf0, 0xf0, 0xf0, 0xf0, 0xe0, 0x60, 0x00, 0x00, 0x00, 0x00, 0x00, 0x00, 0x00, 0x00, 0x00, 0x00,
    0x00, 0x00, 0x00, 0x00, 0x00, 0x00, 0x00, 0x00, 0x00, 0x00, 0x00, 0x00, 0x00, 0x00, 0x00, 0x00,
    0x00, 0x00, 0x10, 0xe1, 0xe7, 0xc7, 0xcf, 0xfe, 0xfc, 0xec, 0xd8, 0xf0, 0xe2, 0x83, 0x0f, 0x1f,
    0x7f, 0xff, 0x01, 0x0f, 0x17, 0x00, 0x00, 0x00, 0x00, 0x00, 0x00, 0x00, 0x00, 0x00, 0x07, 0x06,
    0x0c, 0x10, 0x00, 0x00, 0x00, 0x01, 0x03, 0x06, 0x0d, 0x11, 0x11, 0x02, 0x00, 0x00, 0x01, 0x03,
    0x07, 0x0f, 0x9e, 0x3c, 0x1d, 0x0a, 0x81, 0xe0, 0xfc, 0xff, 0xff, 0xff, 0x3f, 0x37, 0xe0, 0xff,
    0xe6, 0xc0, 0xff, 0xcf, 0xff, 0xde, 0xf0, 0x81, 0x00, 0x01, 0x1b, 0x7c, 0x00, 0x00, 0x61, 0x10,
    0x0b, 0x8f, 0x47, 0xe1, 0xf0, 0xfc, 0xfe, 0xe0, 0x80, 0x00, 0x00, 0x00, 0x00, 0x00, 0x00, 0x00,
    0x00, 0x01, 0x00, 0x00, 0x00, 0x00, 0x00, 0x00, 0x00, 0x00, 0x00, 0x00, 0x00, 0x00, 0x00, 0x00,
    0x00, 0x00, 0x00, 0x00, 0x00, 0x00, 0x00, 0x00, 0x00, 0x00, 0x00, 0x00, 0x00, 0x00, 0x00, 0x00,
    0x49, 0x4b, 0x56, 0x56, 0x5d, 0x5d, 0x6b, 0xaf, 0xaf, 0x87, 0x1f, 0x8f, 0xbf, 0x1f, 0x7e, 0xf0,
    0xe0, 0xcf, 0x80, 0x80, 0x80, 0x00, 0x00, 0x00, 0x80, 0x80, 0x80, 0x80, 0x80, 0x80, 0x00, 0x00,
    0x00, 0x00, 0x00, 0x80, 0x80, 0x80, 0x80, 0x80, 0x00, 0x00, 0x80, 0x80, 0x80, 0xc0, 0xc0, 0xc0,
    0x80, 0x80, 0x00, 0x40, 0x90, 0x9c, 0x9f, 0x9f, 0xff, 0x9f, 0xbf, 0xbf, 0xe0, 0x7e, 0xdf, 0xdf,
    0xdf, 0xdf, 0xff, 0xbf, 0x1f, 0x7f, 0x7f, 0x7f, 0xbf, 0xf0, 0xff, 0x00, 0x40, 0x00, 0xa0, 0xc0,
    0x82, 0x40, 0x85, 0x01, 0x07, 0x00, 0x00, 0x81, 0x00, 0x04, 0x00, 0x00, 0x10, 0x20, 0x43, 0x00,
    0x00, 0x00, 0x01, 0x80, 0x08, 0x00, 0x80, 0x00, 0x00, 0x00, 0x10, 0x08, 0x00, 0x02, 0x00, 0x00,
    0x00, 0x10, 0x40, 0x00, 0x00, 0x00, 0x00, 0x00, 0x00, 0x00, 0x00, 0x00, 0x00, 0x00, 0x00, 0x00,
    0x0d, 0x24, 0x04, 0x16, 0x12, 0x0b, 0x84, 0x0d, 0x44, 0x04, 0x22, 0x13, 0x83, 0x49, 0x05, 0x00,
    0x02, 0x09, 0x0d, 0x0e, 0x0f, 0x0f, 0x8f, 0x1f, 0x03, 0x03, 0x09, 0x0d, 0x0e, 0x0e, 0x07, 0x0f,
    0x07, 0x07, 0x07, 0x03, 0x03, 0x03, 0x03, 0x00, 0x00, 0x01, 0x01, 0x01, 0x01, 0x00, 0x00, 0x01,
    0x01, 0x01, 0x01, 0x01, 0x01, 0x01, 0x02, 0x03, 0x03, 0x02, 0x01, 0x07, 0x1f, 0x1f, 0x81, 0x47,
    0x0f, 0x0c, 0x01, 0x03, 0x17, 0x17, 0x16, 0x00, 0x00, 0x00, 0x01, 0x73, 0x07, 0x06, 0x0c, 0x02,
    0x01, 0x00, 0x03, 0x00, 0x00, 0x00, 0x00, 0x13, 0x14, 0x14, 0x10, 0x13, 0x15, 0x17, 0x10, 0x10,
    0x15, 0x15, 0x00, 0x08, 0x08, 0x0c, 0x08, 0x0a, 0x08, 0x04, 0x04, 0x04, 0x00, 0x00, 0x02, 0x0e,
    0x14, 0x95, 0x20, 0x00, 0x00, 0x00, 0x00, 0x00, 0x00, 0x00, 0x00, 0x00, 0x00, 0x00, 0x00, 0x00
  },
  // Frame 70
  {
    0x00, 0x00, 0x00, 0x00, 0x00, 0x00, 0x00, 0x00, 0x00, 0x00, 0x00, 0x00, 0x00, 0x00, 0x00, 0x00,
    0x00, 0x40, 0x40, 0x00, 0x60, 0x20, 0x30, 0x70, 0x00, 0x08, 0x00, 0x20, 0x10, 0x10, 0x10, 0x10,
    0x12, 0x08, 0x12, 0x0f, 0x00, 0x01, 0x01, 0x03, 0x04, 0x05, 0x0f, 0x83, 0x02, 0x81, 0xc7, 0xcf,
    0x47, 0x87, 0xc6, 0xc6, 0x87, 0x86, 0x83, 0x01, 0x00, 0x01, 0x01, 0x01, 0x01, 0x00, 0x01, 0x01,
    0x00, 0x01, 0x01, 0x04, 0x00, 0x06, 0x02, 0x04, 0x04, 0x0c, 0x00, 0x04, 0x00, 0x00, 0x00, 0x10,
    0x00, 0x00, 0x08, 0x00, 0x40, 0x00, 0x00, 0x00, 0x00, 0x00, 0x00, 0x00, 0x00, 0x00, 0x00, 0x00,
    0x00, 0x00, 0x00, 0x00, 0x18, 0x00, 0x00, 0x00, 0x10, 0x00, 0x10, 0x00, 0x10, 0x10, 0x00, 0x10,
    0x00, 0x10, 0x10, 0x00, 0x00, 0x00, 0x10, 0x00, 0x00, 0x18, 0x00, 0x18, 0x00, 0x00, 0x00, 0x00,
    0x00, 0x00, 0x00, 0x00, 0x00, 0x00, 0x00, 0x04, 0x00, 0x00, 0x00, 0x00, 0x00, 0x00, 0x00, 0x00,
    0x00, 0x00, 0x00, 0x00, 0x00, 0x00, 0x00, 0x00, 0x00, 0x00, 0x00, 0x00, 0x00, 0x00, 0x00, 0x00,
    0x00, 0x00, 0x00, 0x00, 0x10, 0x20, 0x60, 0x82, 0xc0, 0xc4, 0xc4, 0xf4, 0xf4, 0x74, 0x9f, 0x83,
    0x7f, 0xfb, 0xfc, 0xf3, 0xf2, 0xe0, 0x6a, 0x52, 0xd2, 0xf8, 0x6e, 0xbc, 0x30, 0x00, 0x00, 0x00,
    0x40, 0xe0, 0x40, 0x00, 0x40, 0x40, 0x20, 0x01, 0x00, 0x20, 0x80, 0x00, 0x00, 0x00, 0x08, 0x00,
    0x00, 0x00, 0x00, 0x00, 0x00, 0x00, 0x00, 0x00, 0x00, 0x00, 0x00, 0x00, 0x00, 0x00, 0x00, 0x00,
    0x00, 0x00, 0x00, 0x00, 0x00, 0x00, 0x00, 0x00, 0x00, 0x00, 0x00, 0x00, 0x00, 0x00, 0x00, 0x00,
    0x00, 0x00, 0x00, 0x00, 0x00, 0x00, 0x00, 0x00, 0x00, 0x00, 0x00, 0x00, 0x00, 0x00, 0x00, 0x00,
    0x00, 0x00, 0x00, 0x00, 0x00, 0x00, 0x00, 0x00, 0x00, 0x00, 0x00, 0x00, 0x00, 0x00, 0x00, 0x00,
    0x00, 0x00, 0x00, 0x00, 0x00, 0x00, 0x00, 0x00, 0x00, 0x00, 0x00, 0x00, 0x00, 0x00, 0x00, 0x00,
    0x00, 0x00, 0x00, 0x00, 0x00, 0x00, 0x00, 0x40, 0x00, 0x03, 0x07, 0x03, 0x00, 0x00, 0x40, 0x00,
    0x40, 0x40, 0xe0, 0xe1, 0xe0, 0xf1, 0xf1, 0x30, 0x00, 0x0b, 0x03, 0x00, 0x00, 0x00, 0x00, 0x00,
    0x00, 0x00, 0x00, 0x00, 0x00, 0x01, 0x00, 0x00, 0x00, 0x00, 0x00, 0x00, 0x00, 0x00, 0x00, 0x00,
    0x00, 0x00, 0x00, 0x00, 0x00, 0x00, 0x00, 0x00, 0x00, 0x00, 0x00, 0x00, 0x00, 0x00, 0x00, 0x00,
    0x00, 0x00, 0x00, 0x00, 0x00, 0x00, 0x00, 0x00, 0x00, 0x00, 0x00, 0x00, 0x00, 0x00, 0x00, 0x00,
    0x00, 0x00, 0x00, 0x00, 0x00, 0x00, 0x00, 0x00, 0x00, 0x00, 0x00, 0x00, 0x00, 0x00, 0x00, 0x00,
    0x00, 0x00, 0x00, 0x00, 0x00, 0x00, 0x00, 0x00, 0x00, 0x00, 0x00, 0x00, 0x80, 0x80, 0x00, 0x00,
    0xc0, 0x80, 0x90, 0xc0, 0x00, 0x00, 0x00, 0x00, 0x00, 0x80, 0x00, 0x00, 0x00, 0x00, 0x00, 0x00,
    0x00, 0x00, 0x00, 0x00, 0x00, 0x00, 0x00, 0x00, 0x10, 0x28, 0x00, 0x30, 0x30, 0x70, 0xb0, 0x98,
    0xfc, 0xda, 0x2c, 0x04, 0x00, 0x00, 0x48, 0xf1, 0xc3, 0x0b, 0x1e, 0x1c, 0x08, 0x8d, 0x48, 0xd0,
    0x00, 0x20, 0x50, 0x20, 0x00, 0xa0, 0xc0, 0x00, 0x00, 0x00, 0x00, 0x00, 0x00, 0x00, 0x00, 0x00,
    0x00, 0x00, 0x00, 0x00, 0x00, 0x00, 0x00, 0x00, 0x00, 0x00, 0x00, 0x00, 0x00, 0x00, 0x00, 0x00,
    0x00, 0x00, 0x00, 0x00, 0x00, 0x00, 0x00, 0x00, 0x00, 0x00, 0x00, 0x00, 0x00, 0x00, 0x00, 0x00,
    0x00, 0x00, 0x00, 0x00, 0x00, 0x00, 0x00, 0x00, 0x00, 0x00, 0x00, 0x00, 0x00, 0x00, 0x00, 0x00,
    0x00, 0x00, 0x00, 0xc0, 0xc0, 0xc0, 0x80, 0x00, 0x1c, 0x18, 0x38, 0x78, 0xf1, 0xfe, 0xfd, 0xfb,
    0xfe, 0x1f, 0xff, 0xff, 0xff, 0x70, 0x00, 0x00, 0x00, 0x07, 0x34, 0xf9, 0x70, 0xc0, 0x80, 0x00,
    0x00, 0x00, 0x00, 0x40, 0x00, 0x80, 0x80, 0x82, 0x82, 0x04, 0x0c, 0x10, 0x30, 0x60, 0xd0, 0x80,
    0x00, 0x4c, 0x60, 0xf8, 0xfc, 0xf9, 0x73, 0x2f, 0x03, 0x00, 0xe0, 0xfc, 0x7c, 0xff, 0x20, 0xff,
    0x7f, 0x7c, 0xf1, 0xc3, 0x0e, 0x09, 0xf3, 0x0e, 0xb0, 0xe0, 0x00, 0x03, 0xea, 0x00, 0xfe, 0x38,
    0xc0, 0x04, 0x60, 0x90, 0x00, 0x80, 0x00, 0x00, 0x00, 0x00, 0x00, 0x00, 0x00, 0x00, 0x00, 0x00,
    0x00, 0x00, 0x00, 0x00, 0x00, 0x00, 0x00, 0x00, 0x00, 0x00, 0x00, 0x00, 0x00, 0x00, 0x00, 0x00,
    0x00, 0x00, 0x00, 0x00, 0x00, 0x00, 0x00, 0x00, 0x00, 0x00, 0x00, 0x00, 0x00, 0x00, 0x00, 0x00,
    0x00, 0x00, 0x30, 0xe3, 0xe7, 0xeb, 0xff, 0xfe, 0xec, 0xd8, 0x70, 0xe1, 0x82, 0x05, 0x1b, 0xff,
    0x9f, 0x00, 0x07, 0x1f, 0x27, 0x00, 0x00, 0x00, 0x00, 0x00, 0x00, 0x00, 0x01, 0x00, 0x03, 0x06,
    0x08, 0x10, 0x00, 0x00, 0x00, 0x01, 0x01, 0x07, 0x0d, 0x09, 0x01, 0x02, 0x00, 0x00, 0x01, 0x03,
    0x07, 0x4f, 0x96, 0x2c, 0x1d, 0x0a, 0x80, 0xe0, 0xfc, 0xff, 0xff, 0xff, 0x1f, 0x37, 0xf0, 0xff,
    0xe6, 0xc0, 0xff, 0xcf, 0xff, 0xde, 0xf0, 0x81, 0x00, 0x00, 0x1b, 0x7c, 0x00, 0x00, 0x61, 0x10,
    0x0b, 0x8f, 0x47, 0xe1, 0xf0, 0xfc, 0xfe, 0xe0, 0x80, 0x00, 0x00, 0x00, 0x00, 0x00, 0x00, 0x18,
    0x1c, 0x3c, 0x3c, 0x3c, 0x1c, 0x38, 0x00, 0x00, 0x00, 0x00, 0x00, 0x00, 0x00, 0x00, 0x00, 0x00,
    0x00, 0x00, 0x00, 0x00, 0x00, 0x00, 0x00, 0x00, 0x00, 0x00, 0x00, 0x00, 0x00, 0x00, 0x00, 0x00,
    0x43, 0x56, 0xd6, 0xdc, 0x5d, 0x2b, 0xab, 0xa7, 0x97, 0xdf, 0xaf, 0x9e, 0x7d, 0x7a, 0xf0, 0xc0,
    0x03, 0x00, 0x00, 0x00, 0x00, 0x00, 0x00, 0x00, 0x00, 0x00, 0x00, 0x00, 0x00, 0x00, 0x00, 0x00,
    0x00, 0x00, 0x00, 0x00, 0x00, 0x00, 0x00, 0x00, 0x00, 0x00, 0x00, 0x00, 0x00, 0x00, 0x00, 0x00,
    0x00, 0x00, 0x00, 0x40, 0x70, 0x7c, 0x7f, 0x7f, 0xff, 0xff, 0x7f, 0x0f, 0x40, 0x7f, 0xbf, 0xdf,
    0xff, 0xff, 0x7f, 0x7f, 0x7f, 0x3f, 0x3f, 0xff, 0x7f, 0x70, 0xef, 0x00, 0x80, 0x00, 0x00, 0x80,
    0x18, 0x90, 0x47, 0x05, 0x29, 0x08, 0x0a, 0x03, 0x01, 0x08, 0x80, 0x80, 0x00, 0x40, 0x00, 0x10,
    0x80, 0x40, 0x00, 0x80, 0x20, 0x00, 0x40, 0x00, 0x00, 0x00, 0x00, 0x00, 0x00, 0x00, 0x00, 0x00,
    0x00, 0x00, 0x00, 0x00, 0x00, 0x00, 0x00, 0x00, 0x00, 0x00, 0x00, 0x00, 0x00, 0x00, 0x00, 0x00,
    0x14, 0x10, 0x1a, 0x18, 0x8d, 0x8c, 0x4d, 0x04, 0x24, 0x22, 0x12, 0x83, 0x8b, 0x41, 0x25, 0x03,
    0x0a, 0x1f, 0x0d, 0x0e, 0x1f, 0x9f, 0x0f, 0x07, 0x13, 0x1b, 0x19, 0x1d, 0x0c, 0x0c, 0x0c, 0x0e,
    0x0e, 0x0e, 0x06, 0x06, 0x07, 0x07, 0x05, 0x00, 0x03, 0x03, 0x03, 0x07, 0x01, 0x03, 0x02, 0x06,
    0x06, 0x06, 0x07, 0x07, 0x07, 0x07, 0x03, 0x03, 0x00, 0x0c, 0xb8, 0x3f, 0x06, 0x1f, 0x3f, 0x1d,
    0x03, 0x07, 0x4e, 0x7d, 0x19, 0x01, 0x00, 0x02, 0x06, 0x04, 0x0f, 0x1a, 0x15, 0x29, 0x04, 0x00,
    0x13, 0x13, 0x04, 0x00, 0x48, 0x4c, 0x63, 0x40, 0x4c, 0x08, 0x00, 0x03, 0x08, 0x0c, 0x30, 0x60,
    0x4d, 0x4d, 0x10, 0x02, 0x2c, 0x2c, 0x20, 0x13, 0x24, 0x24, 0x18, 0x11, 0x14, 0x10, 0x00, 0x08,
    0x58, 0x82, 0x00, 0x00, 0x00, 0x00, 0x00, 0x00, 0x00, 0x00, 0x00, 0x00, 0x00, 0x00, 0x00, 0x00
  },
  // Frame 71
  {
    0x00, 0x00, 0x00, 0x00, 0x00, 0x00, 0x00, 0x00, 0x00, 0x00, 0x00, 0x00, 0x00, 0x00, 0x00, 0x00,
    0x00, 0x40, 0x40, 0x00, 0x60, 0x20, 0x30, 0x70, 0x00, 0x08, 0x00, 0x20, 0x10, 0x10, 0x10, 0x10,
    0x12, 0x08, 0x11, 0x0a, 0x00, 0x01, 0x01, 0x03, 0x04, 0x04, 0x0f, 0x81, 0x02, 0x80, 0xc7, 0xcf,
    0x47, 0xc7, 0xc6, 0xc2, 0xc7, 0x86, 0x87, 0x03, 0x00, 0x01, 0x01, 0x01, 0x01, 0x00, 0x01, 0x02,
    0x01, 0x01, 0x01, 0x04, 0x00, 0x06, 0x02, 0x04, 0x04, 0x08, 0x00, 0x00, 0x00, 0x00, 0x00, 0x10,
    0x00, 0x00, 0x00, 0x00, 0x00, 0x00, 0x00, 0x00, 0x00, 0x00, 0x00, 0x00, 0x00, 0x00, 0x00, 0x00,
    0x00, 0x00, 0x00, 0x00, 0x18, 0x00, 0x00, 0x00, 0x10, 0x00, 0x10, 0x00, 0x10, 0x10, 0x00, 0x10,
    0x00, 0x10, 0x10, 0x00, 0x00, 0x00, 0x10, 0x00, 0x00, 0x18, 0x00, 0x18, 0x00, 0x00, 0x00, 0x00,
    0x00, 0x00, 0x00, 0x00, 0x00, 0x00, 0x00, 0x04, 0x00, 0x00, 0x00, 0x00, 0x01, 0x00, 0x00, 0x00,
    0x00, 0x00, 0x00, 0x00, 0x00, 0x00, 0x00, 0x00, 0x00, 0x00, 0x00, 0x00, 0x00, 0x00, 0x00, 0x00,
    0x00, 0x00, 0x00, 0x00, 0x10, 0x20, 0x60, 0x82, 0xc0, 0xc4, 0xc4, 0xe4, 0xf4, 0x74, 0x97, 0x83,
    0x7e, 0xfb, 0xfc, 0xf3, 0xf2, 0xe0, 0x62, 0x52, 0xd2, 0xf8, 0x6e, 0xbc, 0x30, 0x00, 0x00, 0x00,
    0x40, 0xe0, 0x40, 0x00, 0x40, 0x40, 0x20, 0x01, 0x00, 0x20, 0x00, 0x00, 0x00, 0x00, 0x08, 0x00,
    0x00, 0x00, 0x00, 0x00, 0x00, 0x00, 0x00, 0x00, 0x00, 0x00, 0x00, 0x00, 0x00, 0x00, 0x00, 0x00,
    0x00, 0x00, 0x00, 0x00, 0x00, 0x00, 0x00, 0x00, 0x00, 0x00, 0x00, 0x00, 0x00, 0x00, 0x00, 0x00,
    0x00, 0x00, 0x00, 0x00, 0x00, 0x00, 0x00, 0x00, 0x00, 0x00, 0x00, 0x00, 0x00, 0x00, 0x00, 0x00,
    0x00, 0x00, 0x00, 0x00, 0x00, 0x02, 0x00, 0x00, 0x00, 0x00, 0x00, 0x00, 0x00, 0x00, 0x00, 0x00,
    0x00, 0x00, 0x00, 0x00, 0x00, 0x00, 0x00, 0x00, 0x00, 0x00, 0x00, 0x00, 0x00, 0x00, 0x00, 0x00,
    0x00, 0x00, 0x00, 0x00, 0x00, 0x00, 0x00, 0x40, 0x00, 0x03, 0x07, 0x03, 0x00, 0x00, 0x40, 0x00,
    0x40, 0x40, 0xe0, 0xe1, 0xe0, 0xf1, 0xf1, 0x30, 0x00, 0x0b, 0x03, 0x00, 0x00, 0x00, 0x00, 0x00,
    0x00, 0x00, 0x00, 0x00, 0x00, 0x01, 0x00, 0x00, 0x00, 0x00, 0x00, 0x00, 0x00, 0x00, 0x00, 0x00,
    0x00, 0x00, 0x00, 0x00, 0x00, 0x00, 0x00, 0x00, 0x00, 0x00, 0x00, 0x00, 0x00, 0x00, 0x00, 0x00,
    0x00, 0x00, 0x00, 0x00, 0x00, 0x00, 0x00, 0x00, 0x00, 0x00, 0x00, 0x00, 0x00, 0x00, 0x00, 0x00,
    0x00, 0x00, 0x00, 0x00, 0x00, 0x00, 0x00, 0x00, 0x00, 0x00, 0x00, 0x00, 0x00, 0x00, 0x00, 0x00,
    0x00, 0x00, 0x00, 0x00, 0x00, 0x00, 0x00, 0x00, 0x00, 0x00, 0x00, 0x00, 0x80, 0x80, 0x00, 0x00,
    0xc0, 0x80, 0x90, 0xc0, 0x00, 0x00, 0x00, 0x00, 0x00, 0x80, 0x00, 0x00, 0x00, 0x00, 0x00, 0x00,
    0x00, 0x00, 0x00, 0x00, 0x00, 0x00, 0x00, 0x00, 0x10, 0x28, 0x00, 0x30, 0x30, 0x70, 0xb0, 0x98,
    0xfc, 0xda, 0x2c, 0x06, 0x00, 0x00, 0x48, 0xf1, 0xc3, 0x0b, 0x1e, 0x1c, 0x08, 0x8d, 0x48, 0xd0,
    0x00, 0x60, 0x50, 0x20, 0x40, 0xa0, 0xc0, 0x00, 0x00, 0x00, 0x00, 0x00, 0x00, 0x00, 0x00, 0x00,
    0x00, 0x00, 0x00, 0x00, 0x00, 0x00, 0x00, 0x00, 0x00, 0x00, 0x00, 0x00, 0x00, 0x00, 0x00, 0x00,
    0x00, 0x00, 0x00, 0x00, 0x00, 0x00, 0x00, 0x00, 0x00, 0x00, 0x00, 0x00, 0x00, 0x00, 0x00, 0x00,
    0x00, 0x00, 0x00, 0x00, 0x00, 0x00, 0x00, 0x00, 0x00, 0x00, 0x00, 0x00, 0x00, 0x00, 0x00, 0x00,
    0x00, 0x00, 0x00, 0xc0, 0xc0, 0xc0, 0x80, 0x00, 0x0c, 0x1c, 0x38, 0x78, 0xf1, 0xfe, 0xfd, 0xfb,
    0xee, 0x3f, 0xff, 0xff, 0xff, 0x70, 0x00, 0x00, 0x00, 0x07, 0x34, 0xf9, 0x70, 0xc0, 0x80, 0x00,
    0x00, 0x00, 0x00, 0x40, 0x00, 0x80, 0x80, 0x82, 0x82, 0x04, 0x0c, 0x10, 0x70, 0x40, 0x90, 0x80,
    0x00, 0x4c, 0xe0, 0xf8, 0xfc, 0xf9, 0x73, 0x2f, 0x03, 0x00, 0xe0, 0xfc, 0x7c, 0xff, 0x00, 0xff,
    0x7f, 0x7c, 0xf1, 0xc3, 0x0e, 0x19, 0xf3, 0x2e, 0xb0, 0xe0, 0x00, 0x03, 0xea, 0x00, 0xfe, 0x18,
    0xc0, 0x04, 0x60, 0x90, 0x00, 0x80, 0x00, 0x00, 0x00, 0x00, 0x00, 0x00, 0x00, 0x00, 0x00, 0x00,
    0x00, 0x00, 0x00, 0x00, 0x00, 0x00, 0x00, 0x00, 0x00, 0x00, 0x00, 0x00, 0x00, 0x00, 0x00, 0x00,
    0x00, 0x00, 0x00, 0x00, 0x00, 0x00, 0x00, 0x00, 0x00, 0x00, 0x00, 0x00, 0x00, 0x00, 0x00, 0x00,
    0x00, 0x30, 0xf0, 0xe3, 0xe7, 0xef, 0xff, 0xfe, 0xfc, 0xb8, 0x70, 0xc1, 0x06, 0x0d, 0x3b, 0xef,
    0x0f, 0x00, 0x0f, 0x3f, 0x2f, 0x00, 0x00, 0x00, 0x00, 0x00, 0x00, 0x00, 0x01, 0x00, 0x07, 0x06,
    0x08, 0x10, 0x00, 0x00, 0x00, 0x01, 0x01, 0x07, 0x0d, 0x09, 0x03, 0x02, 0x00, 0x00, 0x01, 0x03,
    0x07, 0x4f, 0x96, 0x2c, 0x1d, 0x0a, 0x80, 0xe0, 0xfc, 0xff, 0xff, 0xff, 0x1f, 0x37, 0xf0, 0xff,
    0xe6, 0xc0, 0xff, 0xcf, 0xff, 0xfe, 0xf0, 0x80, 0x00, 0x00, 0xbf, 0x3c, 0x00, 0x80, 0x61, 0x10,
    0x0b, 0x8f, 0xc5, 0xe1, 0xf0, 0xfc, 0xfe, 0xe0, 0x80, 0x00, 0x00, 0x00, 0x00, 0x00, 0x00, 0xe0,
    0xe0, 0xe0, 0xe0, 0xe0, 0xe0, 0x40, 0x00, 0x00, 0x00, 0x00, 0x00, 0x00, 0x00, 0x00, 0x00, 0x00,
    0x00, 0x00, 0x00, 0x00, 0x00, 0x00, 0x00, 0x00, 0x00, 0x00, 0x00, 0x00, 0x00, 0x00, 0x00, 0x00,
    0x47, 0xd6, 0xd6, 0x5d, 0x7f, 0x2b, 0xaf, 0x87, 0xdf, 0xdf, 0xaf, 0x5d, 0x7a, 0xf0, 0xc0, 0x3f,
    0x00, 0x00, 0x00, 0x00, 0x00, 0x00, 0x00, 0x00, 0x00, 0x00, 0x00, 0x00, 0x00, 0x00, 0x00, 0x00,
    0x00, 0x00, 0x00, 0x00, 0x00, 0x00, 0x00, 0x00, 0x00, 0x00, 0x00, 0x00, 0x00, 0x00, 0x00, 0x00,
    0x00, 0x00, 0x00, 0xc0, 0xf0, 0xfc, 0xff, 0xff, 0xff, 0xff, 0xff, 0x0f, 0xc0, 0xff, 0x3f, 0x5f,
    0xff, 0xff, 0xff, 0x7f, 0x7f, 0x3f, 0x7f, 0xff, 0x7e, 0xf0, 0x07, 0x00, 0x00, 0x00, 0x40, 0xc0,
    0x18, 0x10, 0x17, 0x95, 0x19, 0x98, 0x1a, 0x13, 0xd1, 0x58, 0x90, 0x00, 0x20, 0x00, 0x00, 0x80,
    0x00, 0x00, 0x00, 0x00, 0x00, 0x00, 0x00, 0x00, 0x00, 0x00, 0x80, 0x00, 0x40, 0x00, 0x80, 0x00,
    0x80, 0x00, 0x00, 0x00, 0x00, 0x00, 0x00, 0x00, 0x00, 0x00, 0x00, 0x00, 0x00, 0x00, 0x00, 0x00,
    0x10, 0x1a, 0x1a, 0x8d, 0x85, 0x09, 0x0f, 0x04, 0x26, 0x02, 0x92, 0x03, 0x0b, 0x05, 0x11, 0x03,
    0x08, 0x0f, 0x0f, 0x0e, 0x1e, 0x1e, 0x0e, 0x0e, 0x13, 0x1b, 0x19, 0x1d, 0x0c, 0x0c, 0x0c, 0x0e,
    0x0e, 0x0e, 0x0e, 0x06, 0x16, 0x06, 0x04, 0x00, 0x02, 0x03, 0x02, 0x02, 0x00, 0x00, 0x02, 0x06,
    0x06, 0x06, 0x46, 0x46, 0x06, 0x06, 0x00, 0x00, 0x0c, 0x18, 0xbc, 0x7e, 0x02, 0x3f, 0x3f, 0x31,
    0x07, 0x0f, 0x5d, 0x5d, 0x10, 0x02, 0x02, 0x03, 0x04, 0x0c, 0x19, 0x11, 0x28, 0x10, 0x08, 0x00,
    0x03, 0x17, 0x00, 0x00, 0x19, 0x00, 0x02, 0x04, 0x48, 0x4c, 0x71, 0x43, 0x4c, 0x4c, 0x7c, 0x61,
    0x02, 0x01, 0x64, 0x40, 0x02, 0x02, 0x20, 0x20, 0x20, 0x10, 0x24, 0x09, 0x10, 0x10, 0x10, 0x01,
    0x40, 0x20, 0x00, 0x00, 0x00, 0x00, 0x00, 0x00, 0x00, 0x00, 0x00, 0x00, 0x00, 0x00, 0x00, 0x00
  },
  // Frame 72
  {
    0x00, 0x00, 0x00, 0x00, 0x00, 0x00, 0x00, 0x00, 0x00, 0x00, 0x00, 0x00, 0x00, 0x00, 0x00, 0x80,
    0x00, 0x40, 0x40, 0x00, 0x60, 0x20, 0x20, 0x10, 0x30, 0x08, 0x00, 0x20, 0x14, 0x10, 0x02, 0x10,
    0x10, 0x1b, 0x01, 0x10, 0x05, 0x01, 0x09, 0x09, 0x02, 0x04, 0x07, 0x0d, 0x83, 0x80, 0xc7, 0xcf,
    0x47, 0xc7, 0x46, 0xc2, 0xc6, 0x86, 0x87, 0x03, 0x00, 0x01, 0x01, 0x05, 0x01, 0x00, 0x03, 0x02,
    0x05, 0x01, 0x00, 0x00, 0x04, 0x02, 0x02, 0x00, 0x00, 0x08, 0x04, 0x00, 0x00, 0x00, 0x00, 0x10,
    0x00, 0x80, 0x00, 0x00, 0x00, 0x30, 0x20, 0x00, 0x00, 0x00, 0x00, 0x00, 0x00, 0x00, 0x00, 0x00,
    0x00, 0x00, 0x00, 0x00, 0x18, 0x00, 0x00, 0x00, 0x10, 0x00, 0x10, 0x00, 0x10, 0x10, 0x00, 0x10,
    0x00, 0x10, 0x10, 0x00, 0x00, 0x00, 0x10, 0x00, 0x00, 0x18, 0x00, 0x18, 0x00, 0x00, 0x00, 0x00,
    0x00, 0x00, 0x00, 0x00, 0x00, 0x00, 0x00, 0x00, 0x00, 0x08, 0x00, 0x00, 0x00, 0x00, 0x00, 0x00,
    0x00, 0x00, 0x00, 0x00, 0x00, 0x00, 0x00, 0x00, 0x00, 0x00, 0x00, 0x00, 0x00, 0x00, 0x00, 0x00,
    0x00, 0x00, 0x00, 0x00, 0x00, 0x08, 0x60, 0x80, 0xc0, 0xd4, 0xd4, 0xe4, 0xf5, 0x75, 0x97, 0x83,
    0x18, 0xfb, 0xfa, 0xf3, 0xf2, 0xe0, 0x62, 0xd2, 0xd2, 0xf2, 0x6c, 0xf4, 0x30, 0x00, 0x00, 0x00,
    0x40, 0xe0, 0x40, 0x00, 0x40, 0x40, 0x20, 0x40, 0x00, 0x20, 0x00, 0x00, 0x00, 0x00, 0x08, 0x00,
    0x00, 0x00, 0x00, 0x00, 0x00, 0x00, 0x00, 0x00, 0x00, 0x00, 0x00, 0x00, 0x00, 0x00, 0x00, 0x00,
    0x00, 0x00, 0x00, 0x00, 0x00, 0x00, 0x00, 0x00, 0x00, 0x00, 0x00, 0x00, 0x00, 0x00, 0x00, 0x00,
    0x00, 0x00, 0x00, 0x00, 0x00, 0x00, 0x00, 0x00, 0x00, 0x00, 0x00, 0x00, 0x00, 0x00, 0x00, 0x00,
    0x00, 0x00, 0x00, 0x00, 0x00, 0x00, 0x00, 0x00, 0x00, 0x00, 0x00, 0x00, 0x00, 0x00, 0x00, 0x00,
    0x00, 0x00, 0x00, 0x00, 0x00, 0x00, 0x00, 0x00, 0x00, 0x00, 0x00, 0x00, 0x00, 0x00, 0x00, 0x00,
    0x00, 0x00, 0x00, 0x00, 0x00, 0x00, 0x00, 0x40, 0x00, 0x03, 0x07, 0x03, 0x00, 0x00, 0x40, 0x00,
    0x40, 0x40, 0xe0, 0xe1, 0xe0, 0xf0, 0xf1, 0x30, 0x10, 0x0b, 0x03, 0x00, 0x00, 0x00, 0x00, 0x00,
    0x00, 0x02, 0x00, 0x00, 0x00, 0x01, 0x00, 0x00, 0x00, 0x00, 0x00, 0x00, 0x00, 0x00, 0x00, 0x00,
    0x00, 0x00, 0x00, 0x00, 0x00, 0x00, 0x00, 0x00, 0x00, 0x00, 0x00, 0x00, 0x00, 0x00, 0x00, 0x00,
    0x00, 0x00, 0x00, 0x00, 0x00, 0x00, 0x00, 0x00, 0x00, 0x00, 0x00, 0x00, 0x00, 0x00, 0x00, 0x00,
    0x00, 0x00, 0x00, 0x00, 0x00, 0x00, 0x00, 0x00, 0x00, 0x00, 0x00, 0x00, 0x00, 0x00, 0x00, 0x00,
    0x00, 0x00, 0x00, 0x00, 0x00, 0x00, 0x00, 0x00, 0x00, 0x00, 0x00, 0x00, 0x80, 0x80, 0x00, 0x00,
    0xc0, 0x80, 0x90, 0xc0, 0x00, 0x00, 0x00, 0x00, 0x00, 0x80, 0x00, 0x00, 0x00, 0x00, 0x00, 0x00,
    0x00, 0x00, 0x00, 0x00, 0x00, 0x00, 0x00, 0x00, 0x10, 0x28, 0x00, 0x20, 0x30, 0x70, 0xb0, 0x98,
    0x7c, 0xda, 0x2c, 0x06, 0x00, 0x00, 0x48, 0xf1, 0xc3, 0x0b, 0x1e, 0x1c, 0x08, 0x8d, 0x48, 0xd0,
    0x00, 0x20, 0x40, 0x20, 0x40, 0xa0, 0xc0, 0x00, 0x00, 0x00, 0x00, 0x00, 0x00, 0x00, 0x00, 0x00,
    0x00, 0x00, 0x00, 0x00, 0x00, 0x00, 0x00, 0x00, 0x00, 0x00, 0x00, 0x00, 0x00, 0x00, 0x00, 0x00,
    0x00, 0x00, 0x00, 0x00, 0x00, 0x00, 0x00, 0x00, 0x00, 0x00, 0x00, 0x00, 0x00, 0x00, 0x00, 0x00,
    0x00, 0x00, 0x00, 0x00, 0x00, 0x00, 0x00, 0x00, 0x00, 0x00, 0x00, 0x00, 0x00, 0x00, 0x00, 0x00,
    0x00, 0x00, 0x00, 0xc0, 0xc0, 0xc0, 0xc0, 0x00, 0x0c, 0x1c, 0x78, 0x78, 0xf9, 0xfe, 0xfd, 0xfb,
    0xee, 0x3f, 0xff, 0xff, 0xff, 0x60, 0x00, 0x00, 0x00, 0x07, 0x34, 0xf8, 0x70, 0xc0, 0x80, 0x00,
    0x00, 0x00, 0x00, 0x40, 0x00, 0x80, 0x80, 0x82, 0x82, 0x04, 0x0c, 0x10, 0x70, 0xc0, 0x90, 0x80,
    0x80, 0x4c, 0xe0, 0xf8, 0xfd, 0xf9, 0x73, 0x2e, 0x03, 0x00, 0xa0, 0xfc, 0x7c, 0xff, 0x00, 0xff,
    0x7f, 0xfc, 0xf0, 0xc3, 0x0e, 0x09, 0xbb, 0x2c, 0xb0, 0xc0, 0x00, 0x03, 0xea, 0x00, 0xfe, 0x08,
    0x00, 0x88, 0x40, 0x00, 0x40, 0x80, 0x00, 0x00, 0x00, 0x00, 0x00, 0x00, 0x00, 0x00, 0x00, 0x00,
    0x00, 0x00, 0x00, 0x00, 0x00, 0x00, 0x00, 0x00, 0x00, 0x00, 0x00, 0x00, 0x00, 0x00, 0x00, 0x00,
    0x00, 0x00, 0x00, 0x00, 0x00, 0x00, 0x00, 0x00, 0x00, 0x00, 0x00, 0x00, 0x00, 0x00, 0x00, 0x00,
    0x00, 0x18, 0xf0, 0xf3, 0xe7, 0xff, 0xf7, 0xef, 0xdc, 0xf8, 0xe0, 0x81, 0x06, 0x0d, 0xf7, 0xcf,
    0x07, 0x00, 0x0f, 0x3f, 0x3f, 0x00, 0x00, 0x00, 0x00, 0x00, 0x00, 0x00, 0x01, 0x01, 0x07, 0x06,
    0x08, 0x10, 0x00, 0x00, 0x02, 0x01, 0x01, 0x07, 0x0d, 0x01, 0x01, 0x02, 0x00, 0x00, 0x01, 0x03,
    0x07, 0x4f, 0x16, 0x2c, 0x19, 0x0a, 0x80, 0xe0, 0xfc, 0xff, 0xff, 0xff, 0x1f, 0x17, 0xf0, 0xff,
    0xe6, 0xc0, 0xff, 0xff, 0xff, 0xfe, 0xf0, 0x80, 0x00, 0x00, 0xf7, 0x38, 0x00, 0xa0, 0x21, 0x10,
    0x0b, 0x8f, 0xc7, 0xe1, 0xf0, 0xfd, 0xfe, 0xc0, 0x00, 0x00, 0x00, 0x00, 0x00, 0x00, 0x00, 0x00,
    0x00, 0x00, 0x00, 0x00, 0x00, 0x00, 0x00, 0x00, 0x00, 0x00, 0x00, 0x00, 0x00, 0x00, 0x00, 0x00,
    0x00, 0x00, 0x00, 0x00, 0x00, 0x00, 0x00, 0x00, 0x00, 0x00, 0x00, 0x00, 0x00, 0x00, 0x00, 0x00,
    0xc7, 0x56, 0x16, 0x15, 0x1d, 0xab, 0xab, 0x87, 0xdf, 0xff, 0xbe, 0x7d, 0xf4, 0xe0, 0xbc, 0x01,
    0x00, 0x00, 0x00, 0x00, 0x00, 0x00, 0x00, 0x00, 0x00, 0x00, 0x00, 0x00, 0x00, 0x00, 0x00, 0x00,
    0x00, 0x00, 0x00, 0x00, 0x00, 0x00, 0x00, 0x00, 0x00, 0x00, 0x00, 0x00, 0x00, 0x00, 0x00, 0x00,
    0x00, 0x00, 0x00, 0xc0, 0xf0, 0xfc, 0xff, 0xff, 0xff, 0xff, 0xff, 0x0f, 0xc0, 0xff, 0x3f, 0x4f,
    0xff, 0xff, 0xff, 0x7f, 0x7f, 0x3f, 0x7f, 0xff, 0x78, 0xf0, 0x07, 0x00, 0x00, 0x00, 0x00, 0x80,
    0x58, 0x51, 0x17, 0x35, 0x39, 0x38, 0x1b, 0x5b, 0xb1, 0xb8, 0x30, 0x00, 0x08, 0x04, 0x9c, 0x3c,
    0x3c, 0x3c, 0x3c, 0x1c, 0x18, 0x00, 0x00, 0x00, 0x20, 0x20, 0x20, 0x20, 0x00, 0x40, 0x40, 0x00,
    0x00, 0x00, 0x00, 0x00, 0x00, 0x00, 0x00, 0x00, 0x00, 0x00, 0x00, 0x00, 0x00, 0x00, 0x00, 0x00,
    0x1a, 0x1a, 0x8d, 0x8d, 0x0d, 0x07, 0x06, 0x26, 0x02, 0x92, 0x03, 0x09, 0x41, 0x25, 0x11, 0x1a,
    0x19, 0x0d, 0x0f, 0x0e, 0x9e, 0x1e, 0x1e, 0x0e, 0x12, 0x1a, 0x18, 0x1c, 0x1c, 0x0c, 0x0c, 0x0c,
    0x0e, 0x0e, 0x0e, 0x16, 0x06, 0x06, 0x04, 0x06, 0x02, 0x06, 0x06, 0x02, 0x02, 0x00, 0x00, 0x06,
    0x26, 0x26, 0x06, 0x44, 0x44, 0x04, 0x04, 0x00, 0x0c, 0x39, 0xbd, 0x0d, 0x07, 0x3f, 0x3d, 0x23,
    0x07, 0x8f, 0xdc, 0x5b, 0x12, 0x02, 0x02, 0x05, 0x0c, 0x0c, 0xbc, 0x20, 0x50, 0x14, 0x00, 0x00,
    0x03, 0x01, 0x00, 0x00, 0x3a, 0x40, 0x80, 0x84, 0x88, 0x8c, 0x91, 0x82, 0x8c, 0x84, 0x8c, 0x10,
    0x42, 0x42, 0x44, 0x40, 0x02, 0x00, 0x40, 0x40, 0x00, 0x22, 0x24, 0x21, 0x20, 0x20, 0x14, 0x10,
    0xd0, 0x68, 0x00, 0x00, 0x00, 0x00, 0x00, 0x00, 0x00, 0x00, 0x00, 0x00, 0x00, 0x00, 0x00, 0x00
  },
  // Frame 73
  {
    0x00, 0x00, 0x00, 0x00, 0x00, 0x00, 0x00, 0x00, 0x00, 0x00, 0x00, 0x00, 0x00, 0x00, 0x00, 0x80,
    0x00, 0x00, 0x40, 0x00, 0x60, 0x20, 0x20, 0x10, 0x30, 0x10, 0x00, 0x20, 0x10, 0x10, 0x02, 0x10,
    0x10, 0x1b, 0x01, 0x10, 0x01, 0x01, 0x09, 0x09, 0x0b, 0x04, 0x07, 0x0f, 0x8f, 0x80, 0x83, 0xcf,
    0x43, 0x47, 0x47, 0xc2, 0xc6, 0xc4, 0x87, 0x03, 0x01, 0x01, 0x03, 0x05, 0x01, 0x00, 0x05, 0x04,
    0x05, 0x01, 0x00, 0x00, 0x00, 0x02, 0x02, 0x00, 0x00, 0x00, 0x00, 0x00, 0x00, 0x00, 0x00, 0x10,
    0x00, 0x80, 0x00, 0x00, 0x10, 0x30, 0x20, 0x00, 0x00, 0x00, 0x00, 0x00, 0x00, 0x00, 0x00, 0x00,
    0x00, 0x00, 0x00, 0x00, 0x18, 0x00, 0x00, 0x00, 0x10, 0x00, 0x10, 0x00, 0x10, 0x10, 0x00, 0x10,
    0x00, 0x10, 0x10, 0x00, 0x00, 0x00, 0x10, 0x00, 0x00, 0x18, 0x00, 0x18, 0x00, 0x00, 0x00, 0x00,
    0x00, 0x00, 0x00, 0x00, 0x00, 0x00, 0x00, 0x00, 0x00, 0x08, 0x00, 0x00, 0x00, 0x00, 0x00, 0x00,
    0x00, 0x00, 0x00, 0x00, 0x00, 0x00, 0x00, 0x00, 0x00, 0x00, 0x00, 0x00, 0x00, 0x00, 0x00, 0x00,
    0x00, 0x00, 0x00, 0x00, 0x00, 0x08, 0x60, 0x80, 0xc0, 0xd4, 0xd4, 0xe4, 0xf5, 0x75, 0x97, 0x83,
    0x18, 0xff, 0xfa, 0xf1, 0xf2, 0xe2, 0x62, 0x52, 0xd2, 0xf2, 0xe4, 0xfc, 0x30, 0x00, 0x00, 0x00,
    0x40, 0xe0, 0x40, 0x00, 0x40, 0x40, 0x20, 0x40, 0x00, 0x20, 0x00, 0x00, 0x00, 0x00, 0x08, 0x00,
    0x00, 0x00, 0x00, 0x00, 0x00, 0x00, 0x00, 0x00, 0x00, 0x00, 0x00, 0x00, 0x00, 0x00, 0x00, 0x00,
    0x00, 0x00, 0x00, 0x00, 0x00, 0x00, 0x00, 0x00, 0x00, 0x00, 0x00, 0x00, 0x00, 0x00, 0x00, 0x00,
    0x00, 0x00, 0x00, 0x00, 0x00, 0x00, 0x00, 0x00, 0x00, 0x00, 0x00, 0x00, 0x00, 0x00, 0x00, 0x00,
    0x00, 0x00, 0x00, 0x00, 0x00, 0x00, 0x00, 0x00, 0x00, 0x00, 0x00, 0x00, 0x00, 0x00, 0x00, 0x00,
    0x00, 0x00, 0x00, 0x00, 0x00, 0x00, 0x00, 0x00, 0x00, 0x00, 0x00, 0x00, 0x00, 0x00, 0x00, 0x00,
    0x00, 0x00, 0x00, 0x00, 0x00, 0x00, 0x00, 0x00, 0x00, 0x03, 0x07, 0x01, 0x00, 0x00, 0x40, 0x00,
    0x00, 0x40, 0xe0, 0xe1, 0xe0, 0xf0, 0xf1, 0x20, 0x10, 0x0b, 0x03, 0x00, 0x00, 0x00, 0x00, 0x00,
    0x00, 0x02, 0x00, 0x00, 0x00, 0x01, 0x00, 0x00, 0x00, 0x00, 0x00, 0x00, 0x00, 0x00, 0x00, 0x00,
    0x00, 0x00, 0x00, 0x00, 0x00, 0x00, 0x00, 0x00, 0x00, 0x00, 0x00, 0x00, 0x00, 0x00, 0x00, 0x00,
    0x00, 0x00, 0x00, 0x00, 0x00, 0x00, 0x00, 0x00, 0x00, 0x00, 0x00, 0x00, 0x00, 0x00, 0x00, 0x00,
    0x00, 0x00, 0x00, 0x00, 0x00, 0x00, 0x00, 0x00, 0x00, 0x00, 0x00, 0x00, 0x00, 0x00, 0x00, 0x00,
    0x00, 0x00, 0x00, 0x00, 0x00, 0x00, 0x00, 0x00, 0x00, 0x00, 0x00, 0x00, 0x80, 0x80, 0x00, 0x00,
    0xc0, 0x80, 0x90, 0xc0, 0x00, 0x00, 0x00, 0x00, 0x00, 0x80, 0x00, 0x00, 0x00, 0x00, 0x00, 0x00,
    0x00, 0x00, 0x00, 0x00, 0x00, 0x00, 0x00, 0x00, 0x10, 0x28, 0x00, 0x20, 0x30, 0x70, 0xb0, 0x18,
    0x7c, 0xda, 0x2c, 0x06, 0x00, 0x00, 0x48, 0xf1, 0xc3, 0x0b, 0x1e, 0x1c, 0x08, 0x85, 0x48, 0xd0,
    0x00, 0x60, 0x40, 0x00, 0x40, 0xa0, 0xc0, 0x20, 0x00, 0x00, 0x00, 0x00, 0x00, 0x00, 0x00, 0x00,
    0x00, 0x00, 0x00, 0x00, 0x00, 0x00, 0x00, 0x00, 0x00, 0x00, 0x00, 0x00, 0x00, 0x00, 0x00, 0x00,
    0x00, 0x00, 0x00, 0x00, 0x00, 0x00, 0x00, 0x00, 0x00, 0x00, 0x00, 0x00, 0x00, 0x00, 0x00, 0x00,
    0x00, 0x00, 0x00, 0x00, 0x00, 0x00, 0x00, 0x00, 0x00, 0x00, 0x00, 0x00, 0x00, 0x00, 0x00, 0x00,
    0x00, 0x00, 0x00, 0xc0, 0xe0, 0xe0, 0xc0, 0x80, 0x0c, 0x08, 0x7c, 0x78, 0xf9, 0xfe, 0xfd, 0xfb,
    0xee, 0x3f, 0xff, 0xff, 0xff, 0x60, 0x00, 0x00, 0x00, 0x07, 0x34, 0xf9, 0x70, 0xc0, 0x80, 0x00,
    0x00, 0x00, 0x00, 0x40, 0x00, 0x80, 0x80, 0x82, 0x82, 0x04, 0x0c, 0x10, 0x70, 0x40, 0x90, 0x80,
    0x80, 0x4c, 0xe0, 0xf0, 0xfd, 0xf9, 0x73, 0x2e, 0x03, 0x00, 0xe0, 0xfc, 0x7c, 0xff, 0x00, 0xff,
    0x7f, 0xfc, 0xf0, 0xc3, 0x0e, 0x09, 0xbb, 0x2c, 0xb0, 0xc0, 0x01, 0x02, 0xea, 0x00, 0xfe, 0x18,
    0x00, 0x88, 0x60, 0x00, 0x40, 0x80, 0x00, 0x00, 0x00, 0x00, 0x00, 0x00, 0x00, 0x00, 0x00, 0x00,
    0x00, 0x00, 0x00, 0x00, 0x00, 0x00, 0x00, 0x00, 0x00, 0x00, 0x00, 0x00, 0x00, 0x00, 0x00, 0x00,
    0x00, 0x00, 0x00, 0x00, 0x00, 0x00, 0x00, 0x00, 0x00, 0x00, 0x00, 0x00, 0x00, 0x00, 0x00, 0x00,
    0x00, 0x18, 0xf0, 0xf3, 0xf7, 0xff, 0xf7, 0xef, 0xde, 0x78, 0xe0, 0x01, 0x06, 0x0d, 0xf3, 0x0f,
    0x7f, 0x00, 0x0f, 0x3f, 0x3f, 0x00, 0x00, 0x00, 0x00, 0x00, 0x00, 0x00, 0x01, 0x01, 0x07, 0x06,
    0x08, 0x10, 0x00, 0x00, 0x02, 0x01, 0x01, 0x05, 0x0d, 0x11, 0x01, 0x02, 0x00, 0x00, 0x01, 0x03,
    0x07, 0x4f, 0x16, 0x2c, 0x19, 0x0a, 0x80, 0xe0, 0xfc, 0xff, 0xff, 0xff, 0x1f, 0x13, 0xf0, 0xff,
    0xc6, 0xc0, 0xff, 0xff, 0xff, 0xfe, 0xf0, 0x80, 0x00, 0x00, 0xf7, 0x38, 0x00, 0x80, 0x21, 0x10,
    0x0b, 0x8f, 0xc7, 0xe1, 0xf0, 0xfd, 0xfe, 0xc0, 0x00, 0x00, 0x00, 0x00, 0x00, 0x00, 0x00, 0x00,
    0x00, 0x00, 0x00, 0x00, 0x00, 0x00, 0x00, 0x00, 0x00, 0x00, 0x00, 0x00, 0x00, 0x00, 0x00, 0x00,
    0x00, 0x00, 0x00, 0x00, 0x00, 0x00, 0x00, 0x00, 0x00, 0x00, 0x00, 0x00, 0x00, 0x00, 0x00, 0x00,
    0x07, 0x06, 0x16, 0x15, 0x95, 0xbf, 0xab, 0x0f, 0x17, 0x9f, 0xbe, 0x7d, 0x70, 0xe0, 0x3f, 0x00,
    0x00, 0x00, 0x00, 0x00, 0x00, 0x00, 0x00, 0x00, 0x00, 0x00, 0x00, 0x00, 0x00, 0x00, 0x00, 0x00,
    0x00, 0x00, 0x00, 0x00, 0x00, 0x00, 0x00, 0x00, 0x00, 0x00, 0x00, 0x00, 0x00, 0x00, 0x00, 0x00,
    0x00, 0x00, 0x00, 0xc0, 0xf0, 0xfc, 0xff, 0xff, 0xff, 0xff, 0xff, 0x1f, 0xc0, 0xff, 0x3f, 0xcf,
    0xff, 0xff, 0xff, 0xff, 0x7f, 0x3f, 0x7f, 0xff, 0x78, 0xf0, 0x03, 0x00, 0x00, 0x00, 0x00, 0x20,
    0xd8, 0xd1, 0x15, 0x75, 0x39, 0x38, 0x1b, 0x1b, 0x19, 0xb8, 0x70, 0x00, 0x00, 0x00, 0x18, 0x3c,
    0x3c, 0x3c, 0x3c, 0x7c, 0x18, 0x10, 0x80, 0x00, 0x00, 0x20, 0xa0, 0x20, 0x80, 0xc0, 0x40, 0x00,
    0x80, 0x00, 0x00, 0x00, 0x00, 0x00, 0x00, 0x00, 0x00, 0x00, 0x00, 0x00, 0x00, 0x00, 0x00, 0x00,
    0x1a, 0x8e, 0x8d, 0x0c, 0x0f, 0x46, 0x26, 0x22, 0x12, 0x92, 0x03, 0x0b, 0x41, 0x25, 0x13, 0x1a,
    0x19, 0x0d, 0x0f, 0x0e, 0x9e, 0x1e, 0x0e, 0x0e, 0x12, 0x1a, 0x18, 0x1c, 0x0c, 0x0c, 0x0c, 0x0c,
    0x0e, 0x0e, 0x1e, 0x1e, 0x12, 0x16, 0x04, 0x04, 0x06, 0x06, 0x06, 0x06, 0x02, 0x00, 0x00, 0x06,
    0x06, 0x06, 0x46, 0x46, 0x06, 0x06, 0x0c, 0x00, 0x0c, 0x1c, 0xb8, 0x7e, 0x06, 0x3f, 0x3f, 0x33,
    0x07, 0x8f, 0xdc, 0x7a, 0x02, 0x02, 0x02, 0x04, 0x0c, 0x0c, 0x9a, 0x30, 0x10, 0x10, 0x05, 0x08,
    0x02, 0x12, 0x00, 0x05, 0x18, 0x09, 0x12, 0x00, 0x4d, 0x4c, 0x49, 0x52, 0x44, 0x44, 0x49, 0x50,
    0x00, 0x00, 0x00, 0x00, 0x40, 0x41, 0x42, 0x20, 0x21, 0x30, 0x30, 0x20, 0x20, 0x10, 0x10, 0x10,
    0xe8, 0x60, 0x00, 0x00, 0x00, 0x00, 0x00, 0x00, 0x00, 0x00, 0x00, 0x00, 0x00, 0x00, 0x00, 0x00
  },
  // Frame 74
  {
    0x00, 0x00, 0x00, 0x00, 0x00, 0x00, 0x00, 0x00, 0x00, 0x00, 0x00, 0x00, 0x00, 0x00, 0x00, 0x80,
    0x00, 0x00, 0x40, 0x00, 0x20, 0x20, 0x20, 0x30, 0x70, 0x20, 0x08, 0x00, 0x20, 0x14, 0x10, 0x10,
    0x10, 0x13, 0x0a, 0x11, 0x13, 0x00, 0x01, 0x0d, 0x01, 0x0b, 0x08, 0x07, 0x07, 0x0a, 0x81, 0xc3,
    0x43, 0xcb, 0x03, 0x46, 0xce, 0xc6, 0xc5, 0x81, 0x05, 0x05, 0x05, 0x01, 0x01, 0x04, 0x01, 0x00,
    0x01, 0x05, 0x06, 0x02, 0x04, 0x06, 0x02, 0x00, 0x00, 0x00, 0x10, 0x00, 0x00, 0x00, 0x00, 0x10,
    0x00, 0x08, 0x00, 0x00, 0x10, 0x10, 0x20, 0x00, 0x00, 0x00, 0x00, 0x00, 0x00, 0x00, 0x00, 0x00,
    0x00, 0x00, 0x00, 0x00, 0x18, 0x00, 0x00, 0x00, 0x10, 0x00, 0x10, 0x00, 0x10, 0x10, 0x00, 0x10,
    0x00, 0x10, 0x10, 0x00, 0x00, 0x00, 0x10, 0x00, 0x00, 0x18, 0x00, 0x18, 0x00, 0x00, 0x00, 0x00,
    0x00, 0x00, 0x00, 0x00, 0x00, 0x00, 0x00, 0x00, 0x00, 0x08, 0x02, 0x00, 0x00, 0x00, 0x00, 0x00,
    0x00, 0x00, 0x00, 0x00, 0x00, 0x00, 0x00, 0x00, 0x00, 0x00, 0x00, 0x00, 0x00, 0x00, 0x00, 0x00,
    0x00, 0x00, 0x00, 0x00, 0x00, 0x08, 0x64, 0xa0, 0xc0, 0xd4, 0xd4, 0xf4, 0xf5, 0x75, 0xb5, 0x03,
    0x18, 0xff, 0xfb, 0xf9, 0xf0, 0xe2, 0x62, 0xd2, 0xd2, 0xd2, 0xf4, 0x50, 0x30, 0x00, 0x00, 0x00,
    0x00, 0xe0, 0x40, 0x00, 0x40, 0x40, 0x20, 0x41, 0x00, 0x00, 0x80, 0x00, 0x00, 0x00, 0x08, 0x00,
    0x00, 0x00, 0x00, 0x00, 0x00, 0x00, 0x00, 0x00, 0x00, 0x00, 0x00, 0x00, 0x00, 0x00, 0x00, 0x00,
    0x00, 0x00, 0x00, 0x00, 0x00, 0x00, 0x00, 0x00, 0x00, 0x00, 0x00, 0x00, 0x00, 0x00, 0x00, 0x00,
    0x00, 0x00, 0x00, 0x00, 0x00, 0x00, 0x00, 0x00, 0x00, 0x00, 0x00, 0x00, 0x00, 0x00, 0x00, 0x00,
    0x00, 0x00, 0x00, 0x00, 0x00, 0x00, 0x00, 0x00, 0x00, 0x00, 0x00, 0x00, 0x00, 0x08, 0x00, 0x00,
    0x00, 0x00, 0x00, 0x00, 0x00, 0x00, 0x00, 0x00, 0x00, 0x00, 0x00, 0x00, 0x00, 0x00, 0x00, 0x00,
    0x00, 0x00, 0x00, 0x00, 0x00, 0x00, 0x00, 0x00, 0x00, 0x01, 0x03, 0x01, 0x00, 0x40, 0x40, 0x00,
    0x00, 0x40, 0xe2, 0xe1, 0xf0, 0xf0, 0x71, 0x20, 0x10, 0x03, 0x03, 0x00, 0x00, 0x00, 0x00, 0x00,
    0x00, 0x02, 0x00, 0x00, 0x00, 0x01, 0x01, 0x00, 0x00, 0x00, 0x00, 0x00, 0x00, 0x00, 0x00, 0x00,
    0x00, 0x00, 0x00, 0x00, 0x00, 0x00, 0x00, 0x00, 0x00, 0x00, 0x00, 0x00, 0x00, 0x00, 0x00, 0x00,
    0x00, 0x00, 0x00, 0x00, 0x00, 0x00, 0x00, 0x00, 0x00, 0x00, 0x00, 0x00, 0x00, 0x00, 0x00, 0x00,
    0x00, 0x00, 0x00, 0x00, 0x00, 0x00, 0x00, 0x00, 0x00, 0x00, 0x00, 0x00, 0x00, 0x00, 0x00, 0x00,
    0x00, 0x00, 0x00, 0x00, 0x00, 0x00, 0x00, 0x00, 0x00, 0x00, 0x00, 0x00, 0x80, 0x80, 0x00, 0x00,
    0x40, 0xc0, 0x90, 0xc0, 0x00, 0x00, 0x00, 0x00, 0x00, 0x80, 0x00, 0x00, 0x00, 0x00, 0x00, 0x00,
    0x00, 0x00, 0x00, 0x00, 0x00, 0x00, 0x00, 0x00, 0x14, 0x28, 0x00, 0x30, 0x20, 0x70, 0xb0, 0x98,
    0xfc, 0x9c, 0x2c, 0x06, 0x00, 0x00, 0x48, 0xf1, 0xc3, 0x0b, 0x1a, 0x5c, 0x08, 0x84, 0x68, 0xd0,
    0x00, 0x30, 0x40, 0x00, 0x40, 0x00, 0xc0, 0x00, 0x00, 0x00, 0x00, 0x00, 0x00, 0x00, 0x00, 0x00,
    0x00, 0x00, 0x00, 0x00, 0x00, 0x00, 0x00, 0x00, 0x00, 0x00, 0x00, 0x00, 0x00, 0x00, 0x00, 0x00,
    0x00, 0x00, 0x00, 0x00, 0x00, 0x00, 0x00, 0x00, 0x00, 0x00, 0x00, 0x00, 0x00, 0x00, 0x00, 0x00,
    0x00, 0x00, 0x00, 0x00, 0x00, 0x00, 0x00, 0x00, 0x00, 0x00, 0x00, 0x00, 0x00, 0x00, 0x00, 0x00,
    0x00, 0x00, 0x00, 0xc0, 0xe0, 0xe0, 0xe0, 0xc0, 0x04, 0x0c, 0x18, 0xb8, 0xf8, 0xff, 0xff, 0xff,
    0xf6, 0x1f, 0xff, 0xff, 0xff, 0xfa, 0x00, 0x00, 0x00, 0x07, 0x14, 0xd8, 0x70, 0xc0, 0x80, 0x00,
    0x00, 0x00, 0x00, 0x40, 0x80, 0x80, 0x80, 0x82, 0x82, 0x04, 0x0c, 0x10, 0x70, 0x40, 0x90, 0x80,
    0x81, 0x14, 0xe0, 0xf0, 0xfc, 0xf8, 0xf3, 0x2e, 0x07, 0x00, 0xa0, 0xfc, 0x7c, 0xff, 0x00, 0xff,
    0x7f, 0xfc, 0xf0, 0xc3, 0x04, 0x39, 0xb3, 0x3c, 0xb0, 0xc0, 0x01, 0x06, 0xd2, 0x00, 0xfc, 0x00,
    0x00, 0xc8, 0x20, 0x00, 0x40, 0x80, 0x00, 0x00, 0x00, 0x00, 0x00, 0x00, 0x00, 0x00, 0x00, 0x00,
    0x00, 0x00, 0x00, 0x00, 0x00, 0x00, 0x00, 0x00, 0x00, 0x00, 0x00, 0x00, 0x00, 0x00, 0x00, 0x00,
    0x00, 0x00, 0x00, 0x00, 0x00, 0x00, 0x00, 0x00, 0x00, 0x00, 0x00, 0x00, 0x00, 0x00, 0x00, 0x00,
    0x00, 0x08, 0x78, 0xf2, 0xf7, 0xff, 0xff, 0xff, 0xde, 0xbc, 0xf0, 0x80, 0x03, 0x0f, 0xfb, 0x0f,
    0xff, 0x00, 0x07, 0x3f, 0x7f, 0x28, 0x00, 0x00, 0x00, 0x00, 0x00, 0x00, 0x01, 0x00, 0x03, 0x06,
    0x08, 0x10, 0x00, 0x00, 0x00, 0x01, 0x01, 0x05, 0x0d, 0x19, 0x01, 0x02, 0x00, 0x00, 0x01, 0x03,
    0x07, 0x4f, 0x16, 0x2c, 0x19, 0x0b, 0x81, 0xe0, 0xfc, 0xdf, 0xff, 0xff, 0x1f, 0x37, 0xf0, 0xff,
    0xc6, 0xc0, 0xff, 0xff, 0xff, 0xfc, 0xf0, 0x80, 0x00, 0x00, 0xf6, 0x00, 0x00, 0xc0, 0x29, 0x10,
    0x0b, 0x8f, 0xc7, 0xe0, 0xf8, 0xff, 0xfc, 0xc0, 0x00, 0x00, 0x00, 0x00, 0x00, 0x00, 0x00, 0x00,
    0x00, 0x00, 0x00, 0x00, 0x00, 0x00, 0x00, 0x00, 0x00, 0x00, 0x00, 0x00, 0x00, 0x00, 0x00, 0x00,
    0x00, 0x00, 0x00, 0x00, 0x00, 0x00, 0x00, 0x00, 0x00, 0x00, 0x00, 0x00, 0x00, 0x00, 0x00, 0x00,
    0x2b, 0x6b, 0x6f, 0x36, 0x95, 0x95, 0x17, 0xeb, 0x4f, 0x57, 0x6f, 0x3d, 0x70, 0x60, 0x9f, 0x80,
    0x80, 0x80, 0x00, 0x00, 0x00, 0x00, 0x00, 0x00, 0x00, 0x00, 0x00, 0x00, 0x00, 0x00, 0x00, 0x00,
    0x00, 0x00, 0x00, 0x00, 0x00, 0x00, 0x00, 0x00, 0x00, 0x00, 0x00, 0x00, 0x00, 0x00, 0x00, 0x00,
    0x00, 0x00, 0x00, 0xc0, 0xf0, 0xfc, 0xff, 0xff, 0xff, 0xff, 0xff, 0x0f, 0xc0, 0xff, 0x3f, 0x4f,
    0xff, 0xff, 0xff, 0xbf, 0x7f, 0x3f, 0xff, 0xff, 0x70, 0xf8, 0x03, 0x00, 0x00, 0x00, 0x00, 0x01,
    0x58, 0x51, 0x95, 0x74, 0x31, 0x38, 0x1b, 0x18, 0x19, 0x18, 0x10, 0x00, 0x00, 0x00, 0x18, 0x38,
    0x3c, 0x3c, 0x3c, 0x3c, 0x78, 0x18, 0x80, 0x40, 0x00, 0x00, 0x80, 0x00, 0x00, 0x40, 0xc0, 0x00,
    0x00, 0x00, 0x00, 0x00, 0x00, 0x00, 0x00, 0x00, 0x00, 0x00, 0x00, 0x00, 0x00, 0x00, 0x00, 0x00,
    0x8e, 0x8d, 0x0d, 0x0c, 0x46, 0x46, 0x07, 0x03, 0x13, 0x93, 0x0b, 0x4b, 0x01, 0x05, 0x00, 0x02,
    0x09, 0x0f, 0x0f, 0x0e, 0x1f, 0x9f, 0x3f, 0x0f, 0x07, 0x03, 0x1b, 0x0f, 0x0d, 0x0c, 0x0c, 0x0c,
    0x0e, 0x0e, 0x0e, 0x0e, 0x16, 0x16, 0x06, 0x04, 0x06, 0x06, 0x06, 0x06, 0x06, 0x02, 0x00, 0x00,
    0x06, 0x06, 0x46, 0x06, 0x06, 0x06, 0x06, 0x0e, 0x06, 0x0e, 0x1c, 0x3c, 0x3c, 0x02, 0x9f, 0x3f,
    0x39, 0x03, 0x07, 0x7d, 0x5e, 0x1a, 0x03, 0x02, 0x02, 0x05, 0x8c, 0x58, 0x32, 0x38, 0x10, 0x09,
    0x02, 0x0a, 0x00, 0x04, 0x08, 0x49, 0x52, 0x40, 0x44, 0x44, 0x4a, 0x70, 0x44, 0x44, 0x48, 0x40,
    0x45, 0x45, 0x48, 0x00, 0x04, 0x35, 0x20, 0x20, 0x01, 0x05, 0x22, 0x30, 0x10, 0x11, 0x10, 0x10,
    0x28, 0xc0, 0x04, 0x00, 0x00, 0x00, 0x00, 0x00, 0x00, 0x00, 0x00, 0x00, 0x00, 0x00, 0x00, 0x00
  },
  // Frame 75
  {
    0x00, 0x00, 0x00, 0x00, 0x00, 0x00, 0x00, 0x00, 0x00, 0x00, 0x00, 0x00, 0x00, 0x00, 0x00, 0x00,
    0x00, 0x00, 0x40, 0x40, 0x00, 0x60, 0x20, 0x30, 0x70, 0x20, 0x18, 0x00, 0x20, 0x14, 0x10, 0x10,
    0x10, 0x11, 0x0a, 0x11, 0x12, 0x02, 0x01, 0x05, 0x01, 0x0b, 0x00, 0x07, 0x07, 0x0b, 0x85, 0xc7,
    0xcb, 0xcb, 0x03, 0xc6, 0xc2, 0xc6, 0xc0, 0x85, 0x07, 0x00, 0x05, 0x01, 0x05, 0x04, 0x01, 0x04,
    0x05, 0x01, 0x06, 0x02, 0x00, 0x06, 0x02, 0x00, 0x00, 0x00, 0x10, 0x00, 0x00, 0x00, 0x00, 0x10,
    0x00, 0x08, 0x00, 0x00, 0x10, 0x10, 0x20, 0x40, 0x00, 0x00, 0x00, 0x00, 0x00, 0x00, 0x00, 0x00,
    0x00, 0x00, 0x00, 0x00, 0x18, 0x00, 0x00, 0x00, 0x10, 0x00, 0x10, 0x00, 0x10, 0x10, 0x00, 0x10,
    0x00, 0x10, 0x10, 0x00, 0x00, 0x00, 0x10, 0x00, 0x00, 0x18, 0x00, 0x18, 0x00, 0x00, 0x00, 0x00,
    0x00, 0x00, 0x00, 0x00, 0x00, 0x00, 0x00, 0x00, 0x00, 0x08, 0x02, 0x00, 0x00, 0x00, 0x00, 0x00,
    0x00, 0x00, 0x00, 0x00, 0x00, 0x00, 0x00, 0x00, 0x00, 0x00, 0x00, 0x00, 0x00, 0x00, 0x00, 0x00,
    0x00, 0x00, 0x00, 0x00, 0x00, 0x08, 0x64, 0xa0, 0xc0, 0xd0, 0xd4, 0xd4, 0xf5, 0x75, 0xb5, 0x0b,
    0x0b, 0xff, 0xfb, 0xf9, 0xf2, 0xe2, 0x62, 0xd2, 0xd2, 0xd2, 0xf4, 0x40, 0x30, 0x00, 0x00, 0x00,
    0x00, 0xe0, 0x40, 0x80, 0x40, 0x40, 0x20, 0x41, 0x00, 0x00, 0x80, 0x00, 0x00, 0x00, 0x00, 0x00,
    0x00, 0x00, 0x00, 0x00, 0x00, 0x00, 0x00, 0x00, 0x00, 0x00, 0x00, 0x00, 0x00, 0x00, 0x00, 0x00,
    0x00, 0x00, 0x00, 0x00, 0x00, 0x00, 0x00, 0x00, 0x00, 0x00, 0x00, 0x00, 0x00, 0x00, 0x00, 0x00,
    0x00, 0x00, 0x00, 0x00, 0x00, 0x00, 0x00, 0x00, 0x00, 0x00, 0x00, 0x00, 0x00, 0x00, 0x00, 0x00,
    0x00, 0x00, 0x00, 0x00, 0x00, 0x00, 0x00, 0x00, 0x00, 0x00, 0x00, 0x00, 0x00, 0x00, 0x00, 0x00,
    0x00, 0x00, 0x00, 0x00, 0x00, 0x00, 0x00, 0x00, 0x00, 0x00, 0x00, 0x00, 0x00, 0x00, 0x00, 0x00,
    0x00, 0x00, 0x00, 0x00, 0x00, 0x00, 0x00, 0x00, 0x00, 0x01, 0x03, 0x01, 0x00, 0x40, 0x40, 0x00,
    0x10, 0x40, 0xe2, 0xe1, 0xf0, 0xe0, 0x71, 0x20, 0x10, 0x03, 0x03, 0x00, 0x00, 0x00, 0x00, 0x00,
    0x00, 0x02, 0x00, 0x00, 0x00, 0x01, 0x01, 0x00, 0x00, 0x00, 0x00, 0x00, 0x00, 0x00, 0x00, 0x00,
    0x00, 0x00, 0x00, 0x00, 0x00, 0x00, 0x00, 0x00, 0x00, 0x00, 0x00, 0x00, 0x00, 0x00, 0x00, 0x00,
    0x00, 0x00, 0x00, 0x00, 0x00, 0x00, 0x00, 0x00, 0x00, 0x00, 0x00, 0x00, 0x00, 0x00, 0x00, 0x00,
    0x00, 0x00, 0x00, 0x00, 0x00, 0x00, 0x00, 0x00, 0x00, 0x00, 0x00, 0x00, 0x00, 0x00, 0x00, 0x00,
    0x00, 0x00, 0x00, 0x00, 0x00, 0x00, 0x00, 0x00, 0x00, 0x00, 0x00, 0x00, 0x80, 0x80, 0x00, 0x00,
    0x40, 0xc0, 0x90, 0xc0, 0x00, 0x00, 0x00, 0x00, 0x00, 0x80, 0x00, 0x00, 0x00, 0x00, 0x00, 0x00,
    0x00, 0x00, 0x00, 0x00, 0x00, 0x00, 0x00, 0x00, 0x14, 0x28, 0x00, 0x30, 0x20, 0x70, 0xb0, 0x18,
    0xfc, 0x9c, 0x2c, 0x06, 0x00, 0x00, 0x58, 0xf1, 0xc3, 0x0b, 0x1a, 0x1c, 0x08, 0x80, 0xe8, 0xd8,
    0x20, 0x70, 0xc0, 0x00, 0x40, 0x20, 0xc0, 0x00, 0x00, 0x80, 0x00, 0x00, 0x00, 0x00, 0x00, 0x00,
    0x00, 0x00, 0x00, 0x00, 0x00, 0x00, 0x00, 0x00, 0x00, 0x00, 0x00, 0x00, 0x00, 0x00, 0x00, 0x00,
    0x00, 0x00, 0x00, 0x00, 0x00, 0x00, 0x00, 0x00, 0x00, 0x00, 0x00, 0x00, 0x00, 0x00, 0x00, 0x00,
    0x00, 0x00, 0x00, 0x00, 0x00, 0x00, 0x00, 0x00, 0x00, 0x00, 0x00, 0x00, 0x00, 0x00, 0x00, 0x00,
    0x00, 0x00, 0x00, 0x00, 0xe0, 0xe0, 0xe0, 0xc0, 0x84, 0x0c, 0x0c, 0x7c, 0xf8, 0xf9, 0xfe, 0xfd,
    0xff, 0xef, 0xff, 0xff, 0xff, 0xfe, 0x00, 0x00, 0x00, 0x03, 0x16, 0x58, 0x70, 0xc0, 0x80, 0x00,
    0x00, 0x00, 0x00, 0x40, 0x80, 0x80, 0x80, 0x82, 0x82, 0x04, 0x0c, 0x10, 0x70, 0x40, 0x90, 0x80,
    0x81, 0x14, 0xe0, 0xf0, 0xfd, 0xf9, 0x77, 0x2e, 0x07, 0x00, 0xe0, 0xfc, 0x7c, 0xff, 0x00, 0xff,
    0x7e, 0xfc, 0xf0, 0xc3, 0x04, 0x3b, 0xe7, 0x5c, 0x70, 0x80, 0x01, 0x06, 0x42, 0x00, 0xfc, 0xc0,
    0x04, 0xf8, 0xe0, 0x20, 0xc0, 0x00, 0x00, 0x00, 0x00, 0x00, 0x00, 0x00, 0x00, 0x00, 0x00, 0x00,
    0x00, 0x00, 0x00, 0x00, 0x00, 0x00, 0x00, 0x00, 0x00, 0x00, 0x00, 0x00, 0x00, 0x00, 0x00, 0x00,
    0x00, 0x00, 0x00, 0x00, 0x00, 0x00, 0x00, 0x00, 0x00, 0x00, 0x00, 0x00, 0x00, 0x00, 0x00, 0x00,
    0xc0, 0x80, 0x98, 0x78, 0xf2, 0xf5, 0xff, 0xff, 0xff, 0xee, 0xfc, 0x70, 0xc0, 0x03, 0x0d, 0x3b,
    0xef, 0x07, 0x01, 0x3f, 0x7f, 0x3f, 0x00, 0x00, 0x00, 0x00, 0x00, 0x00, 0x01, 0x00, 0x03, 0x06,
    0x08, 0x10, 0x00, 0x00, 0x02, 0x01, 0x01, 0x05, 0x0d, 0x19, 0x01, 0x02, 0x00, 0x00, 0x01, 0x03,
    0x07, 0x4e, 0x16, 0x2c, 0x19, 0x0b, 0x81, 0xe0, 0xfc, 0xdf, 0xff, 0xff, 0x1f, 0x33, 0xf0, 0xff,
    0x46, 0xc0, 0xff, 0xff, 0xff, 0xfc, 0xf1, 0x80, 0x00, 0x05, 0xee, 0x00, 0x00, 0xc0, 0x69, 0x17,
    0x1b, 0x8f, 0xc7, 0xe0, 0xf8, 0xff, 0xe0, 0x80, 0x00, 0x00, 0x00, 0x00, 0x00, 0x00, 0x00, 0x00,
    0x00, 0x00, 0x00, 0x00, 0x00, 0x00, 0x00, 0x00, 0x00, 0x00, 0x00, 0x00, 0x00, 0x00, 0x00, 0x00,
    0x00, 0x00, 0x00, 0x00, 0x00, 0x00, 0x00, 0x00, 0x00, 0x00, 0x00, 0x00, 0x00, 0x00, 0x00, 0x00,
    0x63, 0x63, 0x6b, 0x2b, 0x2e, 0xae, 0x97, 0x15, 0xd7, 0xcb, 0x6f, 0x57, 0x6e, 0xfd, 0xb0, 0xd0,
    0x81, 0x80, 0x80, 0x00, 0x80, 0x80, 0x00, 0x00, 0x00, 0x00, 0x00, 0x00, 0x00, 0x00, 0x00, 0x00,
    0x00, 0x00, 0x00, 0x00, 0x00, 0x00, 0x00, 0x00, 0x00, 0x00, 0x00, 0x00, 0x00, 0x00, 0x00, 0x00,
    0x00, 0x00, 0x00, 0xc0, 0xf0, 0xfc, 0xff, 0xff, 0xff, 0xff, 0xff, 0x0f, 0xc0, 0xff, 0x1f, 0x6f,
    0x7f, 0xff, 0xff, 0xbf, 0x7f, 0x3f, 0xff, 0xff, 0x70, 0xfc, 0x01, 0x00, 0x00, 0x00, 0x00, 0x29,
    0x5a, 0x50, 0x15, 0x34, 0x39, 0x3a, 0x3b, 0x18, 0x18, 0x10, 0x00, 0x20, 0x00, 0x40, 0x00, 0x00,
    0x3c, 0x18, 0x3c, 0x3c, 0x3c, 0x3c, 0x38, 0x18, 0x00, 0x00, 0x00, 0x00, 0x80, 0x00, 0x00, 0x00,
    0x00, 0x00, 0x00, 0x00, 0x00, 0x00, 0x00, 0x00, 0x00, 0x00, 0x00, 0x00, 0x00, 0x00, 0x00, 0x00,
    0x8e, 0x8a, 0x8d, 0x0d, 0x44, 0x46, 0x46, 0x05, 0x03, 0x23, 0x13, 0x93, 0x0b, 0x49, 0x05, 0x21,
    0x12, 0x02, 0x0b, 0x0d, 0x0f, 0x0f, 0x0f, 0xcf, 0x0f, 0x0f, 0x0f, 0x03, 0x09, 0x0d, 0x0c, 0x0c,
    0x0c, 0x0c, 0x0c, 0x0c, 0x0d, 0x0d, 0x0f, 0x1f, 0x07, 0x05, 0x02, 0x03, 0x03, 0x03, 0x07, 0x03,
    0x01, 0x03, 0x02, 0x06, 0x46, 0x46, 0x66, 0x06, 0x06, 0x06, 0x0e, 0x00, 0x1c, 0xbc, 0x3c, 0x0c,
    0x9b, 0xbf, 0x3f, 0x23, 0x07, 0x8f, 0x7d, 0x1a, 0x12, 0x03, 0x82, 0x44, 0x0c, 0x08, 0x38, 0x3a,
    0x10, 0x00, 0x00, 0x00, 0x00, 0x01, 0x03, 0x08, 0x00, 0x00, 0x54, 0x00, 0x02, 0x00, 0x90, 0x84,
    0x00, 0x80, 0x10, 0x02, 0x60, 0x40, 0x40, 0x40, 0x40, 0x28, 0x21, 0x46, 0x42, 0x02, 0x20, 0x30,
    0x00, 0x60, 0x14, 0x06, 0x00, 0x00, 0x00, 0x00, 0x00, 0x00, 0x00, 0x00, 0x00, 0x00, 0x00, 0x00
  }
};

#endif // _CHINESE_SPORT_GIF_H_
